k,t,target_x,target_y,target_vx,target_vy,target_speed,axis_x,axis_y,axis_vx,axis_vy,axis_a,galvo_x,galvo_y,galvo_vx,galvo_vy,galvo_speed,synth_x,synth_y,synth_vx,synth_vy,error_x,error_y,error_vx,error_vy,galvo_in_square,galvo_speed_ok,axis_ok,laser_enable
0,0.0,0.5495984316371538,0.08239936140349434,95.87840881130212,12.119235324514527,96.64132211967166,0.5495984316371538,0.0,95.87840881130212,0.0,-299.7611406670011,0.0,0.08239936140349434,0.0,12.119235324514527,12.119235324514527,0.5495984316371538,0.08239936140349434,95.87840881130212,12.119235324514527,0.0,0.0,0.0,0.0,1,1,1,0
1,0.001,0.6452623980071155,0.09466622524533864,95.41695390836654,12.380642719206072,96.2168145767255,0.6453269598781225,0.0,95.57864767063512,0.0,-304.0367126135556,-6.456187100700728e-05,0.09466622524533864,-0.1616937622685839,12.380642719206072,12.381698551224178,0.6452623980071155,0.09466622524533864,95.41695390836654,12.380642719206072,0.0,0.0,0.0,0.0,1,1,1,0
2,0.002,0.7403714127552902,0.10709035587328855,94.77300481145174,12.431405154703965,95.58484333361568,0.7407535891924509,0.0,95.27461095802157,0.0,-308.44257773208693,-0.0003821764371607639,0.10709035587328855,-0.5016061465698272,12.431405154703965,12.441520921763422,0.7403714127552902,0.10709035587328855,94.77300481145174,12.431405154703965,0.0,0.0,0.0,0.0,1,1,1,0
3,0.003,0.8347578388660465,0.11945519775361586,93.97758515382787,12.260907451503119,94.77402789203008,0.8358739788616065,0.0,94.96616838028949,0.0,-312.8698551001813,-0.0011161399955600393,0.11945519775361586,-0.9885832264616141,12.260907451503119,12.300697066831862,0.8347578388660465,0.11945519775361586,93.97758515382787,12.260907451503119,0.0,0.0,0.0,0.0,1,1,1,0
4,0.004,0.9282887166823874,0.13153731030182736,93.06873695344227,11.866097023128038,93.82214054620219,0.9306837123143459,0.0,94.65329852518931,0.0,-317.21099277310884,-0.002394995631958441,0.13153731030182736,-1.5845615717470452,11.866097023128038,11.97142823296141,0.9282887166823874,0.13153731030182736,93.06873695344227,11.866097023128038,0.0,0.0,0.0,0.0,1,1,1,0
5,0.005,1.0208718444554128,0.14311418609967333,92.08957727927569,11.251942523770118,92.7744385810764,1.0251784053431487,0.0,94.3360875324162,0.0,-321.3649404525563,-0.004306560887735955,0.14311418609967333,-2.2465102531405137,11.251942523770118,11.474014941409642,1.0208718444554128,0.14311418609967333,92.08957727927569,11.251942523770118,0.0,0.0,0.0,0.0,1,1,1,0
6,0.006,1.1124597287334244,0.15397236452634389,91.08599825873327,10.43156104881798,91.68138603176317,1.1193538104053387,0.0,94.01472259196365,0.0,-325.2420524706927,-0.006894081671914298,0.15397236452634389,-2.9287243332303774,10.43156104881798,10.834892345347608,1.1124597287334244,0.15397236452634389,91.08599825873327,10.43156104881798,0.0,0.0,0.0,0.0,1,1,1,0
7,0.007,1.2030511028337831,0.16391549677540435,90.1041239786882,9.425991146032217,90.59581925813073,1.213205911971067,0.0,93.68948053949295,0.0,-328.7684324302032,-0.010154809137283838,0.16391549677540435,-3.5853565608047546,9.425991146032217,10.084844607289863,1.2030511028337831,0.16391549677540435,90.1041239786882,9.425991146032217,0.0,0.0,0.0,0.0,1,1,1,0
8,0.008,1.2926898355143732,0.17277200302351542,89.18765750371709,8.263604223064362,89.569667889056,1.3067310082943449,0.0,93.36071210706274,0.0,-331.88945037368103,-0.014041172779971633,0.17277200302351542,-4.173054603345648,8.263604223064362,9.257512596694182,1.2926898355143732,0.17277200302351542,89.18765750371709,8.263604223064362,0.0,0.0,0.0,0.0,1,1,1,0
9,0.009000000000000001,1.3814611923703768,0.18040196329299235,88.37526442215017,6.979163459163669,88.6504150259585,1.3999257756762207,0.0,93.02882265668906,0.0,-334.572199409745,-0.018464583305843885,0.18040196329299235,-4.653558234538892,6.979163459163669,8.38834470154691,1.3814611923703768,0.18040196329299235,88.37526442215017,6.979163459163669,0.0,0.0,0.0,0.0,1,1,1,0
10,0.01,1.469485562357832,0.18670290114894778,87.69814492004838,5.612556325947854,87.87755919988757,1.492787312233205,0.0,92.69425045727931,0.0,-336.806710068562,-0.023301749875372924,0.18670290114894778,-4.996105537230932,5.612556325947854,7.514110662685695,1.469485562357832,0.18670290114894778,87.69814492004838,5.612556325947854,0.0,0.0,0.0,0.0,1,1,1,0
11,0.011,1.5569099131835693,0.19161415388041098,87.1779436281247,4.207243510881111,87.27940623760188,1.5853131593354501,0.0,92.35744374721075,0.0,-338.60580511249987,-0.028403246151880834,0.19161415388041098,-5.1795001190860575,4.207243510881111,6.67293934061023,1.5569099131835693,0.19161415388041098,87.1779436281247,4.207243510881111,0.0,0.0,0.0,0.0,1,1,1,0
12,0.012,1.6438973835606678,0.19511957351955964,86.82513507031832,2.8084826044276823,86.87054537942302,1.6775013001801047,0.0,92.01883794209826,0.0,-340.0035520253989,-0.03360391661943685,0.19511957351955964,-5.193702871779934,2.8084826044276823,5.904415640832548,1.6438973835606678,0.19511957351955964,86.82513507031832,2.8084826044276823,0.0,0.0,0.0,0.0,1,1,1,0
13,0.013000000000000001,1.7306155488860915,0.19724836842741192,86.63800262188734,1.4613985517718193,86.65032708557584,1.7693501363461903,0.0,91.67883439007286,0.0,-341.052351133654,-0.038734587460098835,0.19724836842741192,-5.040831768185527,1.4613985517718193,5.24839695928854,1.7306155488860915,0.19724836842741192,86.63800262188734,1.4613985517718193,0.0,0.0,0.0,0.0,1,1,1,0
14,0.014,1.8172240015313301,0.1980739729052533,86.60230110809992,0.2089838228327956,86.60255326176134,1.8608584445606964,0.0,91.33778203893921,0.0,-341.8187798920736,-0.043634443029366254,0.1980739729052533,-4.735480930839287,0.2089838228327956,4.740090071353954,1.8172240015313301,0.1980739729052533,86.60230110809992,0.2089838228327956,0.0,0.0,0.0,0.0,1,1,1,0
15,0.015,1.9038619603186513,0.19771091934577936,86.69165867422248,-0.9098811542181631,86.6964334180057,1.9520253172096895,0.0,90.99596325904713,0.0,-342.37839357051985,-0.048163356891038234,0.19771091934577936,-4.304304584824649,-0.9098811542181631,4.399422879622266,1.9038619603186513,0.19771091934577936,86.69165867422248,-0.9098811542181631,0.0,0.0,0.0,0.0,1,1,1,0
16,0.016,1.9906366599163432,0.1963097801675896,86.86873391352286,-1.8622930721798463,86.88869355229785,2.0428500912719514,0.0,90.65358486547662,0.0,-342.8097545887273,-0.052213431355608186,0.1963097801675896,-3.784850951953757,-1.8622930721798463,4.218202486272359,1.9906366599163432,0.1963097801675896,86.86873391352286,-1.8622930721798463,0.0,0.0,0.0,0.0,1,1,1,0
17,0.017,2.077613265635854,0.19405034105641256,87.08710141650874,-2.6229827426620584,87.12659336619092,2.1333322712601337,0.0,90.31077511088789,0.0,-343.18802243998203,-0.05571900562427956,0.19405034105641256,-3.223673694379144,-2.6229827426620584,4.155972877213596,2.077613265635854,0.19405034105641256,87.08710141650874,-2.6229827426620584,0.0,0.0,0.0,0.0,1,1,1,0
18,0.018000000000000002,2.1648070103817556,0.19113325843626938,87.29379516064895,-3.175675567187657,87.35154027753244,2.2234714523598016,0.0,89.9675870884479,0.0,-343.57847936235834,-0.05866444197804599,0.19113325843626938,-2.673791927798945,-3.175675567187657,4.151394775397233,2.1648070103817556,0.19113325843626938,87.29379516064895,-3.175675567187657,0.0,0.0,0.0,0.0,1,1,1,0
19,0.019,2.2521781585827867,0.1877705380739437,87.4323969383382,-3.5140767098669388,87.50298720332901,2.3132672502085683,0.0,89.62400860908554,0.0,-344.03039024058194,-0.06108909162578158,0.1877705380739437,-2.191611670747335,-3.5140767098669388,4.141484859103698,2.2521781585827867,0.1877705380739437,87.4323969383382,-3.5140767098669388,0.0,0.0,0.0,0.0,1,1,1,0
20,0.02,2.339630269591792,0.1841752438430897,87.44651882071038,-3.6424161870172904,87.5223448585577,2.4027192436225335,0.0,89.27997821884496,0.0,-344.5715962135506,-0.06308897403074143,0.1841752438430897,-1.833459398134579,-3.6424161870172904,4.077838771218596,2.339630269591792,0.1841752438430897,87.44651882071038,-3.6424161870172904,0.0,0.0,0.0,0.0,1,1,1,0
21,0.021,2.4270120655263128,0.1805509018241779,87.28349689213294,-3.5755069583295827,87.3567002566377,2.491826936043272,0.0,88.9354066226314,0.0,-345.2042188601537,-0.06481487051695911,0.1805509018241779,-1.6519097304984598,-3.5755069583295827,3.9386616720376932,2.4270120655263128,0.1805509018241779,87.28349689213294,-3.5755069583295827,0.0,0.0,0.0,0.0,1,1,1,0
22,0.022,2.514123013387521,0.17708110151549541,86.89809035591699,-3.3382902126767817,86.96218884693029,2.5805897405564733,0.0,88.59020240377126,0.0,-345.90180569306636,-0.0664667271689523,0.17708110151549541,-1.6921120478542662,-3.3382902126767817,3.7426494260813623,2.514123013387521,0.17708110151549541,86.89809035591699,-3.3382902126767817,0.0,0.0,0.0,0.0,1,1,1,0
23,0.023,2.600722518121416,0.1739198101422464,86.25596743439664,-2.9648655535372033,86.30690786834067,2.669006992057398,0.0,88.2443005980782,0.0,-346.6081794454546,-0.0682844739359818,0.1739198101422464,-1.9883331636815598,-2.9648655535372033,3.56985945386473,2.600722518121416,0.1739198101422464,86.25596743439664,-2.9648655535372033,0.0,0.0,0.0,0.0,1,1,1,0
24,0.024,2.686542403245374,0.17118290595975205,85.33675860663004,-2.497028704495202,85.37328341956469,2.757077988565753,0.0,87.89769241863274,0.0,-347.23816610462836,-0.07053558532037885,0.17118290595975205,-2.560933812002702,-2.497028704495202,3.576805046480962,2.686542403245374,0.17118290595975205,85.33675860663004,-2.497028704495202,0.0,0.0,0.0,0.0,1,1,1,0
25,0.025,2.7713021409797642,0.16894140120310952,84.13646939239618,-1.9823645494252897,84.15981969458132,2.8448020619013334,0.0,87.55045425252811,0.0,-347.68027393212014,-0.0734999209215692,0.16894140120310952,-3.413984860131933,-1.9823645494252897,3.947792019854666,2.7713021409797642,0.16894140120310952,84.13646939239618,-1.9823645494252897,0.0,0.0,0.0,0.0,1,1,1,0
26,0.026000000000000002,2.854726097140747,0.16721676525798085,82.6690691796846,-1.4719675916138604,82.68217273164899,2.9321786760168957,0.0,87.20277397859599,0.0,-347.80128303023025,-0.07745257887614887,0.16721676525798085,-4.533704798911387,-1.4719675916138604,4.766672612466022,2.854726097140747,0.16721676525798085,82.6690691796846,-1.4719675916138604,0.0,0.0,0.0,0.0,1,1,1,0
27,0.027,2.936561889732065,0.16597867525416396,80.96710886839936,-1.0178840334195387,80.9735068180496,3.0192075493539767,0.0,86.85497269556575,0.0,-347.4525884596902,-0.08264565962191162,0.16597867525416396,-5.887863827166385,-1.0178840334195387,5.97520111399983,2.936561889732065,0.16597867525416396,80.96710886839936,-1.0178840334195387,0.0,0.0,0.0,0.0,1,1,1,0
28,0.028,3.016598835588809,0.16514541737008206,79.08126700973426,-0.670388448516035,79.08410847026593,3.1058887957553125,0.0,86.50752010710606,0.0,-346.4780261299986,-0.08928996016650359,0.16514541737008206,-7.426253097371799,-0.670388448516035,7.4564506125989976,3.016598835588809,0.16514541737008206,79.08126700973426,-0.670388448516035,0.0,0.0,0.0,0.0,1,1,1,0
29,0.029,3.0946853862401777,0.16458704159032908,77.07877961788446,-0.47522234055140533,77.08024457443918,3.1922230768493534,0.0,86.16104208097606,0.0,-344.7228065192817,-0.09753769060917561,0.16458704159032908,-9.082262463091595,-0.47522234055140533,9.094686785230252,3.0946853862401777,0.16458704159032908,77.07877961788446,-0.47522234055140533,0.0,0.0,0.0,0.0,1,1,1,0
30,0.03,3.1707444396832734,0.16413124041866758,75.04077026849706,-0.4709308049703873,75.04224795615082,3.2782117575270697,0.0,85.81631927445677,0.0,-342.0430933856161,-0.10746731784379637,0.16413124041866758,-10.775549005959718,-0.4709308049703873,10.785834793974434,3.1707444396832734,0.16413124041866758,75.04077026849706,-0.4709308049703873,0.0,0.0,0.0,0.0,1,1,1,0
31,0.031,3.2447854633996775,0.16357178390555432,73.05856133219456,-0.6864362908735933,73.06178603559772,3.363857055254834,0.0,85.47427618107116,0.0,-338.31569906023356,-0.11907159185515637,0.16357178390555432,-12.415714848876604,-0.6864362908735933,12.434676111183729,3.2447854633996775,0.16357178390555432,73.05856133219456,-0.6864362908735933,0.0,0.0,0.0,0.0,1,1,1,0
32,0.032,3.316912476774462,0.1626792057128975,71.22911073260299,-1.138984607573934,71.2382165813667,3.449162173586375,0.0,85.13596048201093,0.0,-333.4473297313114,-0.1322496968119129,0.1626792057128975,-13.90684974940794,-1.138984607573934,13.953413771865938,3.316912476774462,0.1626792057128975,71.22911073260299,-1.138984607573934,0.0,0.0,0.0,0.0,1,1,1,0
33,0.033,3.3873271155784126,0.16121330456569208,69.64977781094538,-1.8325876393205611,69.67388267184376,3.5341314104035204,0.0,84.80251315227962,0.0,-327.3828070620617,-0.14680429482510782,0.16121330456569208,-15.152735341334235,-1.8325876393205611,15.263150584997517,3.3873271155784126,0.16121330456569208,69.64977781094538,-1.8325876393205611,0.0,0.0,0.0,0.0,1,1,1,0
34,0.034,3.456326231177017,0.158936909125356,68.4126730992288,-2.7570698444299895,68.46820630562048,3.618770232152269,0.0,84.47513034521755,0.0,-320.1117186338946,-0.16244400097525213,0.158936909125356,-16.062457245988753,-2.7570698444299895,16.29736073437297,3.456326231177017,0.158936909125356,68.4126730992288,-2.7570698444299895,0.0,0.0,0.0,0.0,1,1,1,0
35,0.035,3.5242937529402525,0.1556302585692098,67.59888666647105,-3.8878019770695555,67.71059357854797,3.7030853066381697,0.0,84.15501862658365,0.0,-311.67300931741863,-0.17879155369791722,0.1556302585692098,-16.55613196011261,-3.8878019770695555,17.00648434255499,3.5242937529402525,0.1556302585692098,67.59888666647105,-3.8878019770695555,0.0,0.0,0.0,0.0,1,1,1,0
36,0.036000000000000004,3.5916868510729167,0.15110528185982025,67.27291526819295,-5.186176366212207,67.47252443760294,3.7870844887600947,0.0,83.84334561726624,0.0,-302.15711704820876,-0.195397637687178,0.15110528185982025,-16.57043034907329,-5.186176366212207,17.36305235996676,3.5916868510729167,0.15110528185982025,67.27291526819295,-5.186176366212207,0.0,0.0,0.0,0.0,1,1,1,0
37,0.037,3.6590167632587396,0.14521902077924578,67.47761749845553,-6.600844612919086,67.79970510903256,3.870776755818837,0.0,83.54118850021803,0.0,-291.7053759595093,-0.21175999256009748,0.14521902077924578,-16.063571001762497,-6.600844612919086,17.36690712051423,3.6590167632587396,0.14521902077924578,67.47761749845553,-6.600844612919086,0.0,0.0,0.0,0.0,1,1,1,0
38,0.038,3.7268249746962114,0.13788543899123848,68.23001702315374,-8.069702096388946,68.7055697516898,3.9541720916310754,0.0,83.24948312425852,0.0,-280.50655189413703,-0.22734711693486398,0.13788543899123848,-15.019466101104783,-8.069702096388946,17.05005729863392,3.7268249746962114,0.13788543899123848,68.23001702315374,-8.069702096388946,0.0,0.0,0.0,0.0,1,1,1,0
39,0.039,3.795655748850892,0.12908489389377484,69.51824620946812,-9.522565809298815,70.16741277567996,4.037281321479387,0.0,82.96897657236438,0.0,-268.79053286073565,-0.24162557262849527,0.12908489389377484,-13.450730362896266,-9.522565809298815,16.480333943454127,3.795655748850892,0.12908489389377484,69.51824620946812,-9.522565809298815,0.0,0.0,0.0,0.0,1,1,1,0
40,0.04,3.866026277063033,0.11887062036467987,71.29987653132335,-10.884454533656122,72.12588816699022,4.120115902785321,0.0,82.70018603950365,0.0,-256.8193616146055,-0.2540896257222882,0.11887062036467987,-11.4003095081803,-10.884454533656122,15.761929050009503,3.866026277063033,0.11887062036467987,71.29987653132335,-10.884454533656122,0.0,0.0,0.0,0.0,1,1,1,0
41,0.041,3.938395931536538,0.10737168440489639,73.50181955500511,-12.079345065290156,74.48777117824697,4.2026876791440175,0.0,82.44336667788905,0.0,-244.8759599828124,-0.26429174760747953,0.10737168440489639,-8.941547122883932,-12.079345065290156,15.028700614394564,3.938395931536538,0.10737168440489639,73.50181955500511,-12.079345065290156,0.0,0.0,0.0,0.0,1,1,1,0
42,0.042,4.013136252753488,0.09479200701388459,76.02190565656673,-13.034246945140993,77.13119818259567,4.285008607841916,0.0,82.19849071790624,0.0,-233.25104522634336,-0.2718723550884281,0.09479200701388459,-6.176585061339509,-13.034246945140993,14.423654060149934,4.013136252753488,0.09479200701388459,76.02190565656673,-13.034246945140993,0.0,0.0,0.0,0.0,1,1,1,0
43,0.043000000000000003,4.090503366612715,0.08140522944613274,78.73216040461685,-13.683412717344737,79.91238242958039,4.367090473037209,0.0,81.9652396726799,0.0,-222.2288682557362,-0.27658710642449336,0.08140522944613274,-3.233079268063051,-13.683412717344737,14.06017728006197,4.090503366612715,0.08140522944613274,78.73216040461685,-13.683412717344737,0.0,0.0,0.0,0.0,1,1,1,0
44,0.044,4.170614500113238,0.06754538367637816,81.48370507258421,-13.972482687707531,82.67299719263947,4.448944598275761,0.0,81.74301080442416,0.0,-212.07250328231373,-0.27833009816252297,0.06754538367637816,-0.25930573183994454,-13.972482687707531,13.974888619264618,4.170614500113238,0.06754538367637816,81.48370507258421,-13.972482687707531,0.0,0.0,0.0,0.0,1,1,1,0
45,0.045,4.253430143360679,0.053593538369562425,84.11311294151766,-13.862353815518084,85.24776021702338,4.530581572828544,0.0,81.53093830114184,0.0,-203.00948121015867,-0.27715142946786564,0.053593538369562425,2.5821746403758112,-13.862353815518084,14.100797111511417,4.253430143360679,0.053593538369562425,84.11311294151766,-13.862353815518084,0.0,0.0,0.0,0.0,1,1,1,0
46,0.046,4.338743191353117,0.039960801687797434,86.44996219474501,-13.332562705462463,87.47201376307699,4.612011006389081,0.0,81.32792881993169,0.0,-195.2185792913768,-0.27326781503596376,0.039960801687797434,5.122033374813327,-13.332562705462463,14.282592698379036,4.338743191353117,0.039960801687797434,86.44996219474501,-13.332562705462463,0.0,0.0,0.0,0.0,1,1,1,0
47,0.047,4.426176098029436,0.02706826788147981,88.32524464546736,-12.383983230742745,89.18919151074854,4.6932413259193675,0.0,81.13271024064031,0.0,-188.81855405191226,-0.2670652278899315,0.02706826788147981,7.192534404827057,-12.383983230742745,14.321158885507081,4.426176098029436,0.02706826788147981,88.32524464546736,-12.383983230742745,0.0,0.0,0.0,0.0,1,1,1,0
48,0.048,4.515186699336173,0.0153246844881692,89.58022241277212,-11.0406602056245,90.25803246967985,4.774279626882982,0.0,80.9438916865884,0.0,-183.85953255682307,-0.259092927546809,0.0153246844881692,8.636330726183715,-11.0406602056245,14.017217490931834,4.515186699336173,0.0153246844881692,89.58022241277212,-11.0406602056245,0.0,0.0,0.0,0.0,1,1,1,0
49,0.049,4.605082928383937,0.0051027809377481295,90.07527657965957,-9.350631332335828,90.55931623646144,4.8551315888032915,0.0,80.76003215403158,0.0,-180.31766073244077,-0.25004866041935436,0.0051027809377481295,9.315244425627995,-9.350631332335828,13.1987910439727,4.605082928383937,0.0051027809377481295,90.07527657965957,-9.350631332335828,0.0,0.0,0.0,0.0,1,1,1,0
50,0.05,4.695046175139997,-0.003284672071678034,89.69826661871775,-7.385629465431729,90.00181418728863,4.935801462126957,0.0,80.57971449329914,0.0,-178.0934514183504,-0.24075528698695958,-0.003284672071678034,9.118552125418617,-7.385629465431729,11.734373245496743,4.695046175139997,-0.003284672071678034,89.69826661871775,-7.385629465431729,0.0,0.0,0.0,0.0,1,1,1,0
51,0.051000000000000004,4.784162559828022,-0.00960791825760485,88.37191966563726,-5.23960466806928,88.52711247108142,5.016292129894547,0.0,80.40162104188079,0.0,-177.0140863625356,-0.23212957006652424,-0.00960791825760485,7.970298623756477,-5.23960466806928,9.538297396784595,4.784162559828022,-0.00960791825760485,88.37191966563726,-5.23960466806928,0.0,0.0,0.0,0.0,1,1,1,0
52,0.052000000000000005,4.871460919642663,-0.013741198006729386,86.05979596867016,-3.0260587298318384,86.11298109812206,5.096605243893246,0.0,80.22460695551825,0.0,-176.83971502075923,-0.22514432425058306,-0.013741198006729386,5.835189013151904,-3.0260587298318384,6.573162272118358,4.871460919642663,-0.013741198006729386,86.05979596867016,-3.0260587298318384,0.0,0.0,0.0,0.0,1,1,1,0
53,0.053,4.955955879594009,-0.015680489547199784,82.77043100215054,-0.8742415381948029,82.77504784987363,5.176741430991254,0.0,80.04776724049749,0.0,-177.27357008009062,-0.22078555139724543,-0.015680489547199784,2.7226637616530525,-0.8742415381948029,2.8595797289329012,4.955955879594009,-0.015680489547199784,82.77043100215054,-0.8742415381948029,0.0,0.0,0.0,0.0,1,1,1,0
54,0.054,5.036694016529158,-0.015556919665783148,78.55933423088113,1.075683592272549,78.56669835235522,5.256700561446712,0.0,79.8704936704174,0.0,-177.97549758953645,-0.22000654491755345,-0.015556919665783148,-1.3111594395362687,1.075683592272549,1.6959464220810272,5.036694016529158,-0.015556919665783148,78.55933423088113,1.075683592272549,0.0,0.0,0.0,0.0,1,1,1,0
55,0.055,5.112800854547674,-0.013644889946734157,73.52862624698182,2.678342560198518,73.57739052615356,5.336482067368334,0.0,79.69251817282786,0.0,-178.57829143901674,-0.22368121282065978,-0.013644889946734157,-6.163891925846045,2.678342560198518,6.720645991516054,5.112800854547674,-0.013644889946734157,73.52862624698182,2.678342560198518,0.0,0.0,0.0,0.0,1,1,1,0
56,0.056,5.1835262702139016,-0.010364153786964389,67.82421543082629,3.7895065954730436,67.9299974903891,5.416085296395442,0.0,79.51393988138885,0.0,-178.7060404171818,-0.23255902618154067,-0.010364153786964389,-11.689724450562565,3.7895065954730436,12.288613345988797,5.1835262702139016,-0.010364153786964389,67.82421543082629,3.7895065954730436,0.0,0.0,0.0,0.0,1,1,1,0
57,0.057,5.2482858520622075,-0.006275316713116364,61.63054661229969,4.272843241700534,61.77848707356786,5.495509883256623,0.0,79.33523384097167,0.0,-177.99355290689235,-0.24722403119441516,-0.006275316713116364,-17.70468722867198,4.272843241700534,18.212993692231013,5.2482858520622075,-0.006275316713116364,61.63054661229969,4.272843241700534,0.0,0.0,0.0,0.0,1,1,1,0
58,0.058,5.306695859456404,-0.0020685091952733726,55.16309062829254,4.006769316816261,55.3084149838286,5.574756120321141,0.0,79.15724028806477,0.0,-176.1058293799091,-0.2680602608647371,-0.0020685091952733726,-23.994149659772233,4.006769316816261,24.32639344937363,5.306695859456404,-0.0020685091952733726,55.16309062829254,4.006769316816261,0.0,0.0,0.0,0.0,1,1,1,0
59,0.059000000000000004,5.3585996623043695,0.0014547137726616949,48.658877721978214,2.8910907615294015,48.74468983339445,5.6538253076945155,0.0,78.98113445868486,0.0,-172.75651372057177,-0.29522564539014606,0.0014547137726616949,-30.32225673670665,2.8910907615294015,30.45977116457299,5.3585996623043695,0.0014547137726616949,48.658877721978214,2.8910907615294015,0.0,0.0,0.0,0.0,1,1,1,0
60,0.06,5.404083909208387,0.0034058715667985226,42.36550166865781,0.853105910852502,42.37409021244207,5.73272006389634,0.0,78.80837794496429,0.0,-167.72427553558543,-0.3286361546879535,0.0034058715667985226,-36.442876276306485,0.853105910852502,36.45286025794565,5.404083909208387,0.0034058715667985226,42.36550166865781,0.853105910852502,0.0,0.0,0.0,0.0,1,1,1,0
61,0.061,5.44348315341596,0.002839759115694138,36.529127754684765,-2.1471446308708164,36.592176822156375,5.8114445797035374,0.0,78.6406536694287,0.0,-160.86615809340398,-0.3679614262875779,0.002839759115694138,-42.111525914743936,-2.1471446308708164,42.16622872553375,5.44348315341596,0.002839759115694138,36.529127754684765,-2.1471446308708164,0.0,0.0,0.0,0.0,1,1,1,0
62,0.062,5.4773722421640185,-0.0012106528363113897,31.382119290266253,-6.112776138403174,31.971916477851817,5.890004800293919,0.0,78.4797875113353,0.0,-152.12706788067288,-0.41263255812990085,-0.0012106528363113897,-47.09766822106905,-6.112776138403174,47.49269821751685,5.4773722421640185,-0.0012106528363113897,31.382119290266253,-6.112776138403174,0.0,0.0,0.0,0.0,1,1,1,0
63,0.063,5.506546417911707,-0.009695898699306016,27.130948245768693,-11.007363021985798,29.27883866228918,5.968408524271314,0.0,78.32766044345463,0.0,-141.54477586359462,-0.46186210635960645,-0.009695898699306016,-51.19671219768594,-11.007363021985798,52.36664377779489,5.506546417911707,-0.009695898699306016,27.130948245768693,-11.007363021985798,0.0,0.0,0.0,0.0,1,1,1,0
64,0.064,5.531989756490231,-0.023509792811448122,23.945071338330486,-16.75385233860976,29.224270899060524,6.046665412326837,0.0,78.18611566759104,0.0,-129.2500379181547,-0.5146756558366059,-0.023509792811448122,-54.24104432926055,-16.75385233860976,56.769555732916814,5.531989756490231,-0.023509792811448122,23.945071338330486,-16.75385233860976,0.0,0.0,0.0,0.0,1,1,1,0
65,0.065,5.554833240653862,-0.04344898438760789,21.947430706618235,-23.23522808113533,31.961938905582507,6.124786902975468,0.0,78.05686562967288,0.0,-115.46171011890239,-0.5699536623216064,-0.04344898438760789,-56.10943492305465,-23.23522808113533,60.73009559820307,5.554833240653862,-0.04344898438760789,21.947430706618235,-23.23522808113533,0.0,0.0,0.0,0.0,1,1,1,0
66,0.066,5.576304399427815,-0.07017408282996933,21.207177470516044,-30.296991879037808,36.981780557248,6.202786037750082,0.0,77.94140391955398,0.0,-100.47701891148964,-0.6264816383222671,-0.07017408282996933,-56.73422644903793,-30.296991879037808,64.317028598103,5.576304399427815,-0.07017408282996933,21.207177470516044,-30.296991879037808,0.0,0.0,0.0,0.0,1,1,1,0
67,0.067,5.5976709959073645,-0.10417416863085212,21.735118436124388,-37.7514436462575,43.56130015057987,6.28067720316018,0.0,77.84092690064249,0.0,-84.65743038303438,-0.6830062072528156,-0.10417416863085212,-56.1058084645181,-37.7514436462575,67.62420602738155,5.5976709959073645,-0.10417416863085212,21.735118436124388,-37.7514436462575,0.0,0.0,0.0,0.0,1,1,1,0
68,0.068,5.620181683227706,-0.14573644591069573,23.482254650584622,-45.38365998103201,51.09885396707865,6.358475801345631,0.0,77.75626947025945,0.0,-68.41083003567415,-0.738294118117925,-0.14573644591069573,-54.27401481967483,-45.38365998103201,70.74846484497179,5.620181683227706,-0.14573644591069573,23.482254650584622,-45.38365998103201,0.0,0.0,0.0,0.0,1,1,1,0
69,0.069,5.6450068395085315,-0.19492264753539354,26.341621241233092,-52.95898271131376,59.14841383700676,6.436197865400873,0.0,77.68785864022378,0.0,-52.17095821141838,-0.7911910258923411,-0.19492264753539354,-51.34623739899069,-52.95898271131376,73.76374410813716,5.6450068395085315,-0.19492264753539354,26.341621241233092,-52.95898271131376,0.0,0.0,0.0,0.0,1,1,1,0
70,0.07,5.6731829136782945,-0.2515535751339826,30.15345870584793,-60.23174904101144,67.35795917680893,6.513859638561991,0.0,77.63568768201236,0.0,-36.37523156875345,-0.8406767248836964,-0.2515535751339826,-47.48222897616443,-60.23174904101144,76.69697295906985,5.6731829136782945,-0.2515535751339826,30.15345870584793,-60.23174904101144,0.0,0.0,0.0,0.0,1,1,1,0
71,0.07100000000000001,5.705563549732636,-0.31520285075211735,34.71355584150759,-66.95492244975583,75.4187814765943,6.591477138628219,0.0,77.5993124504436,0.0,-21.442205102810043,-0.8859135888955834,-0.31520285075211735,-42.88575660893601,-66.95492244975583,79.51194727947313,5.705563549732636,-0.31520285075211735,34.71355584150759,-66.95492244975583,0.0,0.0,0.0,0.0,1,1,1,0
72,0.07200000000000001,5.742780501598164,-0.38520058497354137,39.78441421331095,-72.89022380037433,83.0408594606592,6.669065729976111,0.0,77.57787024534079,0.0,-7.749982686219337,-0.9262852283779477,-0.38520058497354137,-37.79345603202984,-72.89022380037433,82.10560300316678,5.742780501598164,-0.38520058497354137,39.78441421331095,-72.89022380037433,0.0,0.0,0.0,0.0,1,1,1,0
73,0.073,5.785216909516766,-0.46064724255051853,45.10870445183944,-77.81831858122152,89.94712849297574,6.746639725230109,0.0,77.57012026265457,0.0,4.383138542988739,-0.9614228157133429,-0.46064724255051853,-32.461415810815126,-77.81831858122152,84.31746096302429,5.785216909516766,-0.46064724255051853,45.10870445183944,-77.81831858122152,0.0,0.0,0.0,0.0,1,1,1,0
74,0.074,5.832994897915412,-0.5404375286185317,50.42432668152401,-81.54859182380267,95.87901516875436,6.824212037062035,0.0,77.57450340119756,0.0,14.714604545927438,-0.9912171391466238,-0.5404375286185317,-27.150176719673553,-81.54859182380267,85.94943236784452,5.832994897915412,-0.5404375286185317,50.42432668152401,-81.54859182380267,0.0,0.0,0.0,0.0,1,1,1,0
75,0.075,5.885978700932298,-0.6232936467378355,55.48026130589085,-83.92803918058641,100.60802729041046,6.901793897765506,0.0,77.58921800574349,0.0,23.08910982287565,-1.0158151968332083,-0.6232936467378355,-22.10895669985264,-83.92803918058641,86.79125374744858,5.885978700932298,-0.6232936467378355,55.48026130589085,-83.92803918058641,0.0,0.0,0.0,0.0,1,1,1,0
76,0.076,5.943793661668736,-0.7078068163496244,60.052311193534166,-84.84882218539889,103.95000099054596,6.979394660326161,0.0,77.61230711556637,0.0,29.444899728176186,-1.0356009986574248,-0.7078068163496244,-17.5599959220322,-84.84882218539889,86.64684693069464,5.943793661668736,-0.7078068163496244,60.052311193534166,-84.84882218539889,0.0,0.0,0.0,0.0,1,1,1,0
77,0.077,6.005860529446422,-0.7924855045507858,63.957799108929834,-84.25407806885269,105.77972271702431,7.057021689891591,0.0,77.64175201529454,0.0,33.81439040579207,-1.0511611604451687,-0.7924855045507858,-13.68395290636471,-84.25407806885269,85.3580707278224,6.005860529446422,-0.7924855045507858,63.957799108929834,-84.25407806885269,0.0,0.0,0.0,0.0,1,1,1,0
78,0.078,6.071443546412265,-0.8758084478397642,67.06829969168489,-82.14163877316659,106.04435696384341,7.134680349102088,0.0,77.67556640570034,0.0,36.31895758750422,-1.063236802689823,-0.8758084478397642,-10.607266714015452,-82.14163877316659,82.82368578784481,6.071443546412265,-0.8758084478397642,67.06829969168489,-82.14163877316659,0.0,0.0,0.0,0.0,1,1,1,0
79,0.079,6.139709924585487,-0.9562802346731651,69.31955526772555,-78.56539798694546,104.77462719266717,7.212374074986582,0.0,77.71188536328785,0.0,37.15809482795741,-1.0726641504010948,-0.9562802346731651,-8.3923300955623,-78.56539798694546,79.01235957291753,6.139709924585487,-0.9562802346731651,69.31955526772555,-78.56539798694546,0.0,0.0,0.0,0.0,1,1,1,0
80,0.08,6.209797521059741,-1.0324870077374342,70.71784806000352,-73.63416599538517,102.09311649701797,7.290104539397284,0.0,77.7490434581158,0.0,36.59348945512601,-1.0803070183375425,-1.0324870077374342,-7.031195398112288,-73.63416599538517,73.96910240473636,6.209797521059741,-1.0324870077374342,70.71784806000352,-73.63416599538517,0.0,0.0,0.0,0.0,1,1,1,0
81,0.081,6.2808868739294095,-1.1031497406089228,71.34227356454218,-67.50796581623888,98.21937408680863,7.367871879600127,0.0,77.78563694757094,0.0,34.92888956314714,-1.0869850056707175,-1.1031497406089228,-6.443363383028753,-67.50796581623888,67.81476520885576,6.2808868739294095,-1.1031497406089228,71.34227356454218,-67.50796581623888,0.0,0.0,0.0,0.0,1,1,1,0
82,0.082,6.352273310027617,-1.1671725572406064,71.34257349060168,-60.39184552492948,93.47158818683272,7.44567498099248,0.0,77.82056583713408,0.0,32.48691743436781,-1.0934016709648624,-1.1671725572406064,-6.477992346532403,-60.39184552492948,60.738286037298394,6.352273310027617,-1.1671725572406064,71.34257349060168,-60.39184552492948,0.0,0.0,0.0,0.0,1,1,1,0
83,0.083,6.423434614247854,-1.2236836994845537,70.93243143257482,-52.527405278843815,88.26402514198429,7.523511790288331,0.0,77.85305275456845,0.0,29.58420547041513,-1.100077176040477,-1.2236836994845537,-6.920621321993636,-52.527405278843815,52.98134865035376,6.423434614247854,-1.2236836994845537,70.93243143257482,-52.527405278843815,0.0,0.0,0.0,0.0,1,1,1,0
84,0.084,6.494089784047617,-1.2720670068398403,70.37839767803601,-44.18235734739182,83.09753041156165,7.601379635145635,0.0,77.88263696003887,0.0,26.50637479357647,-1.1072898510980185,-1.2720670068398403,-7.504239282002857,-44.18235734739182,44.8151124953869,6.494089784047617,-1.2720670068398403,70.37839767803601,-44.18235734739182,0.0,0.0,0.0,0.0,1,1,1,0
85,0.085,6.564244693074528,-1.3119821469409172,69.98487683836652,-35.638547335080915,78.53654590212211,7.679275525293071,0.0,77.90914333483244,0.0,23.484433064493153,-1.115030832218543,-1.3119821469409172,-7.924266496465918,-35.638547335080915,36.508903786087785,6.564244693074528,-1.3119821469409172,69.98487683836652,-35.638547335080915,0.0,0.0,0.0,0.0,1,1,1,0
86,0.08600000000000001,6.634221051094076,-1.3433723120634717,70.07586788880702,-27.178958820139055,75.16197883848156,7.757196410844435,0.0,77.93262776789693,0.0,20.674130627610808,-1.1229753597503596,-1.3433723120634717,-7.856759879089907,-27.178958820139055,28.29177404024872,6.634221051094076,-1.3433723120634717,70.07586788880702,-27.178958820139055,0.0,0.0,0.0,0.0,1,1,1,0
87,0.08700000000000001,6.7046658543376765,-1.3664586575016056,70.97437514391665,-19.07429637385146,73.49279358703775,7.835139375677646,0.0,77.95330189852454,0.0,18.13968220696096,-1.1304735213399697,-1.3664586575016056,-6.9789267546078975,-19.07429637385146,20.310937959722708,6.7046658543376765,-1.3664586575016056,70.97437514391665,-19.07429637385146,0.0,0.0,0.0,0.0,1,1,1,0
88,0.088,6.776539536554402,-1.3817213783587925,72.98059584589714,-11.56978870903782,73.8919980836488,7.913101747417274,0.0,77.97144158073151,0.0,15.843040089473735,-1.1365622108628717,-1.3817213783587925,-4.990845734834366,-11.56978870903782,12.600339357362301,6.776539536554402,-1.3817213783587925,72.98059584589714,-11.56978870903782,0.0,0.0,0.0,0.0,1,1,1,0
89,0.089,6.8510822078952796,-1.3898679742321145,76.35012224524155,-4.872870919133387,76.50546410458448,7.99108111051805,0.0,77.98728462082099,0.0,13.639604665547449,-1.1399989026227706,-1.3898679742321145,-1.637162375579436,-4.872870919133387,5.140541959613671,6.8510822078952796,-1.3898679742321145,76.35012224524155,-4.872870919133387,0.0,0.0,0.0,0.0,1,1,1,0
90,0.09,6.929758645774214,-1.3917899056092564,81.27346267078326,0.8576099058260951,81.27798735973825,8.069075214941204,0.0,78.00092422548653,0.0,11.28089503837716,-1.13931656916699,-1.3917899056092564,3.272538445296732,0.8576099058260951,3.383046352995506,6.929758645774214,-1.3917899056092564,81.27346267078326,0.8576099058260951,0.0,0.0,0.0,0.0,1,1,1,0
91,0.091,7.014184009474218,-1.388509469102929,87.85817977114804,5.520068803981502,88.03142002887411,8.14708177961421,0.0,78.01220512052491,0.0,8.424296129499526,-1.1328977701399916,-1.388509469102929,9.845974650623134,5.520068803981502,11.287797678085974,7.014184009474218,-1.388509469102929,87.85817977114804,5.520068803981502,0.0,0.0,0.0,0.0,1,1,1,0
92,0.092,7.106033513496259,-1.3811192784311097,96.11486140669317,9.07621930099647,96.54244838426057,8.225098196882799,0.0,78.02062941665442,0.0,4.649572449579568,-1.11906468338654,-1.3811192784311097,18.09423199003875,9.07621930099647,20.242998496001587,7.106033513496259,-1.3811192784311097,96.11486140669317,9.07621930099647,0.0,0.0,0.0,0.0,1,1,1,1
93,0.093,7.2069404371471215,-1.3707172034045019,105.94798142705133,11.554063446949268,106.57612842753738,8.303121151085678,0.0,78.025278989104,0.0,-0.5185825031484352,-1.0961807139385567,-1.3707172034045019,27.922702437947336,11.554063446949268,30.218763931939364,7.2069404371471215,-1.3707172034045019,105.94798142705133,11.554063446949268,0.0,0.0,0.0,0.0,1,1,1,1
94,0.094,7.318387796379264,-1.3583399624047574,117.15247910939821,13.047561489719037,117.87680951869194,8.38114617078353,0.0,78.02476040660085,0.0,-7.583082970634889,-1.0627583744042663,-1.3583399624047574,39.12771870279737,13.047561489719037,41.24581471753514,7.318387796379264,-1.3583399624047574,117.15247910939821,13.047561489719037,0.0,0.0,0.0,0.0,1,1,1,1
95,0.095,7.441599692719792,-1.3448987619917347,129.41659708019426,13.712861732242764,130.14107029183737,8.459167139648645,0.0,78.01717732363021,0.0,-17.043531444719516,-1.0175674469288536,-1.3448987619917347,51.39941975656406,13.712861732242764,53.19720789852674,7.441599692719792,-1.3448987619917347,129.41659708019426,13.712861732242764,0.0,0.0,0.0,0.0,1,1,1,1
96,0.096,7.577438729336941,-1.3311204135869494,142.33118187647642,13.761139000388763,142.99487501635375,8.537175795206554,0.0,78.0001337921855,0.0,-29.363559992930853,-0.9597370658696134,-1.3311204135869494,64.33104808429093,13.761139000388763,65.78641724711395,7.577438729336941,-1.3311204135869494,142.33118187647642,13.761139000388763,0.0,0.0,0.0,0.0,1,1,1,1
97,0.097,7.726315907535808,-1.3174972221774484,155.40528615149543,13.448263526814085,155.98608513490817,8.615161247218744,0.0,77.97077023219256,0.0,-44.93831457530453,-0.8888453396829359,-1.3174972221774484,77.43451591930287,13.448263526814085,78.59363872186735,7.726315907535808,-1.3174972221774484,155.40528615149543,13.448263526814085,0.0,0.0,0.0,0.0,1,1,1,1
98,0.098,7.888119068509541,-1.3042486343599249,168.0875367359124,13.061692475389194,168.59426982038372,8.69310954829365,0.0,77.92583191761726,0.0,-64.06402288490327,-0.8049904797841094,-1.3042486343599249,90.16170481829515,13.061692475389194,91.10291337856889,7.888119068509541,-1.3042486343599249,168.0875367359124,13.061692475389194,0.0,0.0,0.0,0.0,1,1,1,1
99,0.099,8.06216522598066,-1.291297160118526,179.79236974697824,12.905135060035356,180.2549270620692,8.771003348199825,0.0,77.86176789473235,0.0,-86.91153133200788,-0.7088381222191646,-1.291297160118526,101.93060185224589,12.905135060035356,102.74429475585896,8.06216522598066,-1.291297160118526,179.79236974697824,12.905135060035356,0.0,0.0,0.0,0.0,1,1,1,1
100,0.1,8.247181068147167,-1.2782604605093866,189.92990450098966,13.281680678417814,190.39372800961306,8.848821660328891,0.0,77.77485636340035,0.0,-113.5055287238287,-0.6016405921817238,-1.2782604605093866,112.15504813758932,13.281680678417814,112.93873500437498,8.247181068147167,-1.2782604605093866,189.92990450098966,13.281680678417814,0.0,0.0,0.0,0.0,1,1,1,1
101,0.101,8.441314536272547,-1.264460746227257,197.9379530563238,14.476189713897991,198.46660507188662,8.926539763927929,0.0,77.66135083467651,0.0,-143.71089984318394,-0.48522522765538234,-1.264460746227257,120.2766022216473,14.476189713897991,121.14462889710438,8.441314536272547,-1.264460746227257,197.9379530563238,14.476189713897991,0.0,0.0,0.0,0.0,1,1,1,1
102,0.10200000000000001,8.642178776451837,-1.2489517916588195,203.31446056199812,16.73782172528277,204.00226604065855,9.004129259312684,0.0,77.51763993483333,0.0,-177.22728488885434,-0.36195048286084663,-1.2489517916588195,125.79682062716479,16.73782172528277,126.90545597416377,8.642178776451837,-1.2489517916588195,203.31446056199812,16.73782172528277,0.0,0.0,0.0,0.0,1,1,1,1
103,0.10300000000000001,8.846927991846968,-1.2305629735313528,205.64855859748639,20.26361015308713,206.64448589222044,9.081558285605071,0.0,77.34041264994447,0.0,-213.5924798610615,-0.2346302937581033,-1.2305629735313528,128.3081459475419,20.26361015308713,129.89839957802408,8.846927991846968,-1.2305629735313528,205.64855859748639,20.26361015308713,0.0,0.0,0.0,0.0,1,1,1,1
104,0.10400000000000001,9.052362889552422,-1.2079588353110826,204.6484002940045,25.183982728110788,206.192145167911,9.158791902015086,0.0,77.1268201700834,0.0,-252.1948225618077,-0.10642901246266412,-1.2079588353110826,127.52158012392108,25.183982728110788,129.98456209624052,9.052362889552422,-1.2079588353110826,204.6484002940045,25.183982728110788,0.0,0.0,0.0,0.0,1,1,1,1
105,0.105,9.25506162209799,-1.1797118034384018,200.1640378330824,31.551070850532152,202.6354167302916,9.235792624773888,0.0,76.8746253475216,0.0,-292.29419655481024,0.0192689973241027,-1.1797118034384018,123.2894124855608,31.551070850532152,127.26252120263081,9.25506162209799,-1.1797118034384018,200.1640378330824,31.551070850532152,0.0,0.0,0.0,0.0,1,1,1,1
106,0.106,9.451530473975204,-1.1443848851572211,192.20379961781447,39.33054995047601,196.18662733971414,9.312521103023132,0.0,76.5823311509668,0.0,-333.0507807637529,0.13900937095207233,-1.1443848851572211,115.62146846684767,39.33054995047601,122.1278679492815,9.451530473975204,-1.1443848851572211,192.20379961781447,39.33054995047601,0.0,0.0,0.0,0.0,1,1,1,1
107,0.107,9.638367140654722,-1.1006205041523918,180.9429195165476,48.39760921478472,187.30368042534252,9.388936908783716,0.0,76.24928037020304,0.0,-373.56020517469295,0.2494302318710062,-1.1006205041523918,104.69363914634455,48.39760921478472,115.33900751875761,9.638367140654722,-1.1006205041523918,180.9429195165476,48.39760921478472,0.0,0.0,0.0,0.0,1,1,1,1
108,0.108,9.812428383951408,-1.047231119373919,166.72355150561958,58.53746833751505,176.70138037381759,9.46499940905133,0.0,75.87572016502834,0.0,-412.8933715943059,0.34742897490007785,-1.047231119373919,90.84783134059124,58.53746833751505,108.07388055702492,9.812428383951408,-1.047231119373919,166.72355150561958,58.53746833751505,0.0,0.0,0.0,0.0,1,1,1,1
109,0.109,9.970993200446458,-0.9832869578658493,150.04575156926694,69.450648529979,165.33940892969483,9.540668682530562,0.0,75.46282679343403,0.0,-450.1388875814739,0.43032451791589565,-0.9832869578658493,74.58292477583291,69.450648529979,101.91175226318221,9.970993200446458,-0.9832869578658493,150.04575156926694,69.450648529979,0.0,0.0,0.0,0.0,1,1,1,1
110,0.11,10.111912465436696,-0.9081960993322307,131.54950181423456,80.7629741780698,154.36297945317352,9.615906439880204,0.0,75.01268790585256,0.0,-484.44586167815027,0.49600602555649154,-0.9081960993322307,56.536813908382,80.7629741780698,98.58534031486926,10.111912465436696,-0.9081960993322307,131.54950181423456,80.7629741780698,0.0,0.0,0.0,0.0,1,1,1,1
111,0.111,10.233736345012945,-0.8217722937214641,111.98836271231926,92.04004100321824,144.95779568846953,9.690676904855218,0.0,74.5282420441744,0.0,-515.0647329651609,0.5430594401577267,-0.8217722937214641,37.46012066814485,92.04004100321824,99.37117181731364,10.233736345012945,-0.8217722937214641,111.98836271231926,92.04004100321824,0.0,0.0,0.0,0.0,1,1,1,1
112,0.112,10.335811606867175,-0.7242862771692472,92.19583922752275,102.80564810519758,138.09081813501192,9.76494761453291,0.0,74.01317731120925,0.0,-541.3838647400573,0.5708639923342655,-0.7242862771692472,18.182661916313506,102.80564810519758,104.40119959412665,10.335811606867175,-0.7242862771692472,92.19583922752275,102.80564810519758,0.0,0.0,0.0,0.0,1,1,1,1
113,0.113,10.418342280358695,-0.6164969680806992,73.04600570940488,112.56346701421582,134.18738039159592,9.83869009991175,0.0,73.47179344646919,0.0,-562.9598201210054,0.5796521804469457,-0.6164969680806992,-0.4257877370643115,112.56346701421582,112.56427231345427,10.418342280358695,-0.6164969680806992,73.04600570940488,112.56346701421582,0.0,0.0,0.0,0.0,1,1,1,1
114,0.114,10.482408863093823,-0.49965975368351495,55.41032432865127,120.82102286302371,132.92111799060984,9.911880413448158,0.0,72.90883362634818,0.0,-579.5395482662788,0.570528449645666,-0.49965975368351495,-17.498509297696913,120.82102286302371,122.08160137100465,10.482408863093823,-0.49965975368351495,55.41032432865127,120.82102286302371,0.0,0.0,0.0,0.0,1,1,1,1
115,0.115,10.529943362416768,-0.37551008611266123,40.112886822291486,127.11490222185137,133.2938185216734,9.984499477300373,0.0,72.3292940780819,0.0,-591.0731279421921,0.545443885116395,-0.37551008611266123,-32.216407255790415,127.11490222185137,131.1338829721052,10.529943362416768,-0.37551008611266123,40.112886822291486,127.11490222185137,0.0,0.0,0.0,0.0,1,1,1,1
116,0.116,10.563659789840182,-0.24622175349782213,27.886488224368108,131.03598883007388,133.97046911227514,10.056533234814484,0.0,71.7382209501397,0.0,-597.7162180891621,0.5071265550256978,-0.24622175349782213,-43.8517327257716,131.03598883007388,138.17888706936293,10.563659789840182,-0.24622175349782213,27.886488224368108,131.03598883007388,0.0,0.0,0.0,0.0,1,1,1,1
117,0.117,10.586942170313867,-0.11434042425313862,19.331988852049847,132.25347024661926,133.65891734279904,10.12797259765558,0.0,71.14050473205054,0.0,-599.8219251849464,0.45896957265828675,-0.11434042425313862,-51.8085158800007,132.25347024661926,142.0390886691466,10.586942170313867,-0.11434042425313862,19.331988852049847,132.25347024661926,0.0,0.0,0.0,0.0,1,1,1,1
118,0.11800000000000001,10.603694550333728,0.017305676192681477,14.883328977532102,130.53636070097133,131.38209522803152,10.198813191425037,0.0,70.5406828068656,0.0,-597.9223831326369,0.4048813589086908,0.017305676192681477,-55.6573538293335,130.53636070097133,141.906597804111,10.603694550333728,0.017305676192681477,14.883328977532102,130.53636070097133,0.0,0.0,0.0,0.0,1,1,1,1
119,0.11900000000000001,10.618159749005565,0.14571486962402364,14.780329119057406,125.7713506845301,126.6368460673224,10.269054913040337,0.0,69.94276042373296,0.0,-592.7009196388433,0.34910483596522823,0.14571486962402364,-55.16243130467556,125.7713506845301,137.33654459194065,10.618159749005565,0.14571486962402364,14.780329119057406,125.7713506845301,0.0,0.0,0.0,0.0,1,1,1,1
120,0.12,10.634715557961151,0.2678366929084484,19.051045745410384,117.97592150201879,119.50422753293802,10.33870132300425,0.0,69.35005950409412,0.0,-584.9562200520242,0.2960142349569015,0.2678366929084484,-50.299013758683735,117.97592150201879,128.25096038372092,10.634715557961151,0.2678366929084484,19.051045745410384,117.97592150201879,0.0,0.0,0.0,0.0,1,1,1,1
121,0.121,10.65765863523712,0.38070693892852814,27.504973521925095,107.30584932232667,110.77485665631743,10.407758904398317,0.0,68.7651032840421,0.0,-575.560363762956,0.24989973083880201,0.38070693892852814,-41.260129762117,107.30584932232667,114.96496686718353,10.65765863523712,0.38070693892852814,27.504973521925095,107.30584932232667,0.0,0.0,0.0,0.0,1,1,1,1
122,0.122,10.690987350549987,0.481587119608175,39.73781461231263,94.05646129796115,102.10637503142198,10.476236227500477,0.0,68.18954292027914,0.0,-565.4129716856526,0.21475112304950983,0.481587119608175,-28.451728307966505,94.05646129796115,98.26555223273925,10.690987350549987,0.481587119608175,39.73781461231263,94.05646129796115,0.0,0.0,0.0,0.0,1,1,1,1
123,0.123,10.738195247381425,0.5681018995722308,55.147902923903516,78.65728620998127,96.06383227220948,10.544143063934914,0.0,67.62412994859349,0.0,-555.3939436837327,0.19405218344651054,0.5681018995722308,-12.476227024689976,78.65728620998127,79.64059840741099,10.738195247381425,0.5681018995722308,55.147902923903516,78.65728620998127,0.0,0.0,0.0,0.0,1,1,1,1
124,0.124,10.802086545961542,0.6383678442315669,72.96371129347379,61.66005145317894,95.52834715897721,10.611489496911664,0.0,67.06873600490975,0.0,-546.3173666107297,0.1905970490498774,0.6383678442315669,5.894975288564041,61.66005145317894,61.94120340178623,10.802086545961542,0.6383678442315669,72.96371129347379,61.66005145317894,0.0,0.0,0.0,0.0,1,1,1,1
125,0.125,10.884624212019238,0.6911069395042271,92.28122012849701,43.7203026159691,102.11409525249704,10.67828507423327,0.0,66.52241863829902,0.0,-538.8891293016809,0.20633913778596913,0.6911069395042271,25.758801490197996,43.7203026159691,50.744267804781074,10.884624212019238,0.6911069395042271,92.28122012849701,43.7203026159691,0.0,0.0,0.0,0.0,1,1,1,1
126,0.126,10.98681958871997,0.7257387792650482,112.10932539523904,25.573245703055427,114.98909398879718,10.744538048306916,0.0,65.98352950899734,0.0,-533.6705912257287,0.24228154041305316,0.7257387792650482,46.125795886241704,25.573245703055427,52.740685831036316,10.98681958871997,0.7257387792650482,112.10932539523904,25.573245703055427,0.0,0.0,0.0,0.0,1,1,1,1
127,0.127,11.108670501089678,0.7424460721758129,131.42094903624914,8.004718886626087,131.6645030752112,10.810254742520302,0.0,65.4498589177716,0.0,-531.0503259090569,0.2984157585693765,0.7424460721758129,65.97109011847753,8.004718886626087,66.45494906983372,11.108670501089678,0.7424460721758129,131.42094903624914,8.004718886626087,0.0,0.0,0.0,0.0,1,1,1,1
128,0.128,11.249152196244447,0.7422091667379633,149.20711909566484,-8.181525520344964,149.431260948531,10.87543907627512,0.0,64.91880859186254,0.0,-531.2255160275006,0.3737131199693273,0.7422091667379633,84.2883105038023,-8.181525520344964,84.68445339863418,11.249152196244447,0.7422091667379633,149.20711909566484,-8.181525520344964,0.0,0.0,0.0,0.0,1,1,1,1
129,0.129,11.406262612135155,0.7268065915758667,164.53103732794523,-22.198822397837773,166.02183579294757,10.940092272108968,0.0,64.38758307583504,0.0,-534.1940387253193,0.46617034002618674,0.7268065915758667,100.14345425211019,-22.198822397837773,102.57435910301965,11.406262612135155,0.7268065915758667,164.53103732794523,-22.198822397837773,0.0,0.0,0.0,0.0,1,1,1,1
130,0.13,11.577120429065603,0.69878010232342,176.579068417516,-33.313307356069124,179.69402842108508,11.00421275816544,0.0,63.85338903710972,0.0,-539.7576774741868,0.5729076709001628,0.69878010232342,112.72567938040628,-33.313307356069124,117.54512001258956,11.577120429065603,0.69878010232342,176.579068417516,-33.313307356069124,0.0,0.0,0.0,0.0,1,1,1,1
131,0.131,11.758111323800698,0.6613643504168942,184.70567750558942,-40.87867836691471,189.17519300327004,11.067796268363814,0.0,63.31363135963554,0.0,-547.536264922487,0.6903150554368835,0.6613643504168942,121.39204614595388,-40.87867836691471,128.0901839038693,11.758111323800698,0.6613643504168942,184.70567750558942,-40.87867836691471,0.0,0.0,0.0,0.0,1,1,1,1
132,0.132,11.945074992848287,0.6183829670632333,188.4696117346321,-44.36832721549544,193.62164911833656,11.13083613159099,0.0,62.76609509471305,0.0,-556.9919360536878,0.8142388612572979,0.6183829670632333,125.70351663991906,-44.36832721549544,133.3038729952873,11.945074992848287,0.6183829670632333,188.4696117346321,-44.36832721549544,0.0,0.0,0.0,0.0,1,1,1,1
133,0.133,12.133523011659719,0.574114506755672,187.65905671430903,-43.40323063396981,192.61298501495125,11.193323730717674,0.0,62.20910315865937,0.0,-567.4620888928861,0.9401992809420445,0.574114506755672,125.44995355564967,-43.40323063396981,132.74611586249986,12.133523011659719,0.574114506755672,187.65905671430903,-43.40323063396981,0.0,0.0,0.0,0.0,1,1,1,1
134,0.134,12.318875606805342,0.5331332366033862,182.3040796871277,-37.774140810848905,186.17643026056885,11.255249102831888,0.0,61.64164106976648,0.0,-578.1991451261083,1.0636265039734543,0.5331332366033862,120.66243861736123,-37.774140810848905,126.43697958701128,12.318875606805342,0.5331332366033862,182.3040796871277,-37.774140810848905,0.0,0.0,0.0,0.0,1,1,1,1
135,0.135,12.496704070128951,0.5001311107757802,172.67536789024982,-27.456841718095145,174.8446763077608,11.316601644329092,0.0,61.06344192464037,0.0,-588.4148052922892,1.1801024257998591,0.5001311107757802,111.61192596560944,-27.456841718095145,114.93955008997213,12.496704070128951,0.5001311107757802,172.67536789024982,-27.456841718095145,0.0,0.0,0.0,0.0,1,1,1,1
136,0.136,12.662964935048086,0.47972836071030495,159.2690454851791,-12.619532521361764,159.7682116405443,11.377370878851085,0.0,60.475027119348084,0.0,-597.326226653672,1.2855940561970005,0.47972836071030495,98.79401836583102,-12.619532521361764,99.59674023744886,12.662964935048086,0.47972836071030495,159.2690454851791,-12.619532521361764,0.0,0.0,0.0,0.0,1,1,1,1
137,0.137,12.814212222330884,0.47628089932209766,142.77816193758417,6.378250351335217,142.9205569672163,11.437547242857107,0.0,59.87770089269441,0.0,-604.2014329835536,1.3766649794737766,0.47628089932209766,82.90046104488977,6.378250351335217,83.14546601589045,12.814212222330884,0.47628089932209766,142.77816193758417,6.378250351335217,0.0,0.0,0.0,0.0,1,1,1,1
138,0.138,12.947775057192748,0.49369313345786964,124.05224195241422,28.995370913593636,127.39580160993215,11.49712284303331,0.0,59.27349945971086,0.0,-608.401302389771,1.4506522141594385,0.49369313345786964,64.77874249270336,28.995370913593636,70.97194525552223,12.947775057192748,0.49369313345786964,124.05224195241422,28.995370913593636,0.0,0.0,0.0,0.0,1,1,1,1
139,0.139,13.0618897252651,0.5352447725503582,104.0470243980404,54.52727815741094,117.46917616695062,11.556092141841825,0.0,58.66509815732109,0.0,-609.4156709545013,1.5057975834232753,0.5352447725503582,45.38192624071932,54.52727815741094,70.94183034411893,13.0618897252651,0.5352447725503582,104.0470243980404,54.52727815741094,0.0,0.0,0.0,0.0,1,1,1,1
140,0.14,13.155777688977478,0.6034398013510243,83.76714963971551,82.1320116790509,117.31411978619728,11.61445253216367,0.0,58.055682486366585,0.0,-606.8914264104867,1.5413251568138087,0.6034398013510243,25.711467153348927,82.1320116790509,86.06245921204841,13.155777688977478,0.6034398013510243,83.76714963971551,82.1320116790509,0.0,0.0,0.0,0.0,1,1,1,1
141,0.14100000000000001,13.229664102050933,0.6998849596047837,64.20504085704533,110.86300901859835,128.11281762615587,11.672204768936831,0.0,57.4487910599561,0.0,-600.6509287559685,1.5574593331141013,0.6998849596047837,6.756249797089232,110.86300901859835,111.06868901710548,13.229664102050933,0.6998849596047837,64.20504085704533,110.86300901859835,0.0,0.0,0.0,0.0,1,1,1,1
142,0.14200000000000002,13.284734775089861,0.8252038709422155,46.279532290950286,139.70734110390592,147.17315063350458,11.72935323453241,0.0,56.84814013120013,0.0,-590.6996575872372,1.5553815405574518,0.8252038709422155,-10.568607840249847,139.70734110390592,140.1065188704798,13.284734775089861,0.8252038709422155,46.279532290950286,139.70734110390592,0.0,0.0,0.0,0.0,1,1,1,1
143,0.14300000000000002,13.323033168401075,0.9789914360592562,30.77790273883018,167.6277061485333,170.42983062134374,11.785906024834816,0.0,56.257440473612895,0.0,-577.2226169023014,1.5371271435662592,0.9789914360592562,-25.479537734782717,167.6277061485333,169.5531029258894,13.323033168401075,0.9789914360592562,30.77790273883018,167.6277061485333,0.0,0.0,0.0,0.0,1,1,1,1
144,0.14400000000000002,13.347302610258154,1.1598113180468015,18.30486418779131,193.6062908634934,194.4696992203492,11.841874853999979,0.0,55.68021785671059,0.0,-560.5696908864982,1.5054277562581753,1.1598113180468015,-37.37535366891928,193.6062908634934,197.1809141975876,13.347302610258154,1.1598113180468015,18.30486418779131,193.6062908634934,0.0,0.0,0.0,0.0,1,1,1,1
145,0.145,13.360782345320077,1.3652373818944867,9.241733876040229,216.68847391930743,216.88546372339923,11.897274787011247,0.0,55.119648165824096,0.0,-541.2308002869029,1.4635075583088302,1.3652373818944867,-45.87791428978387,216.68847391930743,221.49193608133712,13.360782345320077,1.3652373818944867,9.241733876040229,216.68847391930743,0.0,0.0,0.0,0.0,1,1,1,1
146,0.146,13.36696900126419,1.5919378981166517,3.718496670235652,236.02430915276355,236.05359927043236,11.952123819776928,0.0,54.57841736553719,0.0,-519.8023200727633,1.4148451814872622,1.5919378981166517,-50.85992069530154,236.02430915276355,241.44193099826646,13.36696900126419,1.5919378981166517,3.718496670235652,236.02430915276355,0.0,0.0,0.0,0.0,1,1,1,1
147,0.147,13.369357433941131,1.8357992811465866,1.600769085024588,250.90578930241793,250.91089567241377,12.006442335982427,0.0,54.05861504546443,0.0,-496.9467491567679,1.3629150979587035,1.8357992811465866,-52.45784596043984,250.90578930241793,256.33092031254944,13.369357433941131,1.8357992811465866,1.600769085024588,250.90578930241793,0.0,0.0,0.0,0.0,1,1,1,1
148,0.148,13.371176515842434,2.0920842073997314,2.4928432509667573,260.7980543295104,260.8099680026286,12.060252477653314,0.0,53.56166829630766,0.0,-473.34804046180307,1.3109240381891194,2.0920842073997314,-51.0688250453409,260.7980543295104,265.7511054230441,13.371176515842434,2.0920842073997314,2.4928432509667573,260.7980543295104,0.0,0.0,0.0,0.0,1,1,1,1
149,0.149,13.375136154187445,2.355617243203611,5.757064499481494,265.36296580406326,265.42540837677853,12.113577471929391,0.0,53.08832025584586,0.0,-449.6652793257778,1.2615586822580536,2.355617243203611,-47.331255756364364,265.36296580406326,269.5510181613173,13.375136154187445,2.355617243203611,5.757064499481494,265.36296580406326,0.0,0.0,0.0,0.0,1,1,1,1
150,0.15,13.38320159766504,2.6209896983088146,10.548832440923412,264.47380967171,264.6841020313358,12.166440959545573,0.0,52.63865497652008,0.0,-426.4875227399214,1.2167606381194673,2.6209896983088146,-42.08982253559667,264.47380967171,267.8020708720265,13.38320159766504,2.6209896983088146,10.548832440923412,264.47380967171,0.0,0.0,0.0,0.0,1,1,1,1
151,0.151,13.396409903534579,2.882774382587634,15.8655685689058,258.22029875825547,258.70724565967873,12.218866370760722,0.0,52.21216745378016,0.0,-404.2925727050525,1.177543532773857,2.882774382587634,-36.34659888487436,258.22029875825547,260.7657913555777,13.396409903534579,2.882774382587634,15.8655685689058,258.22029875825547,0.0,0.0,0.0,0.0,1,1,1,1
152,0.152,13.414741334696158,3.135740340783747,20.60712000560884,246.9035046183599,247.7619704227306,12.27087639192815,0.0,51.80787488107511,0.0,-383.41225500236476,1.1438649427680083,3.135740340783747,-31.200754875466266,246.9035046183599,248.8670884179493,13.414741334696158,3.135740340783747,20.60712000560884,246.9035046183599,0.0,0.0,0.0,0.0,1,1,1,1
153,0.153,13.437055540034367,3.3750575112558576,23.64432248523058,231.02083389281998,232.22764624032064,12.322492560681724,0.0,51.424462626072746,0.0,-364.0064202969856,1.1145629793526428,3.3750575112558576,-27.780140140842164,231.02083389281998,232.6851131438768,13.437055540034367,3.3750575112558576,23.64432248523058,231.02083389281998,0.0,0.0,0.0,0.0,1,1,1,1
154,0.154,13.461098791980255,3.5964816151039285,23.89187326680372,211.24165346340948,212.58847044501775,12.373735020097648,0.0,51.06045620577576,0.0,-346.0473970163633,1.0873637718826075,3.5964816151039285,-27.168582938972037,211.24165346340948,212.98161436346325,13.461098791980255,3.5964816151039285,23.89187326680372,211.24165346340948,0.0,0.0,0.0,0.0,1,1,1,1
155,0.155,13.483584506807953,3.796510423244787,20.381304358246084,188.3746369754039,189.47401252667518,12.424622452604915,0.0,50.714408808759394,0.0,-329.31603200518003,1.0589620542030378,3.796510423244787,-30.33310445051331,188.3746369754039,190.80120828029615,13.483584506807953,3.796510423244787,20.381304358246084,188.3746369754039,0.0,0.0,0.0,0.0,1,1,1,1
156,0.156,13.500344981986924,3.9725038380503612,12.329724508346082,163.32832889231372,163.79305579055392,12.47517220339767,0.0,50.38509277675421,0.0,-313.40978900521185,1.025172778589253,3.9725038380503612,-38.05536826840813,163.32832889231372,167.70317251859,13.500344981986924,3.9725038380503612,12.329724508346082,163.32832889231372,0.0,0.0,0.0,0.0,1,1,1,1
157,0.157,13.506547996900988,4.122761907166085,-0.7998723467530056,137.06677910582457,137.06911296939222,12.525400591279922,0.0,50.071682987749,0.0,-297.76267441388575,0.9811474056210656,4.122761907166085,-50.871555334502006,137.06677910582457,146.20265755654447,13.506547996900988,4.122761907166085,-0.7998723467530056,137.06677910582457,0.0,0.0,0.0,0.0,1,1,1,1
158,0.158,13.496967889914144,4.246556883513638,-19.250555904157267,110.56237215068904,112.2257637007053,12.575323392930464,0.0,49.77392031333511,0.0,-281.6760646697883,0.9216444969836797,4.246556883513638,-69.02447621749238,110.56237215068904,130.33961965836264,13.496967889914144,4.246556883513638,-19.250555904157267,110.56237215068904,0.0,0.0,0.0,0.0,1,1,1,1
159,0.159,13.46629718841213,4.344117663492306,-42.93887790087619,84.74814515437637,95.00523850027218,12.624956475211464,0.0,49.49224424866532,0.0,-264.3588600853085,0.8413407132006654,4.344117663492306,-92.43112214954152,84.74814515437637,125.40239411163853,13.46629718841213,4.344117663492306,-42.9388779008762,84.74814515437637,0.0,0.0,7.105427357601002e-15,0.0,1,1,1,1
160,0.16,13.409482047697454,4.416567268502133,-71.44015883713084,60.47194749162471,93.59782437698165,12.674316540030086,0.0,49.22788538858001,0.0,-244.97482373370252,0.735165507667368,4.416567268502133,-120.66804422571084,60.47194749162471,134.97271328193682,13.409482047697454,4.416567268502133,-71.44015883713084,60.47194749162471,0.0,0.0,0.0,0.0,1,1,1,1
161,0.161,13.322062831028713,4.465816368977808,-103.99306913258654,38.45473785095298,110.87526906754472,12.7234219380068,0.0,48.982910564846314,0.0,-222.69451430509923,0.5986408930219138,4.465816368977808,-152.97597969743285,38.45473785095298,157.73527578691744,13.322062831028713,4.465816368977808,-103.99306913258653,38.45473785095298,0.0,0.0,-1.4210854715202004e-14,0.0,1,1,1,1
162,0.162,13.20050026974615,4.4944180690059214,-139.5238525708384,19.255141958128164,140.84624925086473,12.772293501314493,0.0,48.76021605054122,0.0,-196.74891541645974,0.4282067684316573,4.4944180690059214,-188.28406862137962,19.255141958128164,189.26608515116504,13.20050026974615,4.4944180690059214,-139.52385257083841,19.255141958128164,0.0,0.0,2.842170943040401e-14,0.0,1,1,1,1
163,0.163,13.042467855110674,4.505391160982922,-176.68941661331223,3.2421132616299886,176.71915923734431,12.820955342907325,0.0,48.56346713512476,0.0,-166.48171941027698,0.22151251220334878,4.505391160982922,-225.252883748437,3.2421132616299886,225.27621475732434,13.042467855110674,4.505391160982922,-176.68941661331223,3.2421132616299886,0.0,0.0,0.0,0.0,1,1,1,1
164,0.164,12.847092445161659,4.5020207208773995,-213.9374103151729,-9.422838243470466,214.1448234558222,12.869435569182745,0.0,48.39698541571448,0.0,-131.39725078588953,-0.02234312402108607,4.5020207208773995,-262.3343957308874,-9.422838243470466,262.50357152627936,12.847092445161659,4.5020207208773995,-213.93741031517294,-9.422838243470466,0.0,0.0,2.842170943040401e-14,0.0,1,1,1,1
165,0.165,12.615127468734894,4.487646157570146,-249.58039066469598,-18.792839873629738,250.2869198237458,12.917766855973065,0.0,48.265588164928594,0.0,-91.20121293037099,-0.3026393872381714,4.487646157570146,-297.8459788296246,-18.792839873629738,298.4382648647674,12.615127468734894,4.487646157570146,-249.58039066469598,-18.792839873629738,0.0,0.0,0.0,0.0,1,1,1,1
166,0.166,12.349046459978977,4.465447586053027,-281.8803029817042,-25.131776931959756,282.99843006775694,12.965986843531528,0.0,48.17438695199822,0.0,-45.83180184859474,-0.6169403835525511,4.465447586053027,-330.0546899337024,-25.131776931959756,331.0101275776773,12.349046459978977,4.465447586053027,-281.8803029817042,-25.131776931959756,0.0,0.0,0.0,0.0,1,1,1,1
167,0.167,12.053048788070535,4.4382416188125715,-309.1388239778945,-28.899390215558192,310.48669415172486,13.014138314582603,0.0,48.12855515014963,0.0,4.520767005217682,-0.9610895265120671,4.4382416188125715,-357.2673791280441,-28.899390215558192,358.43431050033803,12.053048788070535,4.4382416188125715,-309.1388239778945,-28.899390215558192,0.0,0.0,0.0,0.0,1,1,1,1
168,0.168,11.732974137790611,4.408297343202672,-329.78868001431186,-30.725952066549283,331.2169343436082,13.062269130116256,0.0,48.13307591715485,0.0,59.407655240966356,-1.3292949923256447,4.408297343202672,-377.9217559314667,-30.725952066549283,379.1687457277023,11.732974137790611,4.408297343202672,-329.78868001431186,-30.725952066549283,0.0,0.0,0.0,0.0,1,1,1,1
169,0.169,11.396127290259692,4.37718238291992,-342.4808875098185,-31.37765276592429,343.91527358146203,13.110431909861031,0.0,48.192483572395815,0.0,118.12835931938221,-1.7143046196013394,4.37718238291992,-390.6733710822143,-31.37765276592429,391.9314225292997,11.396127290259692,4.37718238291992,-342.4808875098185,-31.37765276592429,0.0,0.0,0.0,0.0,1,1,1,1
170,0.17,11.051019770475282,4.345647563922989,-346.16298165854835,-31.71431081998893,347.61272615012723,13.158683457613087,0.0,48.3106119317152,0.0,179.75112669087378,-2.107663687137805,4.345647563922989,-394.47359359026353,-31.71431081998893,395.7464005531867,11.051019770475282,4.345647563922989,-346.16298165854835,-31.71431081998893,0.0,0.0,0.0,0.0,1,1,1,1
171,0.171,10.707039684181893,4.313556880185371,-340.14370162330613,-32.64142942493779,341.7063076223614,13.207083945108147,0.0,48.490363058406075,0.0,243.14598549605273,-2.500044260926254,4.313556880185371,-388.6340646817122,-32.64142942493779,390.0024347948772,10.707039684181893,4.313556880185371,-340.14370162330613,-32.64142942493779,0.0,0.0,0.0,0.0,1,1,1,1
172,0.17200000000000001,10.374065286066891,4.279867266560564,-324.1402668082355,-35.058935752878256,326.03073711329506,13.255695881159301,0.0,48.733509043902124,0.0,307.0288417037458,-2.8816305950924104,4.279867266560564,-372.8737758521376,-35.058935752878256,374.5183329215736,10.374065286066891,4.279867266560564,-324.1402668082355,-35.058935752878256,0.0,0.0,0.0,0.0,1,1,1,1
173,0.17300000000000001,10.062041255618016,4.242660238026721,-298.3052757498866,-39.809142746179496,300.94983865488547,13.304582904624056,0.0,49.04053788560587,0.0,370.01447621645076,-3.2425416490060393,4.242660238026721,-347.3458136354925,-39.809142746179496,349.61962487292953,10.062041255618016,4.242660238026721,-298.3052757498866,-39.809142746179496,0.0,0.0,0.0,0.0,1,1,1,1
174,0.17400000000000002,9.780539098503143,4.199224864257216,-263.2313388898872,-47.62655322712861,267.5051893815504,13.35380844974777,0.0,49.410552361822326,0.0,430.6757682311791,-3.573269351244628,4.199224864257216,-312.6418912517095,-47.62655322712861,316.24870076846526,9.780539098503143,4.199224864257216,-263.2313388898872,-47.62655322712861,0.0,0.0,0.0,0.0,1,1,1,1
175,0.17500000000000002,9.538324385896704,4.1461889420957165,-219.9327601057576,-59.092077685211244,227.73294143116794,13.403434339993709,0.0,49.84122813005351,0.0,487.60610879473353,-3.8651099540970044,4.1461889420957165,-269.7739882358111,-59.092077685211244,276.1700171521351,9.538324385896704,4.1461889420957165,-219.93276010575758,-59.092077685211244,0.0,0.0,-2.842170943040401e-14,0.0,1,1,1,1
176,0.176,9.342953600786924,4.079692734858634,-169.80484257085973,-74.59406076974287,185.466866212363,13.45351937117816,0.0,50.328834238848245,0.0,539.4817708641573,-4.110565770391236,4.079692734858634,-220.133676809708,-74.59406076974287,232.42871932676707,9.342953600786924,4.079692734858634,-169.80484257085976,-74.59406076974287,0.0,0.0,2.842170943040401e-14,0.0,1,1,1,1
177,0.177,9.200422157165631,3.995597391344245,-114.56264134816091,-94.2982143154045,148.3804300295066,13.504117946302442,0.0,50.8683160097124,0.0,585.1209809533509,-4.30369578913681,3.995597391344245,-165.4309573578733,-94.2982143154045,190.41941832548605,9.200422157165631,3.995597391344245,-114.5626413481609,-94.2982143154045,0.0,0.0,-1.4210854715202004e-14,0.0,1,1,1,1
178,0.178,9.114882744663873,3.889718253802527,-56.1621470758834,-118.1281497532781,130.79926042721362,13.55527882280263,0.0,51.45343699066575,0.0,623.536594471867,-4.4403960781387575,3.889718253802527,-107.61558406654915,-118.1281497532781,159.79791518701802,9.114882744663873,3.889718253802527,-56.1621470758834,-118.1281497532781,0.0,0.0,0.0,0.0,1,1,1,1
179,0.179,9.088449646533189,3.758071811827084,3.2921048204099748,-145.75770857785855,145.79488181694344,13.607044028090533,0.0,52.076973585137615,0.0,653.9796040559214,-4.518594381557344,3.758071811827084,-48.78486876472764,-145.75770857785855,153.7051496543289,9.088449646533189,3.758071811827084,3.2921048204099748,-145.75770857785855,0.0,0.0,0.0,0.0,1,1,1,1
180,0.18,9.12110026510901,3.597124136131407,61.64820582235265,-176.6157293280281,187.06580961572436,13.659447991477698,0.0,52.730953189193535,0.0,675.9711899667215,-4.538347726368688,3.597124136131407,8.917252633159116,-176.6157293280281,176.84070018125033,9.12110026510901,3.597124136131407,61.64820582235265,-176.6157293280281,0.0,0.0,0.0,0.0,1,1,1,1
181,0.181,9.210680001881904,3.404028285396059,116.81149282091977,-209.90328997901693,240.21722669089962,13.712516930261875,0.0,53.40692437916026,0.0,689.3216278701601,-4.501836928379971,3.404028285396059,63.40456844175951,-209.90328997901693,219.2704504562825,9.210680001881904,3.404028285396059,116.81149282091977,-209.90328997901693,0.0,0.0,0.0,0.0,1,1,1,1
182,0.182,9.353011155628597,3.176838445846686,166.84703078849594,-244.62285463283996,296.10517167327026,13.766268515454971,0.0,54.096246007030416,0.0,694.1350688212349,-4.413257359826375,3.176838445846686,112.75078478146553,-244.62285463283996,269.35679029412995,9.353011155628597,3.176838445846686,166.84703078849594,-244.62285463283996,0.0,0.0,0.0,0.0,1,1,1,1
183,0.183,9.54210092367295,2.9146894325465715,210.0744375186284,-279.61816264776695,349.7393117470227,13.820711828996414,0.0,54.79038107585165,0.0,690.7999606351254,-4.278610905323465,2.9146894325465715,155.28405644277674,-279.61816264776695,319.8428599606946,9.54210092367295,2.9146894325465715,210.0744375186284,-279.61816264776695,0.0,0.0,0.0,0.0,1,1,1,1
184,0.184,9.770438228626578,2.6179316196497986,245.14989758360315,-313.62315592886415,398.0677784247699,13.875847610052583,0.0,55.481181036486774,0.0,679.965647528093,-4.105409381426005,2.6179316196497986,189.6687165471164,-313.62315592886415,366.5156285500129,9.770438228626578,2.6179316196497986,245.14989758360315,-313.62315592886415,0.0,0.0,0.0,0.0,1,1,1,1
185,0.185,10.02936424709803,2.2882133120116475,271.1308727081503,-345.3177729968364,439.04021966441513,13.931668773912834,0.0,56.16114668401487,0.0,662.506423676474,-3.902304526814804,2.2882133120116475,214.96972602413547,-345.3177729968364,406.7632572570764,10.02936424709803,2.2882133120116475,271.1308727081503,-345.3177729968364,0.0,0.0,0.0,0.0,1,1,1,1
186,0.186,10.309497462680604,1.9285049351576158,287.519931999283,-373.3880702249643,471.2603975332483,13.988161173808688,0.0,56.82365310769134,0.0,639.4749854763187,-3.6786637111280847,1.9285049351576158,230.69627889159167,-373.3880702249643,438.90707909619084,10.309497462680604,1.9285049351576158,287.519931999283,-373.3880702249643,0.0,0.0,0.0,0.0,1,1,1,1
187,0.187,10.601191035643451,1.5430620958863828,294.28524847407135,-396.587880244184,493.8479059650058,14.045304564409118,0.0,57.46312809316766,0.0,612.0477899445597,-3.4441135287656675,1.5430620958863828,236.8221203809037,-396.587880244184,461.91629486118205,10.601191035643451,1.5430620958863828,294.28524847407135,-396.587880244184,0.0,0.0,0.0,0.0,1,1,1,1
188,0.188,10.894998453019795,1.137327426693795,291.8565765376937,-413.79909835979157,506.36938599374184,14.103073716397258,0.0,58.07517588311222,0.0,581.4652519390817,-3.208075263377463,1.137327426693795,233.78140065458146,-413.79909835979157,475.27196119210987,10.894998453019795,1.137327426693795,291.8565765376937,-413.79909835979157,0.0,0.0,0.0,0.0,1,1,1,1
189,0.189,11.182122905863201,0.7177740384088546,281.0968682403048,-424.0877070360137,508.7885932227363,14.161439624906341,0.0,58.6566411350513,0.0,548.9699773615395,-2.9793167190431404,0.7177740384088546,222.44022710525348,-424.0877070360137,478.88415915929033,11.182122905863201,0.7177740384088546,281.0968682403048,-424.0877070360137,0.0,0.0,0.0,0.0,1,1,1,1
190,0.19,11.454826673020335,0.2916962277559777,263.25102929248504,-426.75280657248555,501.41705429816216,14.220370751030075,0.0,59.20561111241284,0.0,515.7463188251027,-2.7655440780097393,0.2916962277559777,204.0454181800722,-426.75280657248555,473.02483084693745,11.454826673020335,0.2916962277559777,263.25102929248504,-426.75280657248555,0.0,0.0,0.0,0.0,1,1,1,1
191,0.191,11.70677893493362,-0.1330443162929123,239.87458344603976,-421.36621078690735,484.8600822673769,14.2798342353019,0.0,59.72135743123794,0.0,482.86444970637626,-2.5730553003682797,-0.1330443162929123,180.15322601480182,-421.36621078690735,458.2626631490468,11.70677893493362,-0.1330443162929123,239.87458344603976,-421.36621078690735,0.0,0.0,0.0,0.0,1,1,1,1
192,0.192,11.93332378486689,-0.5483063183337908,212.74613423202112,-407.80057713951174,459.9589420219896,14.339797024957992,0.0,60.20422188094432,0.0,451.23188730188326,-2.4064732400911026,-0.5483063183337908,152.5419123510768,-407.80057713951174,435.396768177076,11.93332378486689,-0.5483063183337908,212.74613423202112,-407.80057713951174,0.0,0.0,0.0,0.0,1,1,1,1
193,0.193,12.131654568562043,-0.9459784633628285,183.7684223522184,-386.24455271348444,427.7331966946954,14.400226862782587,0.0,60.6554537682462,0.0,421.55497087848687,-2.2685722942205437,-0.9459784633628285,123.11296858397222,-386.24455271348444,405.39074673011197,12.131654568562043,-0.9459784633628285,183.7684223522184,-386.24455271348444,0.0,0.0,0.0,0.0,1,1,1,1
194,0.194,12.30088582835783,-1.3182971843765525,154.8634229508702,-357.20400720899556,389.3294010657611,14.461093094036272,0.0,61.077008739124686,0.0,394.31223946894966,-2.1602072656784426,-1.3182971843765525,93.7864142117455,-357.20400720899556,369.3109722941646,12.30088582835783,-1.3182971843765525,154.8634229508702,-357.20400720899556,0.0,0.0,0.0,0.0,1,1,1,1
195,0.195,12.44201977067991,-1.6581585786892035,127.8672718301818,-321.48906411884604,345.9844758848366,14.52236725889513,0.0,61.47132097859364,0.0,369.740988539403,-2.080347488215221,-1.6581585786892035,66.39595085158817,-321.48906411884604,328.2737282170141,12.44201977067991,-1.6581585786892035,127.8672718301818,-321.48906411884604,0.0,0.0,0.0,0.0,1,1,1,1
196,0.196,12.55781000351552,-1.9594103817901953,104.43083248025913,-280.18730143263707,299.01625818109517,14.584023450367994,0.0,61.841061967133044,0.0,347.8375511216974,-2.0262134468524735,-1.9594103817901953,42.58977051312608,-280.18730143263707,283.40573818549296,12.55781000351552,-1.9594103817901953,104.43083248025913,-280.18730143263707,0.0,0.0,0.0,0.0,1,1,1,1
197,0.197,12.652530978013159,-2.2171106256834174,85.93141368585354,-234.6241423022513,249.86535576009004,14.646038431110687,0.0,62.18889951825474,0.0,328.3710883368759,-1.9935074530975285,-2.2171106256834174,23.7425141675988,-234.6241423022513,235.8223804689998,12.652530978013159,-2.2171106256834174,85.93141368585354,-234.6241423022513,0.0,0.0,0.0,0.0,1,1,1,1
198,0.198,12.731666796981774,-2.4277409373697942,73.40053586070005,-186.3120631675329,200.24940336086067,14.70839151617311,0.0,62.517270606591616,0.0,310.9099285538563,-1.9767247191913366,-2.4277409373697942,10.88326525410843,-186.3120631675329,186.629660944701,12.731666796981774,-2.4277409373697942,73.40053586070005,-186.3120631675329,0.0,0.0,0.0,0.0,1,1,1,1
199,0.199,12.801537528360793,-2.5893643356686264,67.47175606413444,-136.89078278255792,152.61560954633546,14.771064241743979,0.0,62.82818053514547,0.0,294.85880495395116,-1.9695267133831855,-2.5893643356686264,4.643575528988968,-136.89078278255792,136.9695192534269,12.801537528360793,-2.5893643356686264,67.47175606413444,-136.89078278255792,0.0,0.0,0.0,0.0,1,1,1,1
200,0.2,12.868884630218036,-2.7017197765349845,68.35144551588628,-88.0610345208026,111.47495640270579,14.8340398516816,0.0,63.123039340099425,0.0,279.5047460561592,-1.965155221463565,-2.7017197765349845,5.2284061757868585,-88.0610345208026,88.21610982135289,12.868884630218036,-2.7017197765349845,68.35144551588628,-88.0610345208026,0.0,0.0,0.0,0.0,1,1,1,1
201,0.201,12.940439357451195,-2.766248470296092,75.81413102677303,-41.514844871895384,86.43647845720143,14.89730264339473,0.0,63.40254408615559,0.0,264.068905572685,-1.956863285943534,-2.766248470296092,12.41158694061744,-41.514844871895384,43.330472362092294,12.940439357451195,-2.766248470296092,75.81413102677303,-41.514844871895384,0.0,0.0,0.0,0.0,1,1,1,1
202,0.202,13.022498947868755,-2.7860500219576494,89.22263440401751,1.1345727062982434,89.22984783814688,14.960837221933671,0.0,63.66661299172827,0.0,247.76130249830902,-1.9383382740649164,-2.7860500219576494,25.55602141228924,1.1345727062982434,25.581193984082585,13.022498947868755,-2.7860500219576494,89.22263440401751,1.1345727062982434,0.0,0.0,0.0,0.0,1,1,1,1
203,0.203,13.120534919919356,-2.7657695883003743,107.57184850261893,38.42015702882769,114.22701544026341,15.02462771557665,0.0,63.91437429422658,0.0,229.83529678573225,-1.9040927956572933,-2.7657695883003743,43.65747420839235,38.42015702882769,58.15568347441393,13.120534919919356,-2.7657695883003743,107.57184850261893,38.42015702882769,0.0,0.0,0.0,0.0,1,1,1,1
204,0.20400000000000001,13.238855977198432,-2.7114203570549407,129.55365343473983,69.08252424329719,146.82147075313753,15.088657007519268,0.0,64.14420959101231,0.0,209.63865808265564,-1.8498010303208368,-2.7114203570549407,65.40944384372752,69.08252424329719,95.13564263603567,13.238855977198432,-2.7114203570549407,129.55365343473983,69.08252424329719,0.0,0.0,0.0,0.0,1,1,1,1
205,0.20500000000000002,13.38034490424351,-2.630148588839581,153.63927669928648,92.12287823974484,179.14143027187978,15.15290603643932,0.0,64.35384824909497,0.0,186.65829271491125,-1.7725611321958112,-2.630148588839581,89.28542845019152,92.12287823974484,128.29073399396046,13.38034490424351,-2.630148588839581,153.63927669928648,92.12287823974484,0.0,0.0,0.0,0.0,1,1,1,1
206,0.20600000000000002,13.546284624156309,-2.52995108413704,178.174404524737,106.84488438344069,207.7545372468564,15.217353213834773,0.0,64.54050654180988,0.0,160.55606558101204,-1.6710685896784643,-2.52995108413704,113.63389798292714,106.84488438344069,155.9759343286813,13.546284624156309,-2.52995108413704,178.174404524737,106.84488438344069,0.0,0.0,0.0,0.0,1,1,1,1
207,0.20700000000000002,13.736283503977637,-2.4193571218298673,201.4816152529829,112.88357745965119,230.94922243869993,15.281973998409374,0.0,64.70106260739088,0.0,131.19366800675058,-1.545690494431737,-2.4193571218298673,136.78055264559202,112.88357745965119,177.34605053996168,13.736283503977637,-2.4193571218298673,201.48161525298292,112.88357745965119,0.0,0.0,-2.842170943040401e-14,0.0,1,1,1,1
208,0.20800000000000002,13.948304320983288,-2.307088559127178,221.96427148664873,110.21995948561454,247.82368184983696,15.346740657850768,0.0,64.83225627539763,0.0,98.64511113011449,-1.39843633686748,-2.307088559127178,157.1320152112511,110.21995948561454,191.93464948611899,13.948304320983288,-2.307088559127178,221.96427148664873,110.21995948561454,0.0,0.0,0.0,0.0,1,1,1,1
209,0.209,14.178795358785454,-2.201712806450893,238.20590154443042,99.1805926266879,258.0287609635327,15.411622236681731,0.0,64.93090138652774,0.0,63.19613198661931,-1.2328268778962777,-2.201712806450893,173.2750001579027,99.1805926266879,199.6522367355352,14.178795358785454,-2.201712806450893,238.20590154443045,99.1805926266879,0.0,0.0,-2.842170943040401e-14,0.0,1,1,1,1
210,0.21,14.422916219447131,-2.1113037450740944,249.059329813386,80.42217667730628,261.72175352577943,15.476584736134253,0.0,64.99409751851435,0.0,25.33054672948324,-1.0536685166871216,-2.1113037450740944,184.06523229487163,80.42217667730628,200.8674593887246,14.422916219447131,-2.1113037450740944,249.059329813386,80.42217667730628,0.0,0.0,0.0,0.0,1,1,1,1
211,0.211,14.674845447801829,-2.0431253212396574,253.72036841182825,54.90178754026264,259.5924336766193,15.541591498926133,0.0,65.01942806524383,0.0,-14.295669239844289,-0.8667460511243039,-2.0431253212396574,188.70094034658442,54.90178754026264,196.5254466037448,14.674845447801829,-2.0431253212396574,253.72036841182825,54.90178754026264,0.0,0.0,0.0,0.0,1,1,1,1
212,0.212,14.92815227726058,-2.0033515414854457,251.7817295873258,23.834110751255842,252.90730355070488,15.606603779156757,0.0,65.00513239600399,0.0,-54.89109250214902,-0.678451501896177,-2.0033515414854457,186.7765971913218,23.834110751255842,188.2911630790792,14.92815227726058,-2.0033515414854457,251.7817295873258,23.834110751255842,0.0,0.0,0.0,0.0,1,1,1,1
213,0.213,15.176210994984809,-1.9968349548975253,243.2639133267029,-11.362398459332706,243.52912685297065,15.67158146600651,0.0,64.95024130350184,0.0,-95.57425297306253,-0.49537047102170106,-1.9968349548975253,178.31367202320104,-11.362398459332706,178.67531930612677,15.176210994984809,-1.9968349548975253,243.2639133267029,-11.362398459332706,0.0,0.0,0.0,0.0,1,1,1,1
214,0.214,15.412633807405953,-2.026933513486804,228.6211075833612,-49.12798785304789,233.84005222188102,15.736483920183524,0.0,64.85466705052878,0.0,-135.4251215649727,-0.3238501127775706,-2.026933513486804,163.76644053283243,-49.12798785304789,170.9766248212982,15.412633807405953,-2.026933513486804,228.6211075833612,-49.12798785304789,0.0,0.0,0.0,0.0,1,1,1,1
215,0.215,15.631696817859744,-2.095403052438382,208.72153846407195,-87.82987587663361,226.44815679380994,15.80127087467327,0.0,64.7192419289638,0.0,-173.53972274109526,-0.16957405681352533,-2.095403052438382,144.00229653510814,-87.82987587663361,168.67349674412424,15.631696817859744,-2.095403052438382,208.72153846407195,-87.82987587663361,0.0,0.0,0.0,0.0,1,1,1,1
216,0.216,15.828733885148079,-2.202359649664287,184.8031470146227,-125.833210544132,223.5759379323994,15.865903346740863,0.0,64.5457022062227,0.0,-209.08471794219437,-0.037169461592784,-2.202359649664287,120.25744480840001,-125.833210544132,174.05703061838446,15.828733885148079,-2.202359649664287,184.8031470146227,-125.833210544132,0.0,0.0,0.0,0.0,1,1,1,1
217,0.217,16.00047471446628,-2.346312946715218,158.4068677808129,-161.5714932151431,226.2699343260146,15.930344506588115,0.0,64.33661748828051,0.0,-241.34878919740925,0.07013020787816338,-2.346312946715218,94.07025029253238,-161.5714932151431,186.9613848094593,16.00047471446628,-2.346312946715218,158.4068677808129,-161.5714932151431,0.0,0.0,0.0,0.0,1,1,1,1
218,0.218,16.14530646015766,-2.524268287822424,131.29106395852588,-193.61326804438667,233.93041922372825,15.994560449681797,0.0,64.0952686990831,0.0,-269.7878127260476,0.15074601047586178,-2.524268287822424,67.19579525944278,-193.61326804438667,204.9423637596104,16.14530646015766,-2.524268287822424,131.29106395852588,-193.61326804438667,0.0,0.0,0.0,0.0,1,1,1,1
219,0.219,16.263442237675914,-2.731892410249429,105.33176287687812,-220.72205343434408,244.5669747595213,16.058520824474517,0.0,63.825480886357056,0.0,-294.0611414619648,0.20492141320139723,-2.731892410249429,41.50628199052106,-220.72205343434408,224.59073070131387,16.263442237675914,-2.731892410249429,105.33176287687812,-220.72205343434408,0.0,0.0,0.0,0.0,1,1,1,1
220,0.22,16.356985027492858,-2.9637345422892127,82.41417231386708,-241.9068078609216,255.56016803805832,16.122199274790145,0.0,63.53141974489509,0.0,-314.0567953545323,0.23478575270271307,-2.9637345422892127,18.882752568971995,-241.9068078609216,242.64266326028044,16.356985027492858,-2.9637345422892127,82.41417231386708,-241.9068078609216,0.0,0.0,0.0,0.0,1,1,1,1
221,0.221,16.429881229192652,-3.213492268855749,64.32149503665326,-256.46066437045323,264.4037198926756,16.185573666137362,0.0,63.21736294954056,0.0,-329.9039628708493,0.24430756305529044,-3.213492268855749,1.1041320871127027,-256.46066437045323,256.4630411521318,16.429881229192652,-3.213492268855749,64.32149503665326,-256.46066437045323,0.0,0.0,0.0,0.0,1,1,1,1
222,0.222,16.487764272706663,-3.474309524788439,52.62726476067426,-263.9862153677337,269.1808888096805,16.248626077105467,0.0,62.88745898666971,0.0,-341.9719133099088,0.2391381956011962,-3.474309524788439,-10.260194225995448,-263.9862153677337,264.18552853957505,16.487764272706663,-3.474309524788439,52.62726476067426,-263.9862153677337,0.0,0.0,0.0,0.0,1,1,1,1
223,0.223,16.53769487641108,-3.73909266574852,48.59728843895263,-264.4062565822767,268.8352003802171,16.311342550135482,0.0,62.545487073359794,0.0,-350.85516923450575,0.22635232627559887,-3.73909266574852,-13.948198634407163,-264.4062565822767,264.7739049925381,16.53769487641108,-3.73909266574852,48.59728843895263,-264.4062565822767,0.0,0.0,0.0,0.0,1,1,1,1
224,0.224,16.587810415961343,-4.00082981153956,53.10680342916975,-257.95957710493946,263.36946670148325,16.373712609624224,0.0,62.19463190412529,0.0,-357.34555043774,0.2140978063371186,-4.00082981153956,-9.087828474955536,-257.95957710493946,258.1196080241666,16.587810415961343,-4.00082981153956,53.10680342916975,-257.95957710493946,0.0,0.0,0.0,0.0,1,1,1,1
225,0.225,16.646901106031372,-4.25289859190323,66.57766835882734,-245.1820795242741,254.06069755856663,16.435728568753127,0.0,61.837286353687546,0.0,-362.39243355704406,0.21117253727824448,-4.25289859190323,4.740382005139793,-245.1820795242741,245.22790082166856,16.646901106031372,-4.25289859190323,66.57766835882734,-245.1820795242741,0.0,0.0,0.0,0.0,1,1,1,1
226,0.226,16.723935005885824,-4.489348053210075,88.93934552847969,-226.8741979365445,243.68444528197665,16.497384658890034,0.0,61.474893920130505,0.0,-367.0532344491211,0.2265503469957899,-4.489348053210075,27.464451608349187,-226.8741979365445,228.53051829350434,16.723935005885824,-4.489348053210075,88.93934552847969,-226.8741979365445,0.0,0.0,0.0,0.0,1,1,1,1
227,0.227,16.827556995154495,-4.705141776515589,119.61615767882357,-204.05622003138916,236.5311102399511,16.55867602619294,0.0,61.10784068568138,0.0,-372.43667721600815,0.2688809689615539,-4.705141776515589,58.50831699314219,-204.05622003138916,212.27850595589916,16.827556995154495,-4.705141776515589,119.61615767882357,-204.05622003138916,0.0,0.0,0.0,0.0,1,1,1,1
228,0.228,16.965588648021367,-4.8963511527173385,157.54188210633933,-177.91368273625318,237.6399022100116,16.619597648540015,0.0,60.73540400846537,0.0,-379.64183354683865,0.3459909994813515,-4.8963511527173385,96.80647809787396,-177.91368273625318,202.54572991423518,16.965588648021367,-4.8963511527173385,157.54188210633933,-177.91368273625318,0.0,0.0,0.0,0.0,1,1,1,1
229,0.229,17.14455625564932,-5.060290170367012,201.2012578512972,-149.73547269435363,250.80402298198032,16.680143231631707,0.0,60.35576217491853,0.0,-389.69617546431687,0.4644130240176132,-5.060290170367012,140.84549567637868,-149.73547269435363,205.56790954652024,17.14455625564932,-5.060290170367012,201.2012578512972,-149.73547269435363,0.0,0.0,0.0,0.0,1,1,1,1
230,0.23,17.36927308115398,-5.195585883321396,248.69650836421687,-120.8476015305766,276.503338258774,16.74030414571889,0.0,59.966065999454216,0.0,-403.4959689993845,0.6289689354350898,-5.195585883321396,188.73044236476267,-120.8476015305766,224.1056060675235,17.36927308115398,-5.195585883321396,248.69650836421687,-120.8476015305766,0.0,0.0,0.0,0.0,1,1,1,1
231,0.231,17.642499333413348,-5.302181807287973,297.8356035327361,-92.54582553565928,311.88263266136806,16.800068463733847,0.0,59.56257003045483,0.0,-421.7522406310393,0.8424308696795002,-5.302181807287973,238.2730335022813,-92.54582553565928,255.61449160494783,17.642499333413348,-5.302181807287973,297.8356035327361,-92.54582553565928,0.0,0.0,0.0,0.0,1,1,1,1
232,0.232,17.964699448787847,-5.381274702159307,346.23777711246163,-66.03033065490678,352.47780478517365,16.859420157643985,0.0,59.14081778982379,0.0,-444.9452771816368,1.1052792911438623,-5.381274702159307,287.0969593226378,-66.03033065490678,294.59237705463573,17.964699448787847,-5.381274702159307,346.23777711246163,-66.03033065490678,0.0,0.0,0.0,0.0,1,1,1,1
233,0.233,18.33391127841523,-5.435188380579096,391.4508452082831,-42.34560400382121,393.7345735298434,16.91833850279522,0.0,58.695872512642154,0.0,-473.2901874545571,1.41557277562001,-5.435188380579096,332.75497269564096,-42.34560400382121,335.43855179768053,18.33391127841523,-5.435188380579096,391.4508452082831,-42.34560400382121,0.0,0.0,0.0,0.0,1,1,1,1
234,0.234,18.745735958750736,-5.467191193208302,431.074192434036,-22.328367086372715,431.65207674630744,16.976797730214134,0.0,58.222582325187595,0.0,-506.7154832175037,1.7689382285366015,-5.467191193208302,372.8516101088484,-22.328367086372715,373.5195833386845,18.745735958750736,-5.467191193208302,431.074192434036,-22.328367086372715,0.0,0.0,0.0,0.0,1,1,1,1
235,0.23500000000000001,19.19345090631149,-5.481266536409339,462.88094287532874,-6.566064827052463,462.9275110473198,17.03476695479771,0.0,57.71586684197009,0.0,-544.8559586757268,2.1586839515137797,-5.481266536409339,405.1650760333587,-6.566064827052463,405.21827703650087,19.19345090631149,-5.481266536409339,462.88094287532874,-6.566064827052463,0.0,0.0,0.0,0.0,1,1,1,1
236,0.23600000000000002,19.6682418653369,-5.4818479818606995,484.9328332123372,4.632093887833053,484.9549556619977,17.092210393660345,0.0,57.171010883294365,0.0,-587.0603977240511,2.576031471676554,-5.4818479818606995,427.76182232904284,4.632093887833053,427.7869013142517,19.6682418653369,-5.4818479818606995,484.9328332123372,4.632093887833053,0.0,0.0,0.0,0.0,1,1,1,1
237,0.23700000000000002,20.15954360121769,-5.473532333761015,495.68165648970916,11.25014108180784,495.80930835830685,17.149087874344776,0.0,56.58395048557031,0.0,-632.4138572954851,3.0104557268729124,-5.473532333761015,439.09770600413884,11.25014108180784,439.24180253302137,20.15954360121769,-5.473532333761015,495.68165648970916,11.25014108180784,0.0,0.0,0.0,0.0,1,1,1,1
238,0.23800000000000002,20.655473016554033,-5.46078499704057,494.0518290634845,13.56565615764443,494.2380366058059,17.2053556179017,0.0,55.95153662827483,0.0,-679.7735050369733,3.450117398652335,-5.46078499704057,438.10029243520967,13.56565615764443,438.3102705376679,20.655473016554033,-5.46078499704057,494.0518290634845,13.56565615764443,0.0,0.0,0.0,0.0,1,1,1,1
239,0.23900000000000002,21.143333486847077,-5.447652437864111,479.4996140277461,12.135325371630207,479.6531517405393,17.260967267777456,0.0,55.271763123237854,0.0,-727.8162717820616,3.8823662190696204,-5.447652437864111,424.2278509045082,12.135325371630207,424.40138501768934,21.143333486847077,-5.447652437864111,479.4996140277461,12.135325371630207,0.0,0.0,0.0,0.0,1,1,1,1
240,0.24,21.61016534087378,-5.437496215836358,452.045759499905,7.766404512691555,452.1124702116728,17.3158751227648,0.0,54.54394685145579,0.0,-775.0959524977716,4.29429021810898,-5.437496215836358,397.5018126484492,7.766404512691555,397.57767555266173,21.61016534087378,-5.437496215836358,452.045759499905,7.766404512691555,0.0,0.0,0.0,0.0,1,1,1,1
241,0.241,22.043314859108264,-5.432762078481267,412.2797136922743,1.4754047613395525,412.28235366238204,17.37003152164001,0.0,53.76885089895802,0.0,-820.1068873084251,4.673283337468256,-5.432762078481267,358.5108627933163,1.4754047613395525,358.5138986985272,22.043314859108264,-5.432762078481267,412.2797136922743,1.4754047613395525,0.0,0.0,0.0,0.0,1,1,1,1
242,0.242,22.430993073429974,-5.434795977585132,361.3350850603787,-5.564068814374425,361.3779220668609,17.42339031909531,0.0,52.948744011649595,0.0,-861.3510038750824,5.007602754334663,-5.434795977585132,308.3863410487291,-5.564068814374425,308.4365318946414,22.430993073429974,-5.434795977585132,361.3350850603787,-5.564068814374425,0.0,0.0,0.0,0.0,1,1,1,1
243,0.243,22.762796085224693,-5.443716668706316,300.83754362392835,-12.08187598784179,301.0800547712595,17.475908387605024,0.0,52.087393007774516,0.0,-897.4048226910238,5.286887697619669,-5.443716668706316,248.75015061615383,-12.08187598784179,249.04338810525527,22.762796085224693,-5.443716668706316,300.83754362392835,-12.08187598784179,0.0,0.0,0.0,0.0,1,1,1,1
244,0.244,23.03016055687087,-5.458351890963684,232.82782615062285,-16.7774397281975,233.4315298194697,17.527547078201454,0.0,51.18998818508349,0.0,-926.9830274031167,5.502613478669417,-5.458351890963684,181.63783796553935,-16.7774397281975,182.41103767214534,23.03016055687087,-5.458351890963684,232.82782615062285,-16.7774397281975,0.0,0.0,0.0,0.0,1,1,1,1
245,0.245,23.226731372131088,-5.476242117412982,159.66383384101073,-18.388251530346988,160.71921985609933,17.578273574872835,0.0,50.263005157680375,0.0,-948.9953830358007,5.648457797258253,-5.476242117412982,109.40082868333036,-18.388251530346988,110.93542766376622,23.226731372131088,-5.476242117412982,159.66383384101073,-18.388251530346988,0.0,0.0,0.0,0.0,1,1,1,1
246,0.246,23.348623026745244,-5.4937126563941305,83.90692456837428,-15.75752150632562,85.37371653234482,17.628062082339,0.0,49.314009774644575,0.0,-962.594136224644,5.720560944406245,-5.4937126563941305,34.592914793729705,-15.75752150632562,38.012750991589094,23.348623026745244,-5.4937126563941305,83.90692456837428,-15.75752150632562,0.0,0.0,0.0,0.0,1,1,1,1
247,0.247,23.39456185770431,-5.506011620418587,8.198342191986697,-7.897733288941643,11.383628850246577,17.67689479504553,0.0,48.35141563841993,0.0,-967.2095343342727,5.71766706265878,-5.506011620418587,-40.15307344643323,-7.897733288941643,40.92240826610671,23.39456185770431,-5.506011620418587,8.198342191986697,-7.897733288941643,0.0,0.0,0.0,0.0,1,1,1,1
248,0.248,23.36590245114267,-5.507508113542249,-64.86775268061214,5.952962788531102,65.14033392449488,17.72476260591678,0.0,47.384206104085656,0.0,-962.5717275719711,5.64113984522589,-5.507508113542249,-112.25195878469779,5.952962788531102,112.40969716605026,23.36590245114267,-5.507508113542249,-64.86775268061214,5.952962788531102,0.0,0.0,0.0,0.0,1,1,1,1
249,0.249,23.266518150199605,-5.491942068616317,-132.86801125674623,26.284267896096456,135.44287044417143,17.77166552615708,0.0,46.42163437651369,0.0,-948.7180361688683,5.494852624042526,-5.491942068616317,-179.2896456332599,26.284267896096456,181.2060699042217,23.266518150199605,-5.491942068616317,-132.86801125674623,26.284267896096456,0.0,0.0,0.0,0.0,1,1,1,1
250,0.25,23.102572162156477,-5.4527146291523,-193.6639269709475,53.27946794854232,200.8592002241576,17.81761280151551,0.0,45.47291634034482,0.0,-925.9853347926721,5.284959360640968,-5.4527146291523,-239.13684331129232,53.27946794854232,245.00026843611687,23.102572162156477,-5.4527146291523,-193.6639269709475,53.27946794854232,0.0,0.0,0.0,0.0,1,1,1,1
251,0.251,22.88218198532436,-5.383205936207934,-245.50023887278866,86.79513073466961,260.39155517382795,17.862622725188455,0.0,44.546931005552146,0.0,-894.9880872260395,5.019559260135907,-5.383205936207934,-290.0471698783408,86.79513073466961,302.7552732384417,22.88218198532436,-5.383205936207934,-245.50023887278866,86.79513073466961,0.0,0.0,0.0,0.0,1,1,1,1
252,0.252,22.614995406445544,-5.277105745176831,-287.0826260116395,126.3558775705593,313.6594362590819,17.906722162150395,0.0,43.65194291832611,0.0,-856.5833141141077,4.70827324429515,-5.277105745176831,-330.7345689299656,126.3558775705593,354.0496616040133,22.614995406445544,-5.277105745176831,-287.0826260116395,126.3558775705593,0.0,0.0,0.0,0.0,1,1,1,1
253,0.253,22.311700862053975,-5.128741529686812,-317.6307301990607,171.1646477722099,360.81382652799374,17.949945813411663,0.0,42.795359604211995,0.0,-811.8244551102727,4.361755048642312,-5.128741529686812,-360.4260898032727,171.1646477722099,399.00413889815917,22.311700862053975,-5.128741529686812,-317.63073019906074,171.1646477722099,0.0,0.0,5.684341886080802e-14,0.0,1,1,1,1
254,0.254,21.983498269049853,-4.933388668344829,-336.9038757441628,220.12815960137175,402.44332289270903,17.99233526078832,0.0,41.983535149101726,0.0,-761.9066577884496,3.991163008261534,-4.933388668344829,-378.88741089326453,220.12815960137175,438.19182646745986,21.983498269049853,-4.933388668344829,-336.9038757441628,220.12815960137175,0.0,0.0,0.0,0.0,1,1,1,1
255,0.255,21.641558334072595,-4.687547960685459,-345.19832572796213,271.8965673024818,439.419648395769,18.033937842608527,0.0,41.221628491313275,0.0,-708.1064588529787,3.6076204914640684,-4.687547960685459,-386.4199542192754,271.8965673024818,472.49140132884946,21.641558334072595,-4.687547960685459,-345.19832572796213,271.8965673024818,0.0,0.0,0.0,0.0,1,1,1,1
256,0.256,21.296498747731516,-4.389177054445216,-343.3164454358425,324.91565288825063,472.69055755166085,18.074805417870415,0.0,40.513522032460294,0.0,-651.7190955606161,3.2216933298611004,-4.389177054445216,-383.8299674683028,324.91565288825063,502.8872889808576,21.296498747731516,-4.389177054445216,-343.3164454358425,324.91565288825063,0.0,0.0,0.0,0.0,1,1,1,1
257,0.257,20.957904539667243,-4.0378643286290945,-332.50965178205894,377.4893039848398,503.05153130786204,18.114993080355095,0.0,39.86180293689968,0.0,-593.9967826829109,2.8429114593121483,-4.0378643286290945,-372.3714547189586,377.4893039848398,530.2439767809458,20.957904539667243,-4.0378643286290945,-332.50965178205894,377.4893039848398,0.0,0.0,0.0,0.0,1,1,1,1
258,0.258,20.633917277732856,-3.6349362782143197,-314.398431272674,427.8495425137302,530.9440691974312,18.154557884900655,0.0,39.26780615421677,0.0,-536.091208060554,2.479359392832201,-3.6349362782143197,-353.66623742689075,427.8495425137302,555.0991249541852,20.633917277732856,-3.6349362782143197,-314.398431272674,427.8495425137302,0.0,0.0,0.0,0.0,1,1,1,1
259,0.259,20.330913882443234,-3.183492374200961,-290.87393229075394,474.23100587228555,556.3296607380609,18.19355764545084,0.0,38.73171494615622,0.0,-479.0032428239317,2.1373562369923924,-3.183492374200961,-329.60564723691016,474.23100587228555,577.5248303069767,20.330913882443234,-3.183492374200961,-290.87393229075394,474.23100587228555,0.0,0.0,0.0,0.0,1,1,1,1
260,0.26,20.05329081077403,-2.688364594662291,-263.9866140949421,514.946559548587,578.6699332194808,18.232049858775586,0.0,38.25271170333229,0.0,-423.54244509445016,1.821240951998444,-2.688364594662291,-302.2393257982744,514.946559548587,597.0917594892111,20.05329081077403,-2.688364594662291,-263.9866140949421,514.946559548587,0.0,0.0,0.0,0.0,1,1,1,1
261,0.261,19.803363515650638,-2.1560021922435886,-235.82811215293475,548.4606483179722,597.0125469661316,18.270090799256373,0.0,37.82916925823784,0.0,-370.29838149340276,1.533272716394265,-2.1560021922435886,-273.65728141117256,548.4606483179722,612.941588100142,19.803363515650638,-2.1560021922435886,-235.82811215293472,548.4606483179722,0.0,0.0,-2.842170943040401e-14,0.0,1,1,1,1
262,0.262,19.58138472812042,-1.5942856278620279,-208.41282080970637,573.4570759587975,610.1548343208245,18.307734819323866,0.0,37.458870876744434,0.0,-319.62512950159515,1.2736499087965534,-1.5942856278620279,-245.87169168645082,573.4570759587975,623.9438330009931,19.58138472812042,-1.5942856278620279,-208.41282080970637,573.4570759587975,0.0,0.0,0.0,0.0,1,1,1,1
263,0.263,19.3856785847896,-1.0122768057253715,-183.56568159179557,588.8981373514375,616.844693285314,18.34503387763586,0.0,37.13924574724284,0.0,-271.63959178786973,1.0406447071537386,-1.0122768057253715,-220.70492733903842,588.8981373514375,628.8971944028076,19.3856785847896,-1.0122768057253715,-183.56568159179557,588.8981373514375,0.0,0.0,0.0,0.0,1,1,1,1
264,0.264,19.212881288818274,-0.41991564469973075,-162.82229968550112,594.0724015168042,615.9814279008891,18.38203730358721,0.0,36.86760615545497,0.0,-226.23349097101092,0.8308439852310627,-0.41991564469973075,-199.6899058409561,594.0724015168042,626.7360502944705,19.212881288818274,-0.41991564469973075,-162.82229968550112,594.0724015168042,0.0,0.0,0.0,0.0,1,1,1,1
265,0.265,19.05827319313901,0.17232451734430365,-147.3468124905411,588.628942780169,606.7908333434366,18.41879179299718,0.0,36.64137266448396,0.0,-183.09816140399656,0.639481400141829,0.17232451734430365,-183.98818515502506,588.628942780169,616.7136163205247,19.05827319313901,0.17232451734430365,-147.3468124905411,588.628942780169,0.0,0.0,0.0,0.0,1,1,1,1
266,0.266,18.91618224476869,0.7538082794066443,-137.87194091362136,572.5964172937427,588.9612289352491,18.455341616580963,0.0,36.45827450307996,0.0,-141.76055432385837,0.46084062818772864,0.7538082794066443,-174.33021541670132,572.5964172937427,598.5463065668882,18.91618224476869,0.7538082794066443,-137.87194091362136,572.5964172937427,0.0,0.0,0.0,0.0,1,1,1,1
267,0.267,18.780434897805605,1.31412061607516,-134.66442050069168,546.3860564360313,562.7363759492583,18.491729010806882,0.0,36.3165139487561,0.0,-101.62826207984652,0.28870588699872357,1.31412061607516,-170.98093444944777,546.3860564360313,572.5139322435082,18.780434897805605,1.31412061607516,-134.66442050069168,546.3860564360313,0.0,0.0,0.0,0.0,1,1,1,1
268,0.268,18.6448280975574,1.8434441498890066,-137.5176029351328,510.7783665261241,528.966568724452,18.527994710624597,0.0,36.214885686676254,0.0,-62.04087920191703,0.11683338693280376,1.8434441498890066,-173.73248862180907,510.7783665261241,539.5160028338572,18.6448280975574,1.8434441498890066,-137.5176029351328,510.7783665261241,0.0,0.0,0.0,0.0,1,1,1,1
269,0.269,18.503594894492682,2.332915162522601,-145.7715155682193,466.8940532246136,489.1210399150336,18.564178575871672,0.0,36.15284480747434,0.0,-22.324679158595586,-0.06058368137898995,2.332915162522601,-181.92436037569362,466.8940532246136,501.08535184598395,18.503594894492682,2.332915162522601,-145.7715155682193,466.8940532246136,0.0,0.0,0.0,0.0,1,1,1,1
270,0.27,18.351836719919664,2.7749431249463816,-158.3591494409637,416.15039578835933,445.2625878360696,18.60032025833957,0.0,36.130520128315744,0.0,18.152585992822157,-0.24848353841990445,2.7749431249463816,-194.48966956927944,416.15039578835933,459.35539997258724,18.351836719919664,2.7749431249463816,-158.3591494409637,416.15039578835933,0.0,0.0,0.0,0.0,1,1,1,1
271,0.271,18.185897318333716,3.163480083945704,-173.876297422809,360.2049488394096,399.97571423008526,18.636459854760883,0.0,36.14867271430857,0.0,59.929951120943464,-0.45056253642716726,3.163480083945704,-210.02497013711755,360.2049488394096,416.9629398993378,18.185897318333716,3.163480083945704,-173.876297422809,360.2049488394096,0.0,0.0,0.0,0.0,1,1,1,1
272,0.272,18.003656675871113,3.4942284124286282,-190.67096263658468,300.8890177925576,356.2156889034113,18.67263849245075,0.0,36.20860266542951,0.0,103.40757610918534,-0.6689818165796382,3.4942284124286282,-226.87956530201419,300.8890177925576,376.84020244634326,18.003656675871113,3.4942284124286282,-190.67096263658468,300.8890177925576,0.0,0.0,0.0,0.0,1,1,1,1
273,0.273,17.804727826547182,3.7647781165042615,-206.9472742588745,240.1338126710534,317.0038206569668,18.708898798904237,0.0,36.312010241538694,0.0,148.80981741560572,-0.9041709723570541,3.7647781165042615,-243.2592845004132,240.1338126710534,341.81768164269903,17.804727826547182,3.7647781165042615,-206.9472742588745,240.1338126710534,0.0,0.0,0.0,0.0,1,1,1,1
274,0.274,17.590544908865535,3.9746679725586014,-220.87804221610045,179.8925128363512,284.8656274593238,18.745285214054483,0.0,36.4608200589543,0.0,196.1592006810578,-1.1547403051889482,3.9746679725586014,-257.33886227505474,179.8925128363512,313.98185650065255,17.590544908865535,3.9746679725586014,-220.87804221610043,179.8925128363512,0.0,0.0,-2.842170943040401e-14,0.0,1,1,1,1
275,0.275,17.36433698404983,4.125368103712651,-230.71959830002493,122.06165723078136,261.0183541547407,18.78184411371378,0.0,36.65697925963536,0.0,245.26284887327952,-1.4175071296639494,4.125368103712651,-267.3765775596603,122.06165723078136,293.9205375495931,17.36433698404983,4.125368103712651,-230.71959830002493,122.06165723078136,0.0,0.0,0.0,0.0,1,1,1,1
276,0.276,17.130988577171895,4.220185046669476,-234.92243539155223,68.40530278577282,244.6790471199185,18.818623724397852,0.0,36.90224210850864,0.0,295.7122211394893,-1.6876351472259579,4.220185046669476,-271.8246775000609,68.40530278577282,280.29973376231624,17.130988577171895,4.220185046669476,-234.92243539155226,68.40530278577282,0.0,0.0,2.842170943040401e-14,0.0,1,1,1,1
277,0.277,16.89679431022241,4.264093751794822,-232.23137648021037,20.485266403342766,233.1331344135988,18.85567382261693,0.0,37.19795432964813,0.0,346.8962702339172,-1.9588795123945175,4.264093751794822,-269.42933080985847,20.485266403342766,270.20697703846224,16.89679431022241,4.264093751794822,-232.23137648021034,20.485266403342766,0.0,0.0,-2.842170943040401e-14,0.0,1,1,1,1
278,0.278,16.66912101009312,4.26350414834356,-221.7695693276948,-20.399510828287134,222.7058192365539,18.893045225081696,0.0,37.54485059988205,0.0,398.0273719391522,-2.2239242149885747,4.26350414834356,-259.31441992757686,-20.399510828287134,260.1155674395692,16.66912101009312,4.26350414834356,-221.76956932769482,-20.399510828287134,0.0,0.0,2.842170943040401e-14,0.0,1,1,1,1
279,0.279,16.455995964036855,4.225972749296602,-203.10148056151078,-53.26185216608549,209.96913178474517,18.930789089367547,0.0,37.9428779718212,0.0,448.17865956198693,-2.4747931253306916,4.225972749296602,-241.04435853333197,-53.26185216608549,246.85867956567262,16.455995964036855,4.225972749296602,-203.10148056151078,-53.26185216608549,0.0,0.0,0.0,0.0,1,1,1,1
280,0.28,16.26564426906816,4.15987213834714,-176.27120723764446,-77.46139316800546,192.54040078005687,18.96895605666915,0.0,38.39105663138319,0.0,496.33074977177625,-2.7033117876009882,4.15987213834714,-214.66226386902764,-77.46139316800546,228.21076872247806,16.26564426906816,4.15987213834714,-176.27120723764446,-77.46139316800546,0.0,0.0,0.0,0.0,1,1,1,1
281,0.281,16.106001243553308,4.074032968818351,-141.81377250899544,-92.72432128662437,169.43714419010448,19.007595278675417,0.0,38.887387381154966,0.0,541.42530820778,-2.901594035122109,4.074032968818351,-180.7011598901504,-92.72432128662437,203.10270540716792,16.106001243553308,4.074032968818351,-141.81377250899544,-92.72432128662437,0.0,0.0,0.0,0.0,1,1,1,1
282,0.28200000000000003,15.984227470359095,3.9773742308049367,-100.73855185243099,-99.14703020923666,141.34493067894658,19.046753378710676,0.0,39.42881268936274,0.0,582.4225039648993,-3.0625259083515814,3.9773742308049367,-140.16736454179375,-99.14703020923666,171.6887406963642,15.984227470359095,3.9773742308049367,-100.738551852431,-99.14703020923666,0.0,0.0,1.4210854715202004e-14,0.0,1,1,1,1
283,0.28300000000000003,15.90625412990698,3.878537958782628,-54.485507017012075,-97.18363685987275,111.41512351656974,19.08647340265202,0.0,40.01123519332764,0.0,618.3591633334688,-3.180219272745042,3.878537958782628,-94.49674221033972,-97.18363685987275,135.55181135521212,15.90625412990698,3.878537958782628,-54.485507017012075,-97.18363685987275,0.0,0.0,0.0,0.0,1,1,1,1
284,0.28400000000000003,15.87638484895554,3.7855442398348913,-4.856403285760372,-87.61803472061018,87.75251940073285,19.126793817427014,0.0,40.62959435666111,0.0,648.4043683848283,-3.250408968471474,3.7855442398348913,-45.48599764242148,-87.61803472061018,98.721304640024,15.87638484895554,3.7855442398348913,-4.856403285760372,-87.61803472061018,0.0,0.0,0.0,0.0,1,1,1,1
285,0.28500000000000003,15.896977410273246,3.705481358132001,46.07542972454574,-71.52185080464231,85.07831901737991,19.16774761396787,0.0,41.27799872504594,0.0,671.9093591063844,-3.2707702036946227,3.705481358132001,4.797430999499802,-71.52185080464231,71.68256752318848,15.896977410273246,3.705481358132001,46.07542972454574,-71.52185080464231,0.0,0.0,0.0,0.0,1,1,1,1
286,0.28600000000000003,15.968224491770284,3.644244222374611,96.07203811165309,-50.200303702213674,108.39698795963572,19.20936156737247,0.0,41.94990808415233,0.0,688.4488831050007,-3.2411370756021842,3.644244222374611,54.12213002750076,-50.200303702213674,73.81920786968787,15.968224491770284,3.644244222374611,96.07203811165309,-50.200303702213674,0.0,0.0,0.0,0.0,1,1,1,1
287,0.28700000000000003,16.08804735401897,3.6063319477710176,142.848788106342,-25.128498022257766,145.04212379962314,19.251655699898173,0.0,42.63835696725733,0.0,697.8515793851772,-3.1636083458792044,3.6063319477710176,100.21043113908468,-25.128498022257766,103.31298041357554,16.08804735401897,3.6063319477710176,142.848788106342,-25.128498022257766,0.0,0.0,0.0,0.0,1,1,1,1
288,0.28800000000000003,16.25211035399468,3.594712707528902,184.1969836241625,2.1188881092054643,184.2091704097799,19.29464298265512,0.0,43.33620854664251,0.0,700.2175588069761,-3.042532628660439,3.594712707528902,140.86077507751997,2.1188881092054643,140.87671078733703,16.25211035399468,3.594712707528902,184.1969836241625,2.1188881092054643,0.0,0.0,0.0,0.0,1,1,1,1
289,0.289,16.4539576554254,3.61076085737932,218.1045321327444,29.941280100009763,220.1501015009318,19.338329299981165,0.0,44.036426105449486,0.0,695.9220227115526,-2.884371644555767,3.61076085737932,174.0681060272949,29.941280100009763,176.62442014046874,16.4539576554254,3.61076085737932,218.1045321327444,29.941280100009763,0.0,0.0,0.0,0.0,1,1,1,1
290,0.29,16.68526688344199,3.6542680128840677,242.86809827406637,56.785868811597055,249.41841964046975,19.382713687097972,0.0,44.732348128161036,0.0,685.6045064382922,-2.697446803655982,3.6542680128840677,198.13575014590532,56.785868811597055,206.11261577731852,16.68526688344199,3.6542680128840677,242.86809827406637,56.785868811597055,0.0,0.0,0.0,0.0,1,1,1,1
291,0.291,16.936208091398935,3.7235263752625256,257.19060410403193,81.21789488226906,269.709757495913,19.42778883747935,0.0,45.41795263459933,0.0,670.1441059729326,-2.491580746080416,3.7235263752625256,211.77265146943262,81.21789488226906,226.8127032586603,16.936208091398935,3.7235263752625256,257.19060410403193,81.21789488226906,0.0,0.0,0.0,0.0,1,1,1,1
292,0.292,17.195890616582304,3.8154793118034185,260.25868752811954,101.98436370375293,279.52709148474094,19.47354186216694,0.0,46.08809674057226,0.0,650.621802203699,-2.277651245584636,3.8154793118034185,214.17059078754727,101.98436370375293,237.2126733510383,17.195890616582304,3.8154793118034185,260.25868752811954,101.98436370375293,0.0,0.0,0.0,0.0,1,1,1,1
293,0.293,17.452875513805388,3.9259311516675575,251.79577661472925,118.0683155044247,278.102931029263,19.519955269808612,0.0,46.73871854277596,0.0,628.2716974223811,-2.067079756003224,3.9259311516675575,205.0570580719533,118.0683155044247,236.61894301001516,17.452875513805388,3.9259311516675575,251.79577661472925,118.0683155044247,0.0,0.0,0.0,0.0,1,1,1,1
294,0.294,17.695727538311516,4.0498054957328,232.0877211575251,128.7312220336866,265.39863948102567,19.5670081242001,0.0,47.36699024019835,0.0,604.4235849468753,-1.8712805858885844,4.0498054957328,184.72073091732676,128.7312220336866,225.1521173716067,17.695727538311516,4.0498054957328,232.0877211575251,128.7312220336866,0.0,0.0,0.0,0.0,1,1,1,1
295,0.295,17.91357830612852,4.181439181072169,201.97937544294962,133.54163860172514,242.13433739302192,19.614677326232773,0.0,47.97141382514522,0.0,580.4397522168217,-1.7010990201042517,4.181439181072169,154.0079616178044,133.54163860172514,203.84263901869227,17.91357830612852,4.181439181072169,201.97937544294962,133.54163860172514,0.0,0.0,0.0,0.0,1,1,1,1
296,0.296,18.096671421599265,4.3148974844598165,162.8420697736326,132.38888206540966,209.8674719500132,19.662938959934028,0.0,48.55185357736204,0.0,557.649244352137,-1.5662675383347633,4.3148974844598165,114.29021619627056,132.38888206540966,174.8973116223323,18.096671421599265,4.3148974844598165,162.8420697736326,132.38888206540966,0.0,0.0,0.0,0.0,1,1,1,1
297,0.297,18.23686107804838,4.444295265067028,116.51346001887077,125.48120227248457,171.23352034376092,19.711769638133564,0.0,49.10950282171417,0.0,537.2829710727705,-1.4749085600851828,4.444295265067028,67.4039571971566,125.48120227248457,142.43884852660213,18.23686107804838,4.444295265067028,116.51346001887077,125.48120227248457,0.0,0.0,0.0,0.0,1,1,1,1
298,0.298,18.32803787471156,4.564108573476417,65.21272089458594,113.32863449038355,130.7519726884842,19.761147782440815,0.0,49.64678579278694,0.0,520.4130163126539,-1.433109907729257,4.564108573476417,15.565935101798999,113.32863449038355,114.39264718961779,18.32803787471156,4.564108573476417,65.21272089458594,113.32863449038355,0.0,0.0,0.0,0.0,1,1,1,1
299,0.299,18.36645923562067,4.669461798911193,11.435370368421097,96.71143042230614,97.38515528452744,19.81105477474176,0.0,50.167198809099595,0.0,507.8993077018353,-1.4445955391210887,4.669461798911193,-38.7318284406785,96.71143042230614,104.17895808984996,18.36645923562067,4.669461798911193,11.435370368421097,96.71143042230614,0.0,0.0,0.0,0.0,1,1,1,1
300,0.3,18.350966672914854,4.756376662825852,-42.16689165771831,76.63563299355208,87.47037782241576,19.861475923204708,0.0,50.67509811680143,0.0,500.34643280117166,-1.5105092502898536,4.756376662825852,-92.84198977451973,76.63563299355208,120.38544475813691,18.350966672914854,4.756376662825852,-42.1668916577183,76.63563299355208,0.0,0.0,-7.105427357601002e-15,0.0,1,1,1,1
301,0.301,18.283077951390318,4.8219712367184355,-92.91513652178605,54.27795457631215,107.60724393761949,19.91240119453791,0.0,51.1754445496026,0.0,498.07287004194046,-1.6293232431475921,4.8219712367184355,-144.09058107138867,54.27795457631215,153.97464696007142,18.283077951390318,4.8219712367184355,-92.91513652178607,54.27795457631215,0.0,0.0,1.4210854715202004e-14,0.0,1,1,1,1
302,0.302,18.16694867467066,4.864599578150569,-138.2342761209586,30.92261247033259,141.65070792860794,19.963825675522536,0.0,51.67351741964454,0.0,501.0942622187301,-1.7968770008518753,4.864599578150569,-189.90779354060317,30.92261247033259,192.4088823559108,18.16694867467066,4.864599578150569,-138.2342761209586,30.92261247033259,0.0,0.0,0.0,0.0,1,1,1,1
303,0.303,18.00920458267223,4.883925429415321,-175.77944586315368,7.893146630762582,175.95657234582654,20.01574974007329,0.0,52.17461168186327,0.0,509.1216330879652,-2.00654515740106,4.883925429415321,-227.95405754501695,7.893146630762582,228.09067081967999,18.00920458267223,4.883925429415321,-175.77944586315368,7.893146630762582,0.0,0.0,0.0,0.0,1,1,1,1
304,0.304,17.818652564836484,4.880926576090574,-203.55113409106244,-13.517524170342092,203.99947953231023,20.068178912571696,0.0,52.68373331495123,0.0,521.5746718032431,-2.2495263477352125,4.880926576090574,-256.2348674060137,-13.517524170342092,256.5911743109517,17.818652564836484,4.880926576090574,-203.55113409106244,-13.517524170342092,0.0,0.0,0.0,0.0,1,1,1,1
305,0.305,17.6058846963091,4.857829772024255,-219.99307598406645,-32.115470936307645,222.32489054172962,20.121123433222547,0.0,53.20530798675448,0.0,537.6094268510087,-2.515238736913446,4.857829772024255,-273.19838397082094,-32.115470936307645,275.07955299827165,17.6058846963091,4.857829772024255,-219.99307598406648,-32.115470936307645,0.0,0.0,2.842170943040401e-14,0.0,1,1,1,1
306,0.306,17.38279515911127,4.817979450113537,-224.06783378183113,-46.869284618068725,228.91728632039093,20.174597545922726,0.0,53.74291741360548,0.0,556.1590025114872,-2.7918023868114545,4.817979450113537,-277.81075119543664,-46.869284618068725,281.736655975722,17.38279515911127,4.817979450113537,-224.06783378183115,-46.869284618068725,0.0,0.0,2.842170943040401e-14,0.0,1,1,1,1
307,0.307,17.162034421495363,4.765646601396759,-215.30615942366072,-56.96572922574536,222.71469774576565,20.228618542837587,0.0,54.29907641611697,0.0,575.9851764959501,-3.066584121342224,4.765646601396759,-269.60523583977766,-56.96572922574536,275.55775710083554,17.162034421495363,4.765646601396759,-215.3061594236607,-56.96572922574536,0.0,0.0,-2.842170943040401e-14,0.0,1,1,1,1
308,0.308,16.95642827601049,4.705787072157801,-193.82761756903264,-61.85484438722225,203.45802295966274,20.283205611841954,0.0,54.875061592612916,0.0,595.7382931611164,-3.326777335831462,4.705787072157801,-248.70267916164556,-61.85484438722225,256.2792313012272,16.95642827601049,4.705787072157801,-193.82761756903264,-61.85484438722225,0.0,0.0,0.0,0.0,1,1,1,1
309,0.309,16.778391108899775,4.643760967184832,-160.33146251486315,-61.28231290338757,171.6441078130667,20.33837854258115,0.0,55.470799885774035,0.0,614.0223625332541,-3.559987433681375,4.643760967184832,-215.80226240063718,-61.28231290338757,224.33487988278185,16.778391108899775,4.643760967184832,-160.33146251486315,-61.28231290338757,0.0,0.0,0.0,0.0,1,1,1,1
310,0.31,16.639362996771432,4.585026743900338,-116.05833063705516,-55.30749938680463,128.56304134035338,20.394156353648192,0.0,56.08482224830729,0.0,629.4620337411371,-3.7547933568767604,4.585026743900338,-172.14315288536244,-55.30749938680463,180.8098022058944,16.639362996771432,4.585026743900338,-116.05833063705515,-55.30749938680463,0.0,0.0,-1.4210854715202004e-14,0.0,1,1,1,1
311,0.311,16.54929889038457,4.534824848478492,-62.72484673058136,-44.30623104952348,76.79484687912777,20.450555906913372,0.0,56.714284282048425,0.0,640.7680261032876,-3.9012570165288025,4.534824848478492,-119.43913101262979,-44.30623104952348,127.39210386388122,16.54929889038457,4.534824848478492,-62.72484673058136,-44.30623104952348,0.0,0.0,0.0,0.0,1,1,1,1
312,0.312,16.51623532267442,4.497866321856663,-2.4346657814545836,-28.958100653381734,29.06026825269811,20.50759057520847,0.0,57.35505230815171,0.0,646.7976963447097,-3.9913552525340528,4.497866321856663,-59.789718089606296,-28.958100653381734,66.43328971747509,16.51623532267442,4.497866321856663,-2.4346657814545836,-28.958100653381734,0.0,0.0,0.0,0.0,1,1,1,1
313,0.313,16.545955921133128,4.478041662901568,62.42929481972595,-10.218792051286723,63.26010245546321,20.565269026364795,0.0,58.001850004496426,0.0,646.6076908680727,-4.019313105231667,4.478041662901568,4.427444815229528,-10.218792051286723,11.136695137218382,16.545955921133128,4.478041662901568,62.42929481972595,-10.218792051286723,0.0,0.0,0.0,0.0,1,1,1,1
314,0.314,16.641771736991195,4.478164382983561,129.325699694707,10.721372414883238,129.76935088064576,20.623594180214727,0.0,58.6484576953645,0.0,639.4960629376918,-3.981822443223532,4.478164382983561,70.6772419993425,10.721372414883238,71.48580532589838,16.641771736991195,4.478164382983561,129.325699694707,10.721372414883238,0.0,0.0,0.0,0.0,1,1,1,1
315,0.315,16.804426308202622,4.499762158601612,195.68231335125313,32.49081821547646,198.36133954682086,20.682562385941562,0.0,59.287953758302194,0.0,625.0318027391592,-3.87813607773894,4.499762158601612,136.39435959295093,32.49081821547646,140.2108219684998,16.804426308202622,4.499762158601612,195.68231335125313,32.49081821547646,0.0,0.0,0.0,0.0,1,1,1,1
316,0.316,17.032128776946855,4.542926355235616,259.0234613208359,53.59963231953226,264.51100941060207,20.742162855601237,0.0,59.91298556104135,0.0,603.0704029234557,-3.710034078654381,4.542926355235616,199.11047575979455,53.59963231953226,206.19869578171628,17.032128776946855,4.542926355235616,259.0234613208359,53.59963231953226,0.0,0.0,0.0,0.0,1,1,1,1
317,0.317,17.320711638585983,4.606228052888244,317.09073766157553,72.50914525764415,325.2754402913879,20.80237737636374,0.0,60.51605596396481,0.0,573.754827135256,-3.4816657377777567,4.606228052888244,256.57468169761074,72.50914525764415,266.6235987946761,17.320711638585983,4.606228052888244,317.09073766157553,72.50914525764415,0.0,0.0,0.0,0.0,1,1,1,1
318,0.318,17.66390316854827,4.686705671899018,367.95065324189807,87.70499993083003,378.258972443492,20.863180309741274,0.0,61.089810791100064,0.0,537.5020241523874,-3.1992771411930043,4.686705671899018,306.86084245079803,87.70499993083003,319.14846645798,17.66390316854827,4.686705671899018,367.95065324189807,87.70499993083003,0.0,0.0,0.0,0.0,1,1,1,1
319,0.319,18.05369860526941,4.77992601465563,410.0836470139254,97.77034796216984,421.5775592804787,20.92453887154445,0.0,61.62731281525245,0.0,494.97589405971274,-2.8708402662750387,4.77992601465563,348.45633419867295,97.77034796216984,361.9127764860216,18.05369860526941,4.77992601465563,410.08364701392543,97.77034796216984,0.0,0.0,-5.684341886080802e-14,0.0,1,1,1,1
320,0.32,18.480809079211674,4.880117154595132,442.44990713855447,101.45579023072911,453.9330321735324,20.98641367230673,0.0,62.122288709312166,0.0,447.04832445539296,-2.505604593095054,4.880117154595132,380.3276184292423,101.45579023072911,393.6272027075886,18.480809079211674,4.880117154595132,442.44990713855447,101.45579023072911,0.0,0.0,0.0,0.0,1,1,1,1
321,0.321,18.935163340395356,4.980368273073913,464.5287147796557,97.7428088573891,474.70051984190076,21.048759485178266,0.0,62.56933703376756,0.0,394.7505360246275,-2.1135961447829104,4.980368273073913,401.9593777458881,97.7428088573891,413.6725734698805,18.935163340395356,4.980368273073913,464.5287147796557,97.7428088573891,0.0,0.0,0.0,0.0,1,1,1,1
322,0.322,19.406434757803684,5.072888419814308,476.3294621485521,85.89771764208844,484.0125767031771,21.111526197480046,0.0,62.964087569792184,0.0,339.2174748160808,-1.7050914396763623,5.072888419814308,413.36537457875994,85.89771764208844,422.19586781108893,19.406434757803684,5.072888419814308,476.3294621485521,85.89771764208844,0.0,0.0,0.0,0.0,1,1,1,1
323,0.323,19.884564978005216,5.149313397110513,478.3740302166566,65.51357428790011,482.83924985620513,21.174659893787247,0.0,63.303305044608265,0.0,281.62833681188835,-1.2900949157820314,5.149313397110513,415.07072517204836,65.51357428790011,420.2091566242058,19.884564978005216,5.149313397110513,478.3740302166566,65.51357428790011,0.0,0.0,0.0,0.0,1,1,1,1
324,0.324,20.360256091293493,5.201047669524562,471.6517576400521,36.538031957469585,473.0649091449032,21.238104013000264,0.0,63.58493338142016,0.0,223.14649059302116,-0.8778479217067705,5.201047669524562,408.0668242586319,36.538031957469585,409.69935420970614,20.360256091293493,5.201047669524562,471.6517576400521,36.538031957469585,0.0,0.0,0.0,0.0,1,1,1,1
325,0.325,20.825405132038924,5.219626485644243,457.54970748609935,-0.7142643308586398,457.55026499189074,21.30180051962698,0.0,63.80807987201318,0.0,164.86206685094825,-0.476395387588056,5.219626485644243,393.74162761408616,-0.7142643308586398,393.7422754667373,20.825405132038924,5.219626485644243,457.54970748609935,-0.7142643308586398,0.0,0.0,0.0,0.0,1,1,1,1
326,0.326,21.27345812446114,5.197082346460936,437.76226285848855,-45.565437661290275,440.1272632912546,21.36569103053242,0.0,63.97294193886413,0.0,107.74030953843804,-0.0922329060712812,5.197082346460936,373.7893209196244,-45.565437661290275,376.55632452903893,21.27345812446114,5.197082346460936,437.76226285848855,-45.565437661290275,0.0,0.0,0.0,0.0,1,1,1,1
327,0.327,21.699665488638146,5.126299615875073,414.18518521328207,-96.99426951004075,425.39070978095793,21.429717842626054,0.0,64.08068224840257,0.0,52.57844248365338,0.269947646012092,5.126299615875073,350.1045029648795,-96.99426951004075,363.2919642850248,21.699665488638146,5.126299615875073,414.18518521328207,-96.99426951004075,0.0,0.0,0.0,0.0,1,1,1,1
328,0.328,22.10122619169186,5.001341460243495,388.8000908029098,-153.67146619765757,418.06749470831704,21.4938248140957,0.0,64.13326069088622,0.0,-0.026683790964468778,0.6074013775961618,5.001341460243495,324.66683011202355,-153.67146619765757,359.19837151402476,22.10122619169186,5.001341460243495,388.8000908029098,-153.67146619765757,0.0,0.0,0.0,0.0,1,1,1,1
329,0.329,22.477314261285095,4.81773441008492,363.55579725427685,-214.00885132724466,421.8679961357576,21.55795806144469,0.0,64.13323400709525,0.0,-49.69851063109233,0.9193561998404043,4.81773441008492,299.4225632471816,-214.00885132724466,368.04029647298023,22.477314261285095,4.81773441008492,363.55579725427685,-214.00885132724466,0.0,0.0,0.0,0.0,1,1,1,1
330,0.33,22.82898783299818,4.572697609923363,340.2531373434558,-276.22040179214815,438.2578097858387,21.62206644619647,0.0,64.08353549646417,0.0,-96.28729896770211,1.2069213868017101,4.572697609923363,276.16960184699167,-276.22040179214815,390.5987190846146,22.82898783299818,4.572697609923363,340.2531373434558,-276.22040179214815,0.0,0.0,0.0,0.0,1,1,1,1
331,0.331,23.158987422980264,4.265306183328116,320.4396231407007,-338.39250522854354,466.0375946996166,21.686101838043452,0.0,63.98724819749646,0.0,-139.86305791565135,1.4728855849368117,4.265306183328116,256.45237494320423,-338.39250522854354,424.5907537957694,23.158987422980264,4.265306183328116,320.4396231407007,-338.39250522854354,0.0,0.0,0.0,0.0,1,1,1,1
332,0.332,23.47143624792159,3.8965809842821146,305.3197828320152,-398.5603941935271,502.0662880619338,21.75001915471199,0.0,63.84738513958081,0.0,-180.69542295602955,1.7214170932096025,3.8965809842821146,241.4723976924344,-398.5603941935271,466.00354791249487,23.47143624792159,3.8965809842821146,305.3197828320152,-398.5603941935271,0.0,0.0,0.0,0.0,1,1,1,1
333,0.333,23.771460822741524,3.4695002058419613,295.6861153912648,-454.7874261507506,542.459106126905,21.813776192140093,0.0,63.66668971662478,0.0,-219.22175721258373,1.957684630601431,3.4695002058419613,232.01942567464005,-454.7874261507506,510.5532458766806,23.771460822741524,3.4695002058419613,295.6861153912648,-454.7874261507506,0.0,0.0,0.0,0.0,1,1,1,1
334,0.334,24.064754458735518,2.988931729147616,291.87446267725664,-505.24374164825485,583.4911656896493,21.877333270978113,0.0,63.447467959412194,0.0,-256.00540256071065,2.187421187757405,2.988931729147616,228.42699471784445,-505.24374164825485,554.4818575846775,24.064754458735518,2.988931729147616,291.87446267725664,-505.24374164825485,0.0,0.0,0.0,0.0,1,1,1,1
335,0.335,24.357109422876803,2.4614885669533177,293.74624676100177,-548.2808522068641,622.0118571079337,21.940652736236245,0.0,63.191462556851484,0.0,-291.6865534503926,2.416456686640558,2.4614885669533177,230.55478420415028,-548.2808522068641,594.7834912101272,24.357109422876803,2.4614885669533177,293.74624676100177,-548.2808522068641,0.0,0.0,0.0,0.0,1,1,1,1
336,0.336,24.653945232300167,1.8953131299236914,300.69853578086986,-582.4988836671312,655.5337969122669,22.00369835551637,0.0,62.899776003401094,0.0,-326.92863570048524,2.650246876783797,1.8953131299236914,237.79875977746877,-582.4988836671312,629.1686575356057,24.653945232300167,1.8953131299236914,300.69853578086986,-582.4988836671312,0.0,0.0,0.0,0.0,1,1,1,1
337,0.337,24.959860753847963,1.2997991691869046,311.7013649770398,-606.8035222996148,682.1790495198228,22.06643466720192,0.0,62.57284736770061,0.0,-362.3633228757475,2.8934260866460413,1.2997991691869046,249.1285176093392,-606.8035222996148,655.9539106991024,24.959860753847963,1.2997991691869046,311.7013649770398,-606.8035222996148,0.0,0.0,0.0,0.0,1,1,1,1
338,0.338,25.278236446452865,0.6852629844197696,325.36023418635915,-620.4501654171765,700.5838206496095,22.128826332908183,0.0,62.21048404482487,0.0,-398.5374005627217,3.1494101135446826,0.6852629844197696,263.1497501415343,-620.4501654171765,673.9482166797043,25.278236446452865,0.6852629844197696,325.36023418635915,-620.4501654171765,0.0,0.0,0.0,0.0,1,1,1,1
339,0.339,25.61091029653516,0.06257770995547325,340.00031071080616,-623.0733450613191,709.8032154120931,22.190837548252727,0.0,61.81194664426214,0.0,-435.8645896524568,3.4200727482824327,0.06257770995547325,278.188364066544,-623.0733450613191,682.355595879393,25.61091029653516,0.06257770995547325,340.00031071080616,-623.0733450613191,0.0,0.0,0.0,0.0,1,1,1,1
340,0.34,25.957946905005112,-0.5572138979403816,353.7676627314035,-614.7001469928368,709.230449083692,22.252431562602162,0.0,61.37608205460969,0.0,-474.5851689480789,3.7055153424029506,-0.5572138979403816,292.3915806767938,-614.7001469928368,680.6975151737291,25.957946905005112,-0.5572138979403816,353.7676627314035,-614.7001469928368,0.0,0.0,0.0,0.0,1,1,1,1
341,0.341,26.31751401123381,-1.1632918237290686,364.7418987634408,-595.7470581884999,698.5350456876248,22.3135703520723,0.0,60.90149688566161,0.0,-514.7358096812885,4.003943659161511,-1.1632918237290686,303.8404018777792,-595.7470581884999,668.7552221504534,26.31751401123381,-1.1632918237290686,364.7418987634408,-595.7470581884999,0.0,0.0,0.0,0.0,1,1,1,1
342,0.342,26.685874765686865,-1.7454397568652327,371.0539447556435,-567.0004122217632,677.6212049355994,22.374214481053123,0.0,60.38676107598032,0.0,-556.1314729997279,4.311660284633742,-1.7454397568652327,310.6671836796632,-567.0004122217632,646.5319531740895,26.685874765686865,-1.7454397568652327,371.0539447556435,-567.0004122217632,0.0,0.0,0.0,0.0,1,1,1,1
343,0.343,27.05749761365709,-2.29439864484531,371.0023875266014,-529.5813300391551,646.6058742978438,22.434323176392606,0.0,59.830629602980586,0.0,-598.3605566013484,4.623174437264485,-2.29439864484531,311.1717579236208,-529.5813300391551,614.2346848357857,27.05749761365709,-2.29439864484531,371.0023875266014,-529.5813300391551,0.0,0.0,0.0,0.0,1,1,1,1
344,0.34400000000000003,27.42527907864804,-2.8021780680722492,363.16186808651605,-484.896740857858,605.8146512974581,22.493854625717287,0.0,59.23226904637924,0.0,-640.7937444940995,4.931424452930752,-2.8021780680722492,303.9295990401368,-484.896740857858,572.274453795791,27.42527907864804,-2.8021780680722492,363.16186808651605,-484.896740857858,0.0,0.0,0.0,0.0,1,1,1,1
345,0.34500000000000003,27.780868393558684,-3.262312569147852,346.477418457146,-434.5786831901182,555.7924373216906,22.55276649789142,0.0,58.59147530188514,0.0,-682.6062540831713,5.228101895667265,-3.262312569147852,287.88594315526086,-434.5786831901182,521.2839419641192,27.780868393558684,-3.262312569147852,346.477418457146,-434.5786831901182,0.0,0.0,0.0,0.0,1,1,1,1
346,0.34600000000000003,28.115077166800088,-3.67005253636205,320.3393791217972,-380.41460160283594,497.32543362348054,22.611016670066263,0.0,57.90886904780197,0.0,-722.8124287047845,5.504060496733825,-3.67005253636205,262.43051007399526,-380.41460160283594,462.15261735745014,28.115077166800088,-3.67005253636205,320.33937912179726,-380.41460160283594,0.0,0.0,-5.684341886080802e-14,0.0,1,1,1,1
347,0.34700000000000003,28.418352403822308,-4.022482164180764,284.63457141624434,-324.2717475321196,431.47306462031185,22.66856413289971,0.0,57.18605661909719,0.0,-760.3109319157716,5.749788270922597,-4.022482164180764,227.44851479714714,-324.2717475321196,396.08710295964295,28.418352403822308,-4.022482164180764,284.63457141624434,-324.2717475321196,0.0,0.0,0.0,0.0,1,1,1,1
348,0.34800000000000003,28.681287499271377,-4.318560260229457,239.77067431860365,-268.01904466109,359.6167189720762,22.72537003405285,0.0,56.42574568718142,0.0,-793.93820001035,5.955917465218526,-4.318560260229457,183.34492863142225,-268.01904466109,324.7299973145454,28.681287499271377,-4.318560260229457,239.77067431860365,-268.01904466109,0.0,0.0,0.0,0.0,1,1,1,1
349,0.34900000000000003,28.895143475731246,-4.55908309192173,186.672199616056,-213.44987978404848,283.5619179109236,22.781398810640027,0.0,55.631807487171066,0.0,-822.5273341488074,6.113744665091218,-4.55908309192173,131.04039212888492,-213.44987978404848,250.46443968978244,28.895143475731246,-4.55908309192173,186.672199616056,-213.44987978404848,0.0,0.0,0.0,0.0,1,1,1,1
350,0.35000000000000003,29.052351902804688,-4.746571911953041,126.74799551371886,-162.20922436092602,205.8564714419222,22.836619354460122,0.0,54.80928015302226,0.0,-844.9692892347027,6.215732548344565,-4.746571911953041,71.9387153606966,-162.20922436092602,177.44579802159464,29.052351902804688,-4.746571911953041,126.74799551371886,-162.20922436092602,0.0,0.0,0.0,0.0,1,1,1,1
351,0.35100000000000003,29.146971635539032,-4.885091115002226,61.83175357998079,-115.72828283698735,131.21052244074485,22.89100614996853,0.0,53.96431086378755,0.0,-860.2730612501687,6.255965485570503,-4.885091115002226,7.8674427161932385,-115.72828283698735,115.9953969056114,29.146971635539032,-4.885091115002226,61.83175357998079,-115.72828283698735,0.0,0.0,0.0,0.0,1,1,1,1
352,0.352,29.175073730814287,-4.98000600902919,-5.901535891494817,-75.16951094748438,75.40081897408393,22.94454032430169,0.0,53.104037802537384,0.0,-867.6215970539665,6.2305334065125955,-4.98000600902919,-59.0055736940322,-75.16951094748438,95.56209030282793,29.175073730814287,-4.98000600902919,-5.901535891494817,-75.16951094748438,0.0,0.0,0.0,0.0,1,1,1,1
353,0.353,29.135032519403424,-5.037691797376955,-74.0389189305568,-41.384366843714176,84.81997014536536,22.997210551305702,0.0,52.236416205483415,0.0,-866.4203499954556,6.137821968097722,-5.037691797376955,-126.27533513604021,-41.384366843714176,132.8838819525317,29.135032519403424,-5.037691797376955,-74.0389189305568,-41.384366843714176,0.0,0.0,0.0,0.0,1,1,1,1
354,0.354,29.027705639423957,-5.065207445502112,-140.0472514113249,-14.885571941089111,140.8361206504929,23.04901375733619,0.0,51.36999585548796,0.0,-856.335770888175,5.978691882087766,-5.065207445502112,-191.41724726681286,-14.885571941089111,191.99516348912937,29.027705639423957,-5.065207445502112,-140.0472514113249,-14.885571941089111,0.0,0.0,0.0,0.0,1,1,1,1
355,0.355,28.856491617764256,-5.0699495560352315,-201.39925284031307,4.165006349250607,201.44231512402166,23.099955585306233,0.0,50.513660084599785,0.0,-837.3215377063951,5.756536032458023,-5.0699495560352315,-251.91291292491286,4.165006349250607,251.94734167322352,28.856491617764256,-5.0699495560352315,-201.39925284031307,4.165006349250607,0.0,0.0,0.0,0.0,1,1,1,1
356,0.356,28.627260011942152,-5.059302134128698,-255.7012043622399,15.952451079166995,256.1983345139722,23.15005058462198,0.0,49.67633854689339,0.0,-809.6309616277191,5.477209427320172,-5.059302134128698,-305.3775429091333,15.952451079166995,305.7939247412426,28.627260011942152,-5.059302134128698,-255.7012043622399,15.952451079166995,0.0,0.0,0.0,0.0,1,1,1,1
357,0.357,28.34815585262698,-5.040298159300197,-300.8155318042148,20.989201735851083,301.5468964591757,23.199322107688058,0.0,48.86670758526567,0.0,-773.8147280351973,5.148833744938923,-5.040298159300197,-349.68223938948046,20.989201735851083,350.31159720162015,28.34815585262698,-5.040298159300197,-300.8155318042148,20.989201735851083,0.0,0.0,0.0,0.0,1,1,1,1
358,0.358,28.029286796771583,-5.019308190814121,-334.9717534068124,20.080812132508274,335.57311363745373,23.247801907909306,0.0,48.092892857230474,0.0,-730.7039003906036,4.781484888862277,-5.019308190814121,-383.0646462640429,20.080812132508274,383.59061802043254,28.029286796771583,-5.019308190814121,-334.9717534068124,20.080812132508274,0.0,0.0,0.0,0.0,1,1,1,1
359,0.359,27.682307655495606,-5.0017698545378915,-356.85986046477564,14.278765166083375,357.1454089661622,23.295529448816342,0.0,47.36218895683987,0.0,-681.3788914218206,4.3867782066792635,-5.0017698545378915,-404.2220494216155,14.278765166083375,404.4741628006406,27.682307655495606,-5.0017698545378915,-356.85986046477564,14.278765166083375,0.0,0.0,0.0,0.0,1,1,1,1
360,0.36,27.319922463786288,-4.991970055000229,-365.70110640330074,4.822632310223331,365.7329039162294,23.34255094832747,0.0,46.68081006541805,0.0,-627.1258483098886,3.9773715154588167,-4.991970055000229,-412.38191646871877,4.822632310223331,412.41011482844715,27.319922463786288,-4.991970055000229,-365.70110640330074,4.822632310223331,0.0,0.0,0.0,0.0,1,1,1,1
361,0.361,26.955328714756373,-4.992889220259415,-361.29235768131457,-6.9256574278384955,361.3587309720504,23.388918195468733,0.0,46.05368421710816,0.0,-569.3825667768796,3.56641051928764,-4.992889220259415,-407.34604189842275,-6.9256574278384955,407.4049123183462,26.955328714756373,-4.992889220259415,-361.29235768131457,-6.9256574278384955,0.0,0.0,0.0,0.0,1,1,1,1
362,0.362,26.601631549340656,-5.006113936463259,-344.0215456067563,-19.552325139020006,344.5767218777314,23.434687188402453,0.0,45.48430165033128,0.0,-509.67660734386345,3.166944360938203,-5.006113936463259,-389.5058472570876,-19.552325139020006,389.9962800666227,26.601631549340656,-5.006113936463259,-344.0215456067563,-19.552325139020006,0.0,0.0,0.0,0.0,1,1,1,1
363,0.363,26.271257401289464,-5.031821099684175,-314.85327773395807,-31.663706456733287,316.4414271336721,23.47991665174911,0.0,44.97462504298742,0.0,-449.55870557208783,2.7913407495403533,-5.031821099684175,-359.8279027769455,-31.663706456733287,361.21836875141486,26.271257401289464,-5.031821099684175,-314.85327773395807,-31.663706456733287,0.0,0.0,0.0,0.0,1,1,1,1
364,0.364,25.975396753394804,-5.068833353300636,-275.28523981968715,-41.95629980165433,278.46417068561794,23.524666497439313,0.0,44.52506633741533,0.0,-390.5348242987703,2.4507302559554915,-5.068833353300636,-319.8103061571025,-41.95629980165433,322.5507138689139,25.975396753394804,-5.068833353300636,-275.28523981968715,-41.95629980165433,0.0,0.0,0.0,0.0,1,1,1,1
365,0.365,25.723504253313685,-5.114742244173066,-227.2775602966677,-49.281627008284886,232.55917134137957,23.568996296364578,0.0,44.13453151311656,0.0,-334.00027587744046,2.1545079569491072,-5.114742244173066,-271.4120918097843,-49.281627008284886,275.849963460477,25.723504253313685,-5.114742244173066,-227.2775602966677,-49.281627008284886,0.0,0.0,0.0,0.0,1,1,1,1
366,0.366,25.52288153898497,-5.166092373126345,-173.15873647490818,-52.70288651338883,181.00149796183965,23.612963827739755,0.0,43.80053123723912,0.0,-281.17924179157177,1.909917711245214,-5.166092373126345,-216.9592677121473,-52.70288651338883,223.26871274998283,25.52288153898497,-5.166092373126345,-173.15873647490818,-52.70288651338883,0.0,0.0,0.0,0.0,1,1,1,1
367,0.367,25.378363887054796,-5.2186169795304895,-115.5129588601597,-51.540769224319256,126.48989903096407,23.6566237693561,0.0,43.51935199544755,0.0,-233.07274094417915,1.7217401176986975,-5.2186169795304895,-159.03231085560725,-51.540769224319256,167.1757362427605,25.378363887054796,-5.2186169795304895,-115.5129588601597,-51.540769224319256,0.0,0.0,0.0,0.0,1,1,1,1
368,0.368,25.29212644709753,-5.267513015911607,-57.05465091008629,-45.40631749064539,72.91753464382282,23.70002658498107,0.0,43.28627925450337,0.0,-190.41766102810934,1.5920998621164593,-5.267513015911607,-100.34093016458965,-45.40631749064539,110.13644235382014,25.29212644709753,-5.267513015911607,-57.05465091008628,-45.40631749064539,0.0,0.0,-7.105427357601002e-15,0.0,1,1,1,1
369,0.369,25.263619643491936,-5.307741945583952,-0.4967137777723778,-34.21931481720117,34.22291967579261,23.743217655405058,0.0,43.09586159347526,0.0,-153.6588928415502,1.5204019880868778,-5.307741945583952,-43.59257537124764,-34.21931481720117,55.41907734757617,25.263619643491936,-5.307741945583952,-0.4967137777723778,-34.21931481720117,0.0,0.0,0.0,0.0,1,1,1,1
370,0.37,25.28963664371941,-5.334341317558667,51.580706796826576,-18.211370207716932,54.70121861990564,23.786236687552112,0.0,42.942202700633715,0.0,-122.93592577522735,1.5033999561672964,-5.334341317558667,8.638504096192861,-18.211370207716932,20.156332946805097,25.28963664371941,-5.334341317558667,51.580706796826576,-18.211370207716932,0.0,0.0,0.0,0.0,1,1,1,1
371,0.371,25.364508961528607,-5.342731692190673,96.85414874258592,2.0864247013219495,96.876618937106,23.82911742228986,0.0,42.819266774858484,0.0,-98.08451022327645,1.5353915392387485,-5.342731692190673,54.034881967727436,2.0864247013219495,54.075148056205286,25.364508961528607,-5.342731692190673,96.85414874258592,2.0864247013219495,0.0,0.0,0.0,0.0,1,1,1,1
372,0.372,25.480419648576767,-5.329003729899258,133.3670689230233,25.87066801309175,135.85310646636705,23.871887646809608,0.0,42.72118226463521,0.0,-78.65320939340802,1.6085320017671592,-5.329003729899258,90.6458866583881,25.87066801309175,94.26541376098102,25.480419648576767,-5.329003729899258,133.3670689230233,25.87066801309175,0.0,0.0,0.0,0.0,1,1,1,1
373,0.373,25.627817479874494,-5.290171202580111,159.62073070398932,52.106359910716805,167.91024511214508,23.914569502469547,0.0,42.6425290552418,0.0,-63.933890574812544,1.7132479774049472,-5.290171202580111,116.97820164874753,52.106359910716805,128.0584725979511,25.627817479874494,-5.290171202580111,159.62073070398932,52.106359910716805,0.0,0.0,0.0,0.0,1,1,1,1
374,0.374,25.795910377226537,-5.2243772992831845,174.64112200164968,79.57923301549413,191.91762769826383,23.957180064579504,0.0,42.57859516466699,0.0,-53.00448541860133,1.8387303126470336,-5.2243772992831845,132.06252683698267,79.57923301549413,154.1861385530589,25.795910377226537,-5.2243772992831845,174.64112200164965,79.57923301549413,0.0,0.0,2.842170943040401e-14,0.0,1,1,1,1
375,0.375,25.97321231383842,-5.131043800154036,178.0185588969444,106.95723482611024,207.67873601645536,23.999732157501462,0.0,42.52559067924839,0.0,-44.78171844249842,1.973480156336958,-5.131043800154036,135.49296821769602,106.95723482611024,172.6215354991644,25.97321231383842,-5.131043800154036,178.0185588969444,106.95723482611024,0.0,0.0,0.0,0.0,1,1,1,1
376,0.376,26.148115313069546,-5.010955384232777,169.91808234357234,132.8582657039157,215.69300747397745,24.042235357321488,0.0,42.48080896080589,0.0,-38.080996180060545,2.1058799557480583,-5.010955384232777,127.43727338276645,132.8582657039157,184.09665236795104,26.148115313069546,-5.010955384232777,169.91808234357234,132.8582657039157,0.0,0.0,0.0,0.0,1,1,1,1
377,0.377,26.309457032173214,-4.86627439371707,151.060305612166,155.92097845085917,217.09575641341834,24.084697125784206,0.0,42.442727964625824,0.0,-31.680292902021993,2.224759906389007,-4.86627439371707,108.61757764754017,155.92097845085917,190.02402399457998,26.309457032173214,-4.86627439371707,151.060305612166,155.92097845085917,0.0,0.0,0.0,0.0,1,1,1,1
378,0.378,26.447054864174593,-4.700484659151284,122.67393486054935,174.8752949997728,213.6124132521981,24.127124013602383,0.0,42.4110476717238,0.0,-24.38468131704136,2.3199308505722094,-4.700484659151284,80.26288718882554,174.8752949997728,192.41491590088253,26.447054864174593,-4.700484659151284,122.67393486054934,174.8752949997728,0.0,0.0,1.4210854715202004e-14,0.0,1,1,1,1
379,0.379,26.552179470420022,-4.518266345730441,86.42268083355972,188.60929911016186,207.46649723096456,24.16952286893345,0.0,42.38666299040676,0.0,-15.08814771486214,2.3826566014865733,-4.518266345730441,44.03601784315296,188.60929911016186,193.6817972301708,26.552179470420022,-4.518266345730441,86.42268083355972,188.60929911016186,0.0,0.0,0.0,0.0,1,1,1,1
380,0.38,26.617944063158635,-4.325307056021569,44.31062618895079,196.22932121962623,201.1700228651679,24.21190198785,0.0,42.3715748426919,0.0,-2.8295006726318497,2.406042075308637,-4.325307056021569,1.9390513462588927,196.22932121962623,196.23890140957954,26.617944063158635,-4.325307056021569,44.31062618895079,196.22932121962623,0.0,0.0,0.0,0.0,1,1,1,1
381,0.381,26.63959040587152,-4.128057467969018,-1.4287615943104726,197.11033569888374,197.11551384662758,24.254272147942356,0.0,42.36874534201927,0.0,13.16047884028975,2.385318257929164,-4.128057467969018,-43.79750693632974,197.11033569888374,201.9175724229184,26.63959040587152,-4.128057467969018,-1.4287615943104726,197.11033569888374,0.0,0.0,0.0,0.0,1,1,1,1
382,0.382,26.614658136782293,-3.9334424585588965,-48.453937319500035,190.93422794695343,196.9864549746028,24.296647473523798,0.0,42.38190582085956,0.0,33.42300894780066,2.3180106632584945,-3.9334424585588965,-90.8358431403596,190.93422794695343,211.4403693733039,26.614658136782293,-3.9334424585588965,-48.45393731950004,190.93422794695343,0.0,0.0,7.105427357601002e-15,0.0,1,1,1,1
383,0.383,26.543030343268164,-3.7485408393257695,-94.44035216705572,177.7140392088928,201.24924807158263,24.339046090849134,0.0,42.41532882980736,0.0,58.24814993263018,2.20398425241903,-3.7485408393257695,-136.85568099686307,177.7140392088928,224.3028246657965,26.543030343268164,-3.7485408393257695,-94.44035216705572,177.7140392088928,0.0,0.0,0.0,0.0,1,1,1,1
384,0.384,26.426854980731836,-3.5802484088526967,-137.20257625118455,157.80293568647835,209.1083772622057,24.38149054375391,0.0,42.47357697973999,0.0,87.66556529222827,2.045364436977927,-3.5802484088526967,-179.67615323092454,157.80293568647835,239.1344528735529,26.426854980731836,-3.5802484088526967,-137.20257625118455,157.80293568647835,0.0,0.0,0.0,0.0,1,1,1,1
385,0.385,26.27034838004016,-3.4349399355490893,-174.8069469632693,131.8873463826379,218.97885935056186,24.424007953516295,0.0,42.561242545032215,0.0,121.449491087858,1.8463404265238665,-3.4349399355490893,-217.3681895083015,131.8873463826379,254.25027422988316,26.27034838004016,-3.4349399355490893,-174.8069469632693,131.8873463826379,0.0,0.0,0.0,0.0,1,1,1,1
386,0.386,26.079493365503218,-3.3181458778283037,-205.66876646110083,100.96443939089433,229.11451180391958,24.466629920806874,0.0,42.68269203612007,0.0,159.13743606717023,1.6128634446963446,-3.3181458778283037,-248.3514584972209,100.96443939089433,268.0900314431971,26.079493365503218,-3.3181458778283037,-205.66876646110083,100.96443939089433,0.0,0.0,0.0,0.0,1,1,1,1
387,0.387,25.861650073868137,-3.2342591174356374,-228.6289378600817,66.30482595275672,238.0494090974696,24.509392181561026,0.0,42.84182947218724,0.0,200.0613968762798,1.3522578923071116,-3.2342591174356374,-271.4707673322689,66.30482595275672,279.4507245662395,25.861650073868137,-3.2342591174356374,-228.62893786008166,66.30482595275672,0.0,0.0,-2.842170943040401e-14,0.0,1,1,1,1
388,0.388,25.625102126044126,-3.186285747252186,-243.00606882179113,29.402062727619327,244.77832987595113,24.55233404173165,0.0,43.04189086906352,0.0,243.3897038789633,1.0727680843124752,-3.186285747252186,-286.04795969085467,29.402062727619327,287.5550669627292,25.625102126044126,-3.186285747252186,-243.00606882179113,29.402062727619327,0.0,0.0,0.0,0.0,1,1,1,1
389,0.389,25.37856411416004,-3.1756520716705254,-248.6214214429845,-8.0888657572677,248.75297174017683,24.59549762745265,0.0,43.28528057294248,0.0,288.17704957292864,0.7830664867073871,-3.1756520716705254,-291.906702015927,-8.0888657572677,292.018753560545,25.37856411416004,-3.1756520716705254,-248.6214214429845,-8.0888657572677,0.0,0.0,0.0,0.0,1,1,1,1
390,0.39,25.130678251821806,-3.2020775295046024,-245.795575437062,-44.421388554239506,249.77735018516623,24.63892699655038,0.0,43.57345762251541,0.0,333.41982350797423,0.49175125527142427,-3.2020775295046024,-289.3690330595774,-44.421388554239506,292.75876939029774,25.130678251821806,-3.2020775295046024,-245.795575437062,-44.421388554239506,0.0,0.0,0.0,0.0,1,1,1,1
391,0.391,24.889528397043435,-3.2635203461210973,-235.31721701777664,-77.83242488735547,247.85495554625737,24.68266716408465,0.0,43.90687744602339,0.0,378.1136077861019,0.20686123295878645,-3.2635203461210973,-279.22409446380004,-77.83242488735547,289.86890363227127,24.889528397043435,-3.2635203461210973,-235.31721701777667,-77.83242488735547,0.0,0.0,2.842170943040401e-14,0.0,1,1,1,1
392,0.392,24.66219847966492,-3.3561994937173933,-218.38598506673202,-106.61935349968722,243.02288989775874,24.726763098334565,0.0,44.28499105380949,0.0,421.30958989917673,-0.06456461866964602,-3.3561994937173933,-262.6709761205415,-106.61935349968722,283.48497003687754,24.66219847966492,-3.3561994937173933,-218.38598506673202,-106.61935349968722,0.0,0.0,0.0,0.0,1,1,1,1
393,0.393,24.45439971574634,-3.4746931320479937,-196.5327169995092,-129.21542968080348,235.20573147524243,24.771258744183324,0.0,44.706300643708666,0.0,462.1667297363333,-0.31685902843698344,-3.4746931320479937,-241.23901764321786,-129.21542968080348,273.66565531878393,24.45439971574634,-3.4746931320479937,-196.5327169995092,-129.21542968080348,0.0,0.0,0.0,0.0,1,1,1,1
394,0.394,24.270187017541954,-3.612110270406598,-171.52166305406504,-144.26025807275346,224.12207155041568,24.816196128191898,0.0,45.168467373445,0.0,499.9967703747073,-0.5460091106499441,-3.612110270406598,-216.69013042751004,-144.26025807275346,260.31833336111526,24.270187017541954,-3.612110270406598,-171.52166305406504,-144.26025807275346,0.0,0.0,0.0,0.0,1,1,1,1
395,0.395,24.111779927814908,-3.76032909067055,-145.2402133336913,-150.6621362170722,209.26967974053903,24.861614593950527,0.0,45.668464143819705,0.0,534.2995937197285,-0.7498346661356194,-3.76032909067055,-190.908677477511,-150.6621362170722,243.19786681980565,24.111779927814908,-3.76032909067055,-145.2402133336913,-150.6621362170722,0.0,0.0,0.0,0.0,1,1,1,1
396,0.396,23.97949749971516,-3.910292350393666,-119.58235424514501,-147.649435210586,190.00077674792908,24.907550207891205,0.0,46.202763737539435,0.0,564.7869695767585,-0.9280527081760468,-3.910292350393666,-165.78511798268445,-147.649435210586,222.0023897676276,23.97949749971516,-3.910292350393666,-119.58235424514501,-147.649435210586,0.0,0.0,0.0,0.0,1,1,1,1
397,0.397,23.871810131070017,-4.052347681496323,-96.33240378756041,-134.8086640665436,165.69039781138733,24.954035365113533,0.0,46.76755070711619,0.0,591.3934003562191,-1.0822252340435163,-4.052347681496323,-143.0999544946766,-134.8086640665436,196.59850681982485,23.871810131070017,-4.052347681496323,-96.33240378756042,-134.8086640665436,0.0,0.0,1.4210854715202004e-14,0.0,1,1,1,1
398,0.398,23.78550479472458,-4.176618532535619,-77.05555063239429,-112.10745185376065,136.03543157723558,25.001098612520828,0.0,47.35894410747241,0.0,614.273487652217,-1.2155938177962469,-4.176618532535619,-124.4144947398667,-112.10745185376065,167.47252688879922,23.78550479472458,-4.176618532535619,-77.05555063239429,-112.10745185376065,0.0,0.0,0.0,0.0,1,1,1,1
399,0.399,23.715953742733983,-4.273390065221268,-63.001341565420475,-79.90134995441,101.75163273176442,25.048764693372124,0.0,47.97321759512463,0.0,633.786001902919,-1.332810950638141,-4.273390065221268,-110.97455916054511,-79.90134995441,136.74640216625232,23.715953742733983,-4.273390065221268,-63.00134156542048,-79.90134995441,0.0,0.0,7.105427357601002e-15,0.0,1,1,1,1
400,0.4,23.65747094882034,-4.333493574752415,-55.0255463480059,-38.92407570389801,67.4009971758529,25.097054803968202,0.0,48.60700359702755,0.0,650.4655810866916,-1.4395838551478626,-4.333493574752415,-103.63254994503345,-38.92407570389801,110.7013508386986,23.65747094882034,-4.333493574752415,-55.025546348005896,-38.92407570389801,0.0,0.0,-7.105427357601002e-15,0.0,1,1,1,1
401,0.401,23.60373560773492,-4.348672993245436,-53.53481721857774,9.738444196702973,54.41336187002992,25.145987040355774,0.0,49.25746917811424,0.0,664.9836783361426,-1.542251432620855,-4.348672993245436,-102.79228639669199,9.738444196702973,103.25256141148193,23.60373560773492,-4.348672993245436,-53.53481721857775,9.738444196702973,0.0,0.0,7.105427357601002e-15,0.0,1,1,1,1
402,0.402,23.54825820213647,-4.311917757571492,-58.457306937655545,64.68915006676573,87.18912128679706,25.195577001373056,0.0,49.922452856450384,0.0,678.1009836188589,-1.6473187992365865,-4.311917757571492,-108.37975979410592,64.68915006676573,126.21750460767569,23.54825820213647,-4.311917757571492,-58.45730693765554,64.68915006676573,0.0,0.0,-7.105427357601002e-15,0.0,1,1,1,1
403,0.403,23.48486218578435,-4.217747745804026,-69.24098238318854,124.27429067543835,142.26177618837875,25.245838504721316,0.0,50.600553840069246,0.0,690.614028191337,-1.7609763189369652,-4.217747745804026,-119.84153622325778,124.27429067543835,172.6444123834703,23.48486218578435,-4.217747745804026,-69.24098238318854,124.27429067543835,0.0,0.0,0.0,0.0,1,1,1,1
404,0.404,23.40815335179507,-4.062438047003742,-84.87984752831123,186.64887881921595,205.04241629696946,25.296784365575483,0.0,51.29116786826058,0.0,703.299015916682,-1.8886310137804116,-4.062438047003742,-136.17101539657182,186.64887881921595,231.04187801912397,23.40815335179507,-4.062438047003742,-84.87984752831125,186.64887881921595,0.0,0.0,1.4210854715202004e-14,0.0,1,1,1,1
405,0.405,23.313949511687472,-3.8441739352352577,-103.96675271242559,249.8503191415268,270.61830618915906,25.348427182951703,0.0,51.994466884177264,0.0,716.8560942972954,-2.0344776712642307,-3.8441739352352577,-155.96121959660286,249.8503191415268,294.53197448355684,23.313949511687472,-3.8441739352352577,-103.9667527124256,249.8503191415268,0.0,0.0,1.4210854715202004e-14,0.0,1,1,1,1
406,0.406,23.199645176913762,-3.563129453852784,-124.76999975956792,311.87700259237494,335.9089424025607,25.40078007788303,0.0,52.71132297847456,0.0,731.8572707753443,-2.2011349009692687,-3.563129453852784,-177.48132273804248,311.87700259237494,358.84102979850206,23.199645176913762,-3.563129453852784,-124.76999975956792,311.87700259237494,0.0,0.0,0.0,0.0,1,1,1,1
407,0.40700000000000003,23.06448939968412,-3.2214663441665694,-145.3296343016787,370.7684419705044,398.23352466548437,25.453857329496895,0.0,53.443180249249906,0.0,748.7009965891586,-2.3893679298127743,-3.2214663441665694,-198.77281455092862,370.7684419705044,420.68975429136987,23.06448939968412,-3.2214663441665694,-145.3296343016787,370.7684419705044,0.0,0.0,0.0,0.0,1,1,1,1
408,0.40800000000000003,22.909759608350882,-2.8232535243455747,-163.5682192167755,424.68345669282934,455.0940570105452,25.50767486024444,0.0,54.19188124583906,0.0,767.5760908640771,-2.597915251893557,-2.8232535243455747,-217.76010046261456,424.68345669282934,477.25831552950257,22.909759608350882,-2.8232535243455747,-163.5682192167755,424.68345669282934,0.0,0.0,0.0,0.0,1,1,1,1
409,0.40900000000000003,22.738819912683244,-2.374310784093444,-177.41006610862706,471.9730052566704,504.2150823286432,25.56225052953571,0.0,54.95945733670314,0.0,788.4371802978304,-2.823430616852466,-2.374310784093444,-232.3695234453302,471.9730052566704,526.0742467724712,22.738819912683244,-2.374310784093444,-177.41006610862706,471.9730052566704,0.0,0.0,0.0,0.0,1,1,1,1
410,0.41000000000000003,22.557058651888646,-1.8819836531154837,-184.90240985438243,511.2445066690591,543.654160996904,25.617604205462563,0.0,55.74789451700097,0.0,810.9932114249245,-3.0605455535739168,-1.8819836531154837,-240.6503043713834,511.2445066690591,565.051780453198,22.557058651888646,-1.8819836531154837,-184.90240985438243,511.2445066690591,0.0,0.0,0.0,0.0,1,1,1,1
411,0.41100000000000003,22.37170657304875,-1.3548593791420638,-184.331871538855,541.4148763816662,571.9338311661514,25.673757596585276,0.0,56.558887728425894,0.0,834.7098862460963,-3.3020510235365244,-1.3548593791420638,-240.8907592672809,541.4148763816662,592.586218425422,22.37170657304875,-1.3548593791420638,-184.331871538855,541.4148763816662,0.0,0.0,0.0,0.0,1,1,1,1
412,0.41200000000000003,22.191543601864236,-0.8024364810459036,-174.32977570890165,561.7500105550206,588.1784976155467,25.730733839256825,0.0,57.39359761467199,0.0,858.8261160180368,-3.5391902373925888,-0.8024364810459036,-231.72337332357364,561.7500105550206,607.6666817450354,22.191543601864236,-0.8024364810459036,-174.32977570890165,561.7500105550206,0.0,0.0,0.0,0.0,1,1,1,1
413,0.41300000000000003,22.026508344957275,-0.2347623114609,-153.96045752126565,571.8890617392303,592.2507251301046,25.788556849929506,0.0,58.252423730690026,0.0,882.3838229939422,-3.762048504972231,-0.2347623114609,-212.21288125195568,571.8890617392303,609.9929556201726,22.026508344957275,-0.2347623114609,-153.96045752126565,571.8890617392303,0.0,0.0,0.0,0.0,1,1,1,1
414,0.41400000000000003,21.887229907987006,0.3379456162289765,-122.78758389505485,571.8525316949281,584.8864067190175,25.847250465571694,0.0,59.13480755368397,0.0,904.269687218869,-3.960020557584688,0.3379456162289765,-181.92239144873884,571.8525316949281,600.0925549582555,21.887229907987006,0.3379456162289765,-122.78758389505487,571.8525316949281,0.0,0.0,1.4210854715202004e-14,0.0,1,1,1,1
415,0.41500000000000004,21.784506029922763,0.9056781677449124,-80.91467287153932,562.0339321743244,567.8286054798941,25.906837407968986,0.0,60.03907724090284,0.0,923.266774773017,-4.122331378046223,0.9056781677449124,-140.95375011244215,562.0339321743244,579.439471028764,21.784506029922763,0.9056781677449124,-80.91467287153931,562.0339321743244,0.0,0.0,-1.4210854715202004e-14,0.0,1,1,1,1
416,0.41600000000000004,21.72875467935443,1.458996744602751,-28.99736500620439,543.1754992202893,543.9489591225574,25.967338118597272,0.0,60.96234401567586,0.0,938.1134309669019,-4.238583439242841,1.458996744602751,-89.95970902188026,543.1754992202893,550.5745836855457,21.72875467935443,1.458996744602751,-28.997365006204397,543.1754992202893,0.0,0.0,7.105427357601002e-15,0.0,1,1,1,1
417,0.417,21.729467960065183,1.9893636520907334,31.77349359936548,516.3291576887972,517.3058611451563,26.02876951932843,0.0,61.90045744664276,0.0,947.5664070251465,-4.299301559263249,1.9893636520907334,-30.12696384727728,516.3291576887972,517.2073404644195,21.729467960065183,1.9893636520907334,31.77349359936548,516.3291576887972,0.0,0.0,0.0,0.0,1,1,1,1
418,0.418,21.79469733403502,2.4894268033318268,99.71733585094697,482.80458811891845,492.9947437629422,26.09114375997859,0.0,62.84802385366791,0.0,950.4649344795115,-4.296446425943568,2.4894268033318268,36.869311997279056,482.80458811891845,484.21030191005974,21.79469733403502,2.4894268033318268,99.71733585094697,482.80458811891845,0.0,0.0,0.0,0.0,1,1,1,1
419,0.419,21.93059777705177,2.9532470296511306,172.735772312934,444.106818179215,476.5170647414551,26.154467016299495,0.0,63.798488788147424,0.0,945.7923819546287,-4.223869239247726,2.9532470296511306,108.93728352478657,444.106818179215,457.2725638992854,21.93059777705177,2.9532470296511306,172.735772312934,444.106818179215,0.0,0.0,0.0,0.0,1,1,1,1
420,0.42,22.141055605138135,3.3764589294444014,248.40732860591928,401.8662200191521,472.443287281776,26.21873840127862,0.0,64.74428117010206,0.0,932.7322290309405,-4.077682796140486,3.3764589294444014,183.66304743581722,401.8662200191521,441.84677636698086,22.141055605138135,3.3764589294444014,248.40732860591928,401.8662200191521,0.0,0.0,0.0,0.0,1,1,1,1
421,0.421,22.427420498835374,3.7563592444800533,324.1002117003614,357.7641223180079,482.738142725633,26.28394904856324,0.0,65.677013399133,0.0,910.7153665343604,-3.856528549727866,3.7563592444800533,258.4231983012284,357.7641223180079,441.33628520461644,22.427420498835374,3.7563592444800533,324.1002117003614,357.7641223180079,0.0,0.0,0.0,0.0,1,1,1,1
422,0.422,22.788356928632727,4.091920064583077,397.09731464498657,313.4574270146866,505.9069438631249,26.35008141964564,0.0,66.58772876566736,0.0,879.4561676775293,-3.5617244910129138,4.091920064583077,330.5095858793192,313.4574270146866,455.5130567928725,22.788356928632727,4.091920064583077,397.09731464498657,313.4574270146866,0.0,0.0,0.0,0.0,1,1,1,1
423,0.423,23.219824030122133,4.383727578104535,464.7269954914728,270.5056476393993,537.7215689772377,26.41710887649515,0.0,67.4671849333449,0.0,838.9753470875262,-3.197284846373016,4.383727578104535,397.2598105581279,270.5056476393993,480.61279892392645,23.219824030122133,4.383727578104535,464.72699549147285,270.5056476393993,0.0,0.0,-5.684341886080802e-14,0.0,1,1,1,1
424,0.424,23.715186318347122,4.633850451147842,524.4928357520579,230.30365788658372,572.8285167405475,26.484995549102038,0.0,68.30616028043242,0.0,789.6083046240453,-2.769809230754916,4.633850451147842,456.18667547162545,230.30365788658372,511.02451772277493,23.715186318347122,4.633850451147842,524.4928357520579,230.30365788658372,0.0,0.0,0.0,0.0,1,1,1,1
425,0.425,24.265450821306306,4.845645080449596,574.1956147754516,194.02316165831786,606.0904151092052,26.55369651353478,0.0,69.09576858505646,0.0,731.9984019641893,-2.2882456922284753,4.845645080449596,505.09984619039517,194.02316165831786,541.0830267911299,24.265450821306306,4.845645080449596,574.1956147754516,194.02316165831786,0.0,0.0,0.0,0.0,1,1,1,1
426,0.426,24.85961961513931,5.023507779853783,612.0411276910804,162.56548213353986,633.262882195601,26.623158281320823,0.0,69.82776698702065,0.0,667.0754022998755,-1.763538666181514,5.023507779853783,542.2133607040598,162.56548213353986,566.0590645041391,24.85961961513931,5.023507779853783,612.0411276910804,162.56548213353986,0.0,0.0,0.0,0.0,1,1,1,1
427,0.427,25.485140709673068,5.172586301258022,636.7282054770411,136.52773653247354,651.2009140754438,26.693319586008993,0.0,70.49484238932052,0.0,596.020075544931,-1.208178876335925,5.172586301258022,566.2333630877206,136.52773653247354,582.4603371185981,25.485140709673068,5.172586301258022,636.7282054770411,136.52773653247354,0.0,0.0,0.0,0.0,1,1,1,1
428,0.428,26.128435084429174,5.298464852314621,647.5123274583506,116.1838395158164,657.8532501821111,26.764112438436086,0.0,71.09086246486545,0.0,520.2166920847828,-0.635677354006912,5.298464852314621,576.4214649934851,116.1838395158164,588.0139367990121,26.128435084429174,5.298464852314621,647.5123274583506,116.1838395158164,0.0,0.0,0.0,0.0,1,1,1,1
429,0.429,26.77547368650135,5.406837876187934,644.2414942037494,101.48109015836579,652.18518421811,26.835463409246994,0.0,71.61107915695024,0.0,441.1957589491466,-0.059989722745644514,5.406837876187934,572.6304150467992,101.48109015836579,581.5530963690244,26.77547368650135,5.406837876187934,644.2414942037494,101.48109015836579,0.0,0.0,0.0,0.0,1,1,1,1
430,0.43,27.412375585706847,5.503188254583165,627.3624842304257,92.05237664360507,634.0799055840732,26.907295086283423,0.0,72.05227491589939,0.0,360.56985975536793,0.5050804994234248,5.503188254583165,555.3102093145263,92.05237664360507,562.8881492931604,27.412375585706847,5.503188254583165,627.3624842304257,92.05237664360507,0.0,0.0,0.0,0.0,1,1,1,1
431,0.431,28.02599737866879,5.5924852676922425,597.8971734759195,87.24331218583056,604.228785785358,26.979527646129203,0.0,72.41284477565476,0.0,279.9658168475916,1.0464697325395882,5.5924852676922425,525.4843287002648,87.24331218583056,532.6773650444725,28.02599737866879,5.5924852676922425,597.8971734759195,87.24331218583056,0.0,0.0,0.0,0.0,1,1,1,1
432,0.432,28.604484400851145,5.678916610325032,557.3901691123983,86.152928114359,564.0089783379569,27.05208047381328,0.0,72.69281059250235,0.0,200.9565817659288,1.5524039270378651,5.678916610325032,484.69735851989594,86.152928114359,492.2944813613519,28.604484400851145,5.678916610325032,557.3901691123983,86.152928114359,0.0,0.0,0.0,0.0,1,1,1,1
433,0.433,29.137756319016365,5.765667071257932,507.83051500286956,87.68592693583558,515.3451792252222,27.124873762696666,0.0,72.89376717426828,0.0,124.99626858926875,2.012882556319699,5.765667071257932,434.93674782860126,87.68592693583558,443.6877239617037,29.137756319016365,5.765667071257932,507.83051500286956,87.68592693583558,0.0,0.0,0.0,0.0,1,1,1,1
434,0.434,29.617903128551642,5.854754211707646,451.551584565022,90.61396795159366,460.5537153374345,27.197830028005228,0.0,73.01876344285755,0.0,53.361573453215264,2.4200731005464142,5.854754211707646,378.5328211221644,90.61396795159366,389.2274243352297,29.617903128551642,5.854754211707646,451.551584565022,90.61396795159366,0.0,0.0,0.0,0.0,1,1,1,1
435,0.435,30.039472286293385,5.946928634193887,391.1144155536712,93.643044822231,402.16850435789746,27.27087547223481,0.0,73.07212501631076,0.0,-12.897518104680946,2.7685968140585757,5.946928634193887,318.0422905373605,93.643044822231,331.5417295210803,30.039472286293385,5.946928634193887,391.1144155536713,93.643044822231,0.0,0.0,-5.684341886080802e-14,0.0,1,1,1,1
436,0.436,30.399633418685745,6.041643341844123,329.1805996264971,95.48373716174773,342.74919581646566,27.343941148492068,0.0,73.05922749820608,0.0,-72.99532803390414,3.0556922701936777,6.041643341844123,256.121372128291,95.48373716174773,273.3409982480715,30.399633418685745,6.041643341844123,329.1805996264971,95.48373716174773,0.0,0.0,0.0,0.0,1,1,1,1
437,0.437,30.69821345276435,6.137093393141008,268.38137189552197,94.92098942246773,284.6727156112133,27.416963878326257,0.0,72.98623217017219,0.0,-126.43459827894613,3.2812495744380925,6.137093393141008,195.3951397253498,94.92098942246773,217.23087916138718,30.69821345276435,6.137093393141008,268.38137189552197,94.92098942246773,0.0,0.0,0.0,0.0,1,1,1,1
438,0.438,30.93760178194381,6.230323710205971,211.18972385496556,90.88009582918025,229.9136604898839,27.48988689319729,0.0,72.85979757189324,0.0,-173.0160420782009,3.4477148887465177,6.230323710205971,138.32992628307233,90.88009582918025,165.5124174296334,30.93760178194381,6.230323710205971,211.18972385496556,90.88009582918025,0.0,0.0,0.0,0.0,1,1,1,1
439,0.439,31.1225318395681,6.317399654248886,159.80217797777345,82.48574872068541,179.83502114007726,27.562660182748147,0.0,72.68678152981504,0.0,-212.83302342096596,3.559871656819954,6.317399654248886,87.11539644795842,82.48574872068541,119.97079244673272,31.1225318395681,6.317399654248886,159.80217797777345,82.48574872068541,0.0,0.0,0.0,0.0,1,1,1,1
440,0.44,31.259751850927476,6.393631989365817,116.03632423097798,69.11133115133252,135.05852299853495,27.63524054776625,0.0,72.47394850639407,0.0,-246.25183371025912,3.624511303161224,6.393631989365817,43.562375724583916,69.11133115133252,81.69489991596149,31.259751850927476,6.393631989365817,116.03632423097798,69.11133115133252,0.0,0.0,0.0,0.0,1,1,1,1
441,0.441,31.357603229112645,6.453845253443276,81.24935703357096,50.41608817070266,95.62029054967753,27.707591370355793,0.0,72.2276966726838,0.0,-273.87878625174943,3.6500118587568515,6.453845253443276,9.021660360887154,50.41608817070266,51.21691421887175,31.357603229112645,6.453845253443276,81.24935703357096,50.41608817070266,0.0,0.0,0.0,0.0,1,1,1,1
442,0.442,31.425529769929053,6.492676462678694,56.28171236690402,26.368374071501876,62.15241184479947,27.77968212763535,0.0,71.95381788643206,0.0,-296.51603262194783,3.6458476422937025,6.492676462678694,-15.672105519528046,26.368374071501876,30.674191800108993,31.425529769929053,6.492676462678694,56.28171236690402,26.368374071501876,0.0,0.0,0.0,0.0,1,1,1,1
443,0.443,31.473544238645037,6.5048895909471804,41.428550269169676,-2.7461806854208524,41.51946875577887,27.85148768750547,0.0,71.65730185381011,0.0,-315.1085839382474,3.622056551139565,6.5048895909471804,-30.228751584640435,-2.7461806854208524,30.3532359184796,31.473544238645037,6.5048895909471804,41.428550269169676,-2.7461806854208524,0.0,0.0,0.0,0.0,1,1,1,1
444,0.444,31.511680946600237,6.48569045595859,36.44033074369528,-36.33203877446338,51.45789294383334,27.922987435067313,0.0,71.34219326987187,0.0,-330.6854638904588,3.5886935115329237,6.48569045595859,-34.90186252617659,-36.33203877446338,50.38012553879992,31.511680946600237,6.48569045595859,36.44033074369528,-36.33203877446338,0.0,0.0,0.0,0.0,1,1,1,1
445,0.445,31.54946338574156,6.431026548939724,40.55217171967382,-73.50639514456182,83.95039462879478,27.994164285605237,0.0,71.01150780598141,0.0,-344.29820572582014,3.555299100136324,6.431026548939724,-30.459336086307587,-73.50639514456182,79.56733803494434,31.54946338574156,6.431026548939724,40.55217171967382,-73.50639514456182,0.0,0.0,0.0,0.0,1,1,1,1
446,0.446,31.595414903605686,6.337856968846632,52.54013991761224,-113.13610845826767,124.74071243841433,28.065003644308355,0.0,70.66720960025559,0.0,-356.96001737966964,3.530411259297331,6.337856968846632,-18.127069682643352,-113.13610845826767,114.57909797323556,31.595414903605686,6.337856968846632,52.54013991761224,-113.13610845826767,0.0,0.0,0.0,0.0,1,1,1,1
447,0.447,31.656637823300827,6.204378938316246,70.80119183755545,-153.8872798788059,169.39334011145857,28.135492373899922,0.0,70.31024958287593,0.0,-369.58887211875964,3.5211454494009047,6.204378938316246,0.4909422546795241,-153.8872798788059,153.88806299643704,31.656637823300827,6.204378938316246,70.80119183755545,-153.8872798788059,0.0,0.0,0.0,0.0,1,1,1,1
448,0.448,31.738482485891172,6.030199327453585,93.45222946894785,-194.28524116132442,215.5923795634504,28.205617829046737,0.0,69.94066071075717,0.0,-382.957540540187,3.532864656844435,6.030199327453585,23.511568758190677,-194.28524116132442,195.70270513864932,31.738482485891172,6.030199327453585,93.45222946894785,-194.28524116132442,0.0,0.0,0.0,0.0,1,1,1,1
449,0.449,31.844322631771732,5.81644210485111,118.44273076363275,-232.78222245886298,261.18239520234505,28.275367010987225,0.0,69.55770317021698,0.0,-397.6531770616949,3.5689556207845072,5.81644210485111,48.88502759341577,-232.78222245886298,237.8598516263234,31.844322631771732,5.81644210485111,118.44273076363275,-232.78222245886298,0.0,0.0,0.0,0.0,1,1,1,1
450,0.45,31.975447619266163,5.565785559666995,143.6747120483095,-267.82960286356644,303.93275416154205,28.344725887568913,0.0,69.16004999315528,0.0,-414.0485323168314,3.6307217316972498,5.565785559666995,74.5146620551542,-267.82960286356644,278.00203422142357,31.975447619266163,5.565785559666995,143.6747120483095,-267.82960286356644,0.0,0.0,0.0,0.0,1,1,1,1
451,0.451,32.1310755246015,5.2824263610066104,167.1234157143224,-297.95142043243004,341.6215523319993,28.41367891329591,0.0,68.74600146083846,0.0,-432.2862117506064,3.7173966113055883,5.2824263610066104,98.37741425348393,-297.95142043243004,313.77247261814455,32.1310755246015,5.2824263610066104,167.1234157143224,-297.95142043243004,0.0,0.0,0.0,0.0,1,1,1,1
452,0.452,32.308484527739566,4.971970894304477,186.9521107503101,-321.8157438371682,372.17800135884727,28.482208771650875,0.0,68.31371524908785,0.0,-452.27667566641065,3.826275756088691,4.971970894304477,118.63839550122226,-321.8157438371682,342.9875243628758,32.308484527739566,4.971970894304477,186.9521107503101,-321.8157438371682,0.0,0.0,0.0,0.0,1,1,1,1
453,0.453,32.503253522830406,4.6412576848255584,201.6147457052682,-338.3005884691791,393.82203321347174,28.550296348562128,0.0,67.86143857342144,0.0,-473.70991640530644,3.9529571742682776,4.6412576848255584,133.75330713184678,-338.3005884691791,363.7818512890645,32.503253522830406,4.6412576848255584,201.6147457052682,-338.3005884691791,0.0,0.0,0.0,0.0,1,1,1,1
454,0.454,32.70959694989187,4.298117931621808,209.94088392845273,-346.55129238933785,405.1826415351235,28.617920932177345,0.0,67.38772865701613,0.0,-496.07999545308155,4.091676017714523,4.298117931621808,142.5531552714366,-346.55129238933785,374.7254999790682,32.70959694989187,4.298117931621808,209.9408839284527,-346.55129238933785,0.0,0.0,2.842170943040401e-14,0.0,1,1,1,1
455,0.455,32.92077374650691,3.9510840840392816,211.19834164783236,-346.02664158582763,405.38768629789604,28.685060620836637,0.0,66.89164866156304,0.0,-518.72091786096,4.235713125670273,3.9510840840392816,144.30669298626933,-346.02664158582763,374.9118007315857,32.92077374650691,3.9510840840392816,211.19834164783236,-346.02664158582763,0.0,0.0,0.0,0.0,1,1,1,1
456,0.456,33.129546339579974,3.6090588635523626,205.13018666077505,-336.53153278593487,394.1216386329672,28.75169290903927,0.0,66.37292774370208,0.0,-540.8517016087179,4.3778534305407035,3.6090588635523626,138.757258917073,-336.53153278593487,364.0151775152107,33.129546339579974,3.6090588635523626,205.13018666077505,-336.53153278593487,0.0,0.0,0.0,0.0,1,1,1,1
457,0.457,33.32866295135653,3.280959052405072,191.96417189565972,-318.23456306358054,371.64967431689536,28.81779541093217,0.0,65.83207604209336,0.0,-561.6279989364193,4.510867540424357,3.280959052405072,126.13209585356636,-318.23456306358054,342.31935781179726,33.32866295135653,3.280959052405072,191.96417189565972,-318.23456306358054,0.0,0.0,0.0,0.0,1,1,1,1
458,0.458,33.51133532246392,2.9753496482988786,172.3941970011557,-291.6696115262725,338.8080894069089,28.883346672974795,0.0,65.27044804315695,0.0,-580.1972722457898,4.627988649489126,2.9753496482988786,107.12374895799876,-291.6696115262725,310.7195839960897,33.51133532246392,2.9753496482988786,172.3941970011557,-291.6696115262725,0.0,0.0,0.0,0.0,1,1,1,1
459,0.459,33.67168431919082,2.700084561202964,147.53493008199098,-257.72119884823917,296.9625766490983,28.948327022381832,0.0,64.69025077091116,0.0,-595.7543380128456,4.7233572968089845,2.700084561202964,82.84467931107982,-257.72119884823917,270.70917462459465,33.67168431919082,2.700084561202964,147.53493008199098,-257.72119884823917,0.0,0.0,0.0,0.0,1,1,1,1
460,0.46,33.80512777085123,2.461969876056957,118.85219732936326,-217.5941426876977,247.937604533907,29.012719395983737,0.0,64.09449643289832,0.0,-607.594078386028,4.792408374867492,2.461969876056957,54.75770089646494,-217.5941426876977,224.37828936744498,33.80512777085123,2.461969876056957,118.85219732936326,-217.5941426876977,0.0,0.0,0.0,0.0,1,1,1,1
461,0.461,33.908688172100334,2.266464828520569,88.07308064386399,-172.76873786707736,193.92241829732697,29.07651009537744,0.0,63.486902354512296,0.0,-615.1582823892076,4.832178076722894,2.266464828520569,24.586178289351693,-172.76873786707736,174.5093606287602,33.908688172100334,2.266464828520569,88.07308064386399,-172.76873786707736,0.0,0.0,0.0,0.0,1,1,1,1
462,0.462,33.98120240429171,2.1174340777105476,57.08078023300055,-124.94334733143931,137.36468073851003,29.13968941859076,0.0,62.871744072123086,0.0,-618.0739079900063,4.841512985700948,2.1174340777105476,-5.790963839122533,-124.94334733143931,125.07747720741216,33.98120240429171,2.1174340777105476,57.08078023300055,-124.94334733143931,0.0,0.0,0.0,0.0,1,1,1,1
463,0.463,34.023421132540854,2.016962678947097,27.800140051775536,-75.96686346897327,80.89383247326066,29.20225212570889,0.0,62.25367016413308,0.0,-616.180534760344,4.8211690068319655,2.016962678947097,-34.45353011235754,-75.96686346897327,83.41468745081261,34.023421132540854,2.016962678947097,27.800140051775536,-75.96686346897327,0.0,0.0,0.0,0.0,1,1,1,1
464,0.464,34.03799172092356,1.9652424578921859,2.080253228999233,-27.76396328281287,27.841787131327308,29.26419770560564,0.0,61.63748962937273,0.0,-609.54537839463,4.773794015317918,1.9652424578921859,-59.5572364003735,-27.76396328281287,65.71074542888213,34.03799172092356,1.9652424578921859,2.080253228999233,-27.76396328281287,0.0,0.0,0.0,0.0,1,1,1,1
465,0.465,34.029325039932196,1.960535385790333,-18.41926595088266,17.743585993854897,25.575460936035327,29.325530422545814,0.0,61.0279442509781,0.0,-598.4649302328696,4.703794617386382,1.960535385790333,-79.44721020186077,17.743585993854897,81.40450879883727,34.029325039932196,1.960535385790333,-18.419265950882668,17.743585993854897,0.0,0.0,7.105427357601002e-15,0.0,1,1,1,1
466,0.466,34.00335306181415,1.9992161927598313,-32.33194669322778,58.716127171367354,67.02938435475822,29.386259134331674,0.0,60.42947932074523,0.0,-583.4530295242079,4.617093927482479,1.9992161927598313,-92.76142601397301,58.716127171367354,109.78281170634122,34.00335306181415,1.9992161927598313,-32.33194669322778,58.716127171367354,0.0,0.0,0.0,0.0,1,1,1,1
467,0.467,33.96719029497167,2.0758929831334365,-38.6722050036247,93.4723431606983,101.15640551044564,29.446396887137656,0.0,59.84602629122102,0.0,-565.2159329482354,4.520793407834017,2.0758929831334365,-98.51823129484572,93.4723431606983,135.80471579962185,33.96719029497167,2.0758929831334365,-38.6722050036247,93.4723431606983,0.0,0.0,0.0,0.0,1,1,1,1
468,0.468,33.928717562059646,2.183601189748543,-36.90216671219382,120.55916452146062,126.08045866892758,29.505960305462402,0.0,59.28081035827279,0.0,-544.6156736855427,4.422757256597244,2.183601189748543,-96.1829770704666,120.55916452146062,154.2260588495035,33.928717562059646,2.183601189748543,-36.90216671219382,120.55916452146062,0.0,0.0,0.0,0.0,1,1,1,1
469,0.46900000000000003,33.89611107939758,2.3140629769368926,-26.973704169490176,138.81227680107463,141.40872995441737,29.564968807983835,0.0,58.73619468458725,0.0,-522.6236614313291,4.331142271413743,2.3140629769368926,-85.70989885407742,138.81227680107463,163.14115039521556,33.89611107939758,2.3140629769368926,-26.973704169490176,138.81227680107463,0.0,0.0,0.0,0.0,1,1,1,1
470,0.47000000000000003,33.87734300334947,2.4580013199447217,-9.343166296119236,147.40456303890517,147.70037224437692,29.623443690837707,0.0,58.213571023155914,0.0,-500.26702919200034,4.253899312511766,2.4580013199447217,-67.55673731927516,147.40456303890517,162.14813585704928,33.87734300334947,2.4580013199447217,-9.343166296119243,147.40456303890517,0.0,0.0,7.105427357601002e-15,0.0,1,1,1,1
471,0.47100000000000003,33.87968139510505,2.6054955813102656,15.042232407608658,145.88034978700097,146.65382780473976,29.68140712834627,0.0,57.71330399396391,0.0,-478.5706521354195,4.198274266758784,2.6054955813102656,-42.671071586355254,145.88034978700097,151.99308143565486,33.87968139510505,2.6054955813102656,15.042232407608658,145.88034978700097,0.0,0.0,0.0,0.0,1,1,1,1
472,0.47200000000000003,33.90921781827995,2.7463635806454927,44.78585240157253,134.17395387181278,141.4511310415395,29.738881147014165,0.0,57.234733341828495,0.0,-458.49802508936295,4.170336671265783,2.7463635806454927,-12.448880940255968,134.17395387181278,134.7502301825864,33.90921781827995,2.7463635806454927,44.78585240157253,134.17395387181278,0.0,0.0,0.0,0.0,1,1,1,1
473,0.47300000000000003,33.970449505661165,2.870553995345854,78.10886540175954,112.61172353409202,137.04887862244246,29.79588663134345,0.0,56.77623531673913,0.0,-440.89427392768,4.174562874317715,2.870553995345854,21.332630085020412,112.61172353409202,114.61449028662604,33.970449505661165,2.870553995345854,78.10886540175954,112.61172353409202,0.0,0.0,0.0,0.0,1,1,1,1
474,0.47400000000000003,34.06594027729861,2.9685324880093713,112.9398362576973,81.89750012247207,139.50844827545674,29.852442419523225,0.0,56.33534104281145,0.0,-426.43448678996833,4.213497857775383,2.9685324880093713,56.604495214885844,81.89750012247207,99.55535849386685,34.06594027729861,2.9685324880093713,112.9398362576973,81.89750012247207,0.0,0.0,0.0,0.0,1,1,1,1
475,0.47500000000000003,34.196080306904776,3.031645251466541,147.02196648140261,43.0821621309158,153.20421443920264,29.90856454332264,0.0,55.908906556021485,0.0,-415.580288192302,4.287515763582135,3.031645251466541,91.11305992538112,43.0821621309158,100.78522899135868,34.196080306904776,3.031645251466541,147.02196648140261,43.0821621309158,0.0,0.0,0.0,0.0,1,1,1,1
476,0.47600000000000003,34.35895963423807,3.0524446807316226,178.03233129776652,-2.4813811237990206,178.04962296955094,29.964265659734565,0.0,55.49332626782918,0.0,-408.54715632613573,4.394693974503504,3.0524446807316226,122.53900502993733,-2.4813811237990206,122.56412609735588,34.35895963423807,3.0524446807316226,178.03233129776652,-2.4813811237990206,0.0,0.0,0.0,0.0,1,1,1,1
477,0.47700000000000004,34.550364285387225,3.0249635766956957,203.70676098758403,-53.1957353071862,210.53795554940896,30.01955471242423,0.0,55.084779111503046,0.0,-405.2844235795385,4.530809572962994,3.0249635766956957,148.62198187608098,-53.1957353071862,157.8552493636064,34.550364285387225,3.0249635766956957,203.70676098758403,-53.1957353071862,0.0,0.0,0.0,0.0,1,1,1,1
478,0.47800000000000004,34.763897313837056,2.9449265822716035,221.96367656792359,-107.2865428245541,246.5325049294609,30.074436849323945,0.0,54.67949468792351,0.0,-405.4692323692796,4.689460464513111,2.9449265822716035,167.28418188000006,-107.2865428245541,198.7319797579288,34.763897313837056,2.9449265822716035,221.96367656792359,-107.2865428245541,0.0,0.0,0.0,0.0,1,1,1,1
479,0.47900000000000004,34.99122036432205,2.8098903442106766,231.02020847904765,-162.87698015348235,282.6645492268539,30.128913609395685,0.0,54.27402545555423,0.0,-408.51497841559643,4.862306754926362,2.8098903442106766,176.74618302349342,-162.87698015348235,240.35000286518016,34.99122036432205,2.8098903442106766,231.02020847904765,-162.87698015348235,0.0,0.0,0.0,0.0,1,1,1,1
480,0.48,35.222404849571106,2.6193070568451464,229.49430457828907,-218.06592895451573,316.57603384442797,30.18298337736203,0.0,53.865510477138635,0.0,-413.5940012320883,5.039421472209074,2.6193070568451464,175.62879410115045,-218.06592895451573,279.99682621097725,35.222404849571106,2.6193070568451464,229.49430457828907,-218.06592895451573,0.0,0.0,0.0,0.0,1,1,1,1
481,0.481,35.44637586787039,2.374509434858575,216.48725071728785,-271.0063666509512,346.85902105679713,30.236642090838554,0.0,53.45191647590654,0.0,-419.6735182591097,5.209733777031833,2.374509434858575,163.0353342413813,-271.0063666509512,316.2672461329954,35.44637586787039,2.374509434858575,216.48725071728785,-271.0063666509512,0.0,0.0,0.0,0.0,1,1,1,1
482,0.482,35.651426898752824,2.078618627999602,191.64204556821505,-319.9805252900083,372.98017399647324,30.289884170555332,0.0,53.03224295764743,0.0,-425.5630857417681,5.361542728197492,2.078618627999602,138.6098026105676,-319.9805252900083,348.7122222472424,35.651426898752824,2.078618627999602,191.64204556821505,-319.9805252900083,0.0,0.0,0.0,0.0,1,1,1,1
483,0.483,35.82577937063517,1.7363799753700775,155.17433699421457,-363.46852592314127,395.2068372363202,30.34270363197011,0.0,52.60667987190566,0.0,-429.97124452336027,5.4830757386650575,1.7363799753700775,102.5676571223089,-363.46852592314127,377.6632013107721,35.82577937063517,1.7363799753700775,155.17433699421457,-363.46852592314127,0.0,0.0,0.0,0.0,1,1,1,1
484,0.484,35.95815861232068,1.3539346483401693,107.87407262011604,-400.2075021058406,414.49108589383013,30.395095326219757,0.0,52.176708627382304,0.0,-431.5685060856626,5.563063286100924,1.3539346483401693,55.697363992733735,-400.2075021058406,404.06464965093824,35.95815861232068,1.3539346483401693,107.87407262011604,-400.2075021058406,0.0,0.0,0.0,0.0,1,1,1,1
485,0.485,36.03835662173175,0.9385380078304565,51.07756512735691,-429.238666348568,432.26698965805457,30.447056250594095,0.0,51.74514012129664,0.0,-429.0534806127645,5.591300371137656,0.9385380078304565,-0.6675749939397306,-429.238666348568,429.2391854724704,36.03835662173175,0.9385380078304565,51.07756512735691,-429.238666348568,0.0,0.0,0.0,0.0,1,1,1,1
486,0.486,36.05775257142214,0.49823777937840563,-13.388759621285132,-449.94032732368055,450.13948619993045,30.498586863975085,0.0,51.31608664068388,0.0,-421.21876381284494,5.5591657074470575,0.49823777937840563,-64.70484626196901,-449.94032732368055,454.56904347076454,36.05775257142214,0.49823777937840563,-13.388759621285132,-449.94032732368055,0.0,0.0,0.0,0.0,1,1,1,1
487,0.487,36.009763999005656,0.04152682658490755,-83.29016014261273,-462.04550807816435,469.49260091272055,30.54969234123386,0.0,50.89486787687103,0.0,-407.0131929266322,5.460071657771795,0.04152682658490755,-134.18502801948375,-462.04550807816435,481.1358158356107,36.009763999005656,0.04152682658490755,-83.29016014261272,-462.04550807816435,0.0,0.0,-1.4210854715202004e-14,0.0,1,1,1,1
488,0.488,35.89020509668909,-0.42301369390818844,-156.08679245054955,-465.64351715696364,491.10790244895105,30.600383702514268,0.0,50.4878546839444,0.0,-385.59725544773977,5.289821394174819,-0.42301369390818844,-206.57464713449394,-465.64351715696364,509.4084509595892,35.89020509668909,-0.42301369390818844,-156.08679245054955,-465.64351715696364,0.0,0.0,0.0,0.0,1,1,1,1
489,0.489,35.697533235655584,-0.8870647282324055,-229.05306751217248,-461.1655534831624,514.9164742520551,30.65067875857049,0.0,50.10225742849666,0.0,-356.38877764418055,5.046854477085095,-0.8870647282324055,-279.1553249406691,-461.1655534831624,539.0745432332732,35.697533235655584,-0.8870647282324055,-229.05306751217245,-461.1655534831624,0.0,0.0,-2.842170943040401e-14,0.0,1,1,1,1
490,0.49,35.43297058883887,-1.342897648488,-299.40701948638775,-449.3551489361774,539.9672334440085,30.70060282161016,0.0,49.74586865085248,0.0,-319.09651594185044,4.732367767228709,-1.342897648488,-349.1528881372402,-449.3551489361774,569.0586869295911,35.43297058883887,-1.342897648488,-299.40701948638775,-449.3551489361774,0.0,0.0,0.0,0.0,1,1,1,1
491,0.491,35.10049414640669,-1.783666030611585,-364.4430138861427,-431.2249369816326,564.6004398202575,30.75018914200304,0.0,49.42677213491063,0.0,-273.739896387836,4.350305004403648,-1.783666030611585,-413.8697860210533,-431.2249369816326,597.6982065021824,35.10049414640669,-1.783666030611585,-364.4430138861427,-431.2249369816326,0.0,0.0,0.0,0.0,1,1,1,1
492,0.492,34.706694211028136,-2.203648216933338,-421.6609414172943,-408.0018503889603,586.7396862644749,30.79947904418976,0.0,49.15303223852279,0.0,-220.65386277354597,3.9072151668383768,-2.203648216933338,-470.81397365581705,-408.0018503889603,623.0018520922678,34.706694211028136,-2.203648216933338,-421.6609414172943,-408.0018503889603,0.0,0.0,0.0,0.0,1,1,1,1
493,0.493,34.260508254238935,-2.5984303642117754,-468.8852237006615,-381.0633681780936,604.2041406445778,30.848521749496893,0.0,48.932378375749245,0.0,-160.47856459166587,3.4119865047420426,-2.5984303642117754,-517.8176020764108,-381.0633681780936,642.9186259453038,34.260508254238935,-2.5984303642117754,-468.8852237006616,-381.0633681780936,0.0,0.0,5.684341886080802e-14,0.0,1,1,1,1
494,0.494,33.77284345026152,-2.9650225070637113,-504.36749181471964,-351.8678280809534,614.9776705197341,30.897373888590348,0.0,48.77189981115758,0.0,-94.1344008947817,2.8754695616711707,-2.9650225070637113,-553.1393916258772,-351.8678280809534,655.5716246198069,33.77284345026152,-2.9650225070637113,-504.36749181471964,-351.8678280809534,0.0,0.0,0.0,0.0,1,1,1,1
495,0.495,33.2561069379453,-3.3019033238055058,-526.8676590621284,-321.88207812941044,617.4120199562972,30.946098721201057,0.0,48.6777654102628,0.0,-22.78369361977957,2.31000821674424,-3.3019033238055058,-575.5454244723912,-321.88207812941044,659.4396165321074,33.2561069379453,-3.3019033238055058,-526.8676590621284,-321.88207812941044,0.0,0.0,0.0,0.0,1,1,1,1
496,0.496,32.72366759096184,-3.6089926316562826,-535.7092495752719,-292.5098479666273,610.3658011700527,30.994765094764507,0.0,48.65498171664302,0.0,52.21904618799886,1.7289024961973318,-3.6089926316562826,-584.3642312919148,-292.5098479666273,653.4857044885144,32.72366759096184,-3.6089926316562826,-535.7092495752718,-292.5098479666273,0.0,0.0,-1.1368683772161603e-13,0.0,1,1,1,1
497,0.497,32.18927655063211,-3.887554007765054,-530.8062033684969,-265.0241724568889,593.2900113106042,31.043446186004243,0.0,48.70720076283102,0.0,129.38571017832447,1.1458303646278658,-3.887554007765054,-579.5134041313279,-265.0241724568889,637.2390427102993,32.18927655063211,-3.887554007765054,-530.8062033684969,-265.0241724568889,0.0,0.0,0.0,0.0,1,1,1,1
498,0.498,31.666475811514147,-4.1400331772165,-512.6598835476394,-240.5069995410586,566.271819029803,31.092218079622164,0.0,48.83658647300935,0.0,207.1590430679423,0.5742577318919828,-4.1400331772165,-561.4964700206488,-240.5069995410586,610.8370508358936,31.666475811514147,-4.1400331772165,-512.6598835476394,-240.5069995410586,0.0,0.0,0.0,0.0,1,1,1,1
499,0.499,31.16802464078886,-4.3698407805473,-482.3265821295756,-219.79877040377212,530.0475745627069,31.141158245616705,0.0,49.04374551607729,0.0,283.97966076135896,0.026866395172156388,-4.3698407805473,-531.3703276456529,-219.79877040377212,575.0355854842886,31.16802464078886,-4.3698407805473,-482.32658212957557,-219.79877040377212,0.0,0.0,-5.684341886080802e-14,0.0,1,1,1,1
500,0.5,30.70537253478256,-4.58109069553767,-441.3573733536774,-203.46028876414334,485.9963169795076,31.190343980963164,0.0,49.32772517683865,0.0,358.3522283274451,-0.48497144618060517,-4.58109069553767,-490.6850985305161,-203.46028876414334,531.1948371585429,30.70537253478256,-4.58109069553767,-441.3573733536774,-203.46028876414334,0.0,0.0,0.0,0.0,1,1,1,1
501,0.501,30.288204829707457,-4.778307124148069,-391.7136145571545,-191.74861915229673,436.12737677912804,31.239850882254164,0.0,49.686077405166095,0.0,428.9074530801837,-0.9516460525467068,-4.778307124148069,-441.39969196232056,-191.74861915229673,481.2496452063565,30.288204829707457,-4.778307124148069,-391.7136145571545,-191.74861915229673,0.0,0.0,0.0,0.0,1,1,1,1
502,0.502,29.924083129485215,-4.966115072648303,-335.66266718940915,-184.6080978792776,383.07907270864195,31.28975141338587,0.0,50.11498485824628,0.0,494.4567876551941,-1.3656682839006535,-4.966115072648303,-385.7776520476554,-184.6080978792776,427.67341117026064,29.924083129485215,-4.966115072648303,-335.66266718940915,-184.6080978792776,0.0,0.0,0.0,0.0,1,1,1,1
503,0.503,29.6181976049001,-5.148929586828099,-275.65943654206797,-181.67683513930763,330.14329825232795,31.340113626637944,0.0,50.60944164590148,0.0,554.037140968273,-1.7219160217378437,-5.148929586828099,-326.26887818796945,-181.67683513930763,373.440561937601,29.6181976049001,-5.148929586828099,-275.65943654206797,-181.67683513930763,0.0,0.0,0.0,0.0,1,1,1,1
504,0.504,29.373242230322504,-5.330659121608388,-214.22005372796315,-182.30836462380046,281.294456452693,31.391000086854326,0.0,51.16347878686975,0.0,606.9434394120083,-2.017757856531823,-5.330659121608388,-265.3835325148329,-182.30836462380046,321.97012150486256,29.373242230322504,-5.330659121608388,-214.22005372796315,-182.30836462380046,0.0,0.0,0.0,0.0,1,1,1,1
505,0.505,29.189417478518696,-5.51443772513969,-153.79440900500052,-185.60739125590928,241.04527361062605,31.442467037360903,0.0,51.77042222628176,0.0,652.7475371712137,-2.253049558842207,-5.51443772513969,-205.56483123128228,-185.60739125590928,276.9602923308137,29.189417478518696,-5.51443772513969,-153.79440900500052,-185.60739125590928,0.0,0.0,0.0,0.0,1,1,1,1
506,0.506,29.06455824164392,-5.702399334155434,-96.64427160636407,-190.47793050298833,213.5929709588448,31.49456383335577,0.0,52.423169763452975,0.0,691.3027077369821,-2.4300055917118506,-5.702399334155434,-149.06744136981706,-190.47793050298833,241.87381851958492,29.06455824164392,-5.702399334155434,-96.64427160636409,-190.47793050298833,0.0,0.0,1.4210854715202004e-14,0.0,1,1,1,1
507,0.507,28.994378148922298,-5.895505473863462,-44.73339702093466,-195.68155429862432,200.7295381894703,31.54733265447309,0.0,53.114472471189956,0.0,722.7337191371229,-2.552954505550794,-5.895505473863462,-97.84786949212462,-195.68155429862432,218.78180056136597,28.994378148922298,-5.895505473863462,-44.73339702093466,-195.68155429862432,0.0,0.0,0.0,0.0,1,1,1,1
508,0.508,28.972815361335503,-6.0934351243397264,0.36465327110264667,-199.90298541764747,199.90331800872215,31.60080849380385,0.0,53.83720619032708,0.0,747.413261708939,-2.6279931324683474,-6.0934351243397264,-53.472552919224434,-199.90298541764747,206.9311902410737,28.972815361335503,-6.0934351243397264,0.36465327110264667,-199.90298541764747,0.0,0.0,0.0,0.0,1,1,1,1
509,0.509,28.992459665602716,-6.294542572773574,37.53623536114512,-201.81993590379187,205.28091848317987,31.65501940662503,0.0,54.58461945203602,0.0,765.9262183404161,-2.6625597410223136,-6.294542572773574,-17.048384090890906,-201.81993590379187,202.53872204672666,28.992459665602716,-6.294542572773574,37.53623536114512,-201.81993590379187,0.0,0.0,0.0,0.0,1,1,1,1
510,0.51,29.045036543289925,-6.4958858524209795,66.17137785939788,-200.17388176530415,210.82749865423432,31.709986989186238,0.0,55.35054567037644,0.0,779.0239044183824,-2.664950445896313,-6.4958858524209795,10.820832189021438,-200.17388176530415,200.4661401590127,29.045036543289925,-6.4958858524209795,66.17137785939788,-200.17388176530415,0.0,0.0,0.0,0.0,1,1,1,1
511,0.511,29.12192107523153,-6.693325022874202,86.17947349970703,-193.83841502284062,212.13258304950162,31.765727046808824,0.0,56.12956957479482,0.0,787.5709242377427,-2.6438059715772937,-6.693325022874202,30.049903924912208,-193.83841502284062,196.1538372412415,29.12192107523153,-6.693325022874202,86.17947349970703,-193.83841502284062,0.0,0.0,0.0,0.0,1,1,1,1
512,0.512,29.214653203800655,-6.881686226318554,97.97633812551729,-181.88191776322856,206.59233974597296,31.82225040184574,0.0,56.91714049903256,0.0,792.4876647303355,-2.6075971980450845,-6.881686226318554,41.059197626484725,-181.88191776322856,186.45881507443022,29.214653203800655,-6.881686226318554,97.97633812551729,-181.88191776322856,0.0,0.0,0.0,0.0,1,1,1,1
513,0.513,29.315426083313632,-7.054984313796752,102.44361915244579,-163.62155650620454,193.04587242042874,31.879563786177137,0.0,57.7096281637629,0.0,794.6916563266948,-2.564137702863505,-7.054984313796752,44.73399098868289,-163.62155650620454,169.62648290667542,29.315426083313632,-7.054984313796752,102.44361915244579,-163.62155650620454,0.0,0.0,0.0,0.0,1,1,1,1
514,0.514,29.417520986016058,-7.206694019041502,100.86302924288655,-138.66598746061527,171.46896729868908,31.937670760169063,0.0,58.5043198200896,0.0,795.0410637605642,-2.520149774153005,-7.206694019041502,42.358709422796956,-138.66598746061527,144.99143541048366,29.417520986016058,-7.206694019041502,100.86302924288655,-138.66598746061527,0.0,0.0,0.0,0.0,1,1,1,1
515,0.515,29.515665399257863,-7.330057295383407,94.82923637311858,-106.94467633096941,142.93266899713515,31.99657260052103,0.0,59.29936088385016,0.0,794.2834253607222,-2.480907201263168,-7.330057295383407,35.52987548926841,-106.94467633096941,112.69221733473313,29.515665399257863,-7.330057295383407,94.82923637311858,-106.94467633096941,0.0,0.0,0.0,0.0,1,1,1,1
516,0.516,29.606295373159092,-7.418412633162935,86.14638578252669,-68.72234690934452,110.19964041738163,32.056269103117565,0.0,60.09364430921089,0.0,793.0124461102404,-2.4499737299584723,-7.418412633162935,26.052741473315805,-68.72234690934452,73.49494066263149,29.606295373159092,-7.418412633162935,86.14638578252669,-68.72234690934452,0.0,0.0,0.0,0.0,1,1,1,1
517,0.517,29.68770861431109,-7.4655310248933615,76.71410097310273,-24.59775296386875,80.5611738927811,32.11675925364983,0.0,60.88665675532113,0.0,791.6351848657273,-2.4290506393387403,-7.4655310248933615,15.827444217781604,-24.59775296386875,29.249913527026063,29.68770861431109,-7.4655310248933615,76.71410097310273,-24.59775296386875,0.0,0.0,0.0,0.0,1,1,1,1
518,0.518,29.76010097250094,-7.465942797550456,68.40936323514025,24.51331307481008,72.66872433269359,32.17804172799759,0.0,61.67829194018685,0.0,790.3513851638477,-2.417940755496648,-7.465942797550456,6.731071294953395,24.51331307481008,25.4206577153582,29.76010097250094,-7.465942797550456,68.40936323514025,24.51331307481008,0.0,0.0,0.0,0.0,1,1,1,1
519,0.519,29.825485498463593,-7.415239808220911,62.97087263711789,77.41013620074082,99.78807537625609,32.24011519563036,0.0,62.4686433253507,0.0,789.1460143306301,-2.4146296971667667,-7.415239808220911,0.502229311767195,77.41013620074082,77.41176539066166,29.825485498463593,-7.415239808220911,62.97087263711789,77.41013620074082,0.0,0.0,0.0,0.0,1,1,1,1
520,0.52,29.887499805483582,-7.310338490282219,61.892337406956116,132.65298347757354,146.3812674326804,32.302978411962876,0.0,63.25778933968133,0.0,787.795334518821,-2.4154786064792937,-7.310338490282219,-1.3654519327252146,132.65298347757354,132.66001087170912,29.887499805483582,-7.310338490282219,61.892337406956116,132.65298347757354,0.0,0.0,0.0,0.0,1,1,1,1
521,0.521,29.95111368959809,-7.149690899078491,66.33063193529941,188.62082224583037,199.9439104289733,32.366630098969814,0.0,64.04558467420016,0.0,785.8860722153947,-2.415516409371726,-7.149690899078491,2.285047261099251,188.62082224583037,188.63466284243358,29.95111368959809,-7.149690899078491,66.33063193529941,188.62082224583037,0.0,0.0,0.0,0.0,1,1,1,1
522,0.522,30.022254513835094,-6.933433164805134,77.03393396954377,243.5783263366998,255.46942682797066,32.43106862668012,0.0,64.83147074641555,0.0,782.846520906189,-2.408814112845029,-6.933433164805134,12.20246322312822,243.5783263366998,243.883786196827,30.022254513835094,-6.933433164805134,77.03393396954377,243.5783263366998,0.0,0.0,0.0,0.0,1,1,1,1
523,0.523,30.107372439604376,-6.663463514806922,94.29384409592176,295.7492076176531,310.4173365662035,32.49629152068699,0.0,65.61431726732174,0.0,777.9877447879563,-2.388919081082612,-6.663463514806922,28.679526828600018,295.7492076176531,297.1365158737345,30.107372439604376,-6.663463514806922,94.29384409592176,295.7492076176531,0.0,0.0,0.0,0.0,1,1,1,1
524,0.524,30.21297094418572,-6.34344515377579,117.92416547777255,343.3926066022343,363.0765636511202,32.5622948318267,0.0,66.39230501210969,0.0,770.5524859686718,-2.3493238876409777,-6.34344515377579,51.53186046566286,343.3926066022343,347.2376922399546,30.21297094418572,-6.34344515377579,117.92416547777255,343.3926066022343,0.0,0.0,0.0,0.0,1,1,1,1
525,0.525,30.345130014695485,-5.978732647327815,147.26755093298738,384.87911981979323,412.0918203884406,32.62907241308179,0.0,67.16285749807835,0.0,759.7689442826271,-2.2839423983863085,-5.978732647327815,80.10469343490902,384.87911981979323,393.1268227729565,30.345130014695485,-5.978732647327815,147.26755093298738,384.87911981979323,0.0,0.0,0.0,0.0,1,1,1,1
526,0.526,30.5090498496072,-5.576223890344866,181.22968756520112,418.7630404963642,456.2967058184181,32.69661515505201,0.0,67.92262644236098,0.0,744.9063212914576,-2.1875653054448065,-5.576223890344866,113.30706112284014,418.7630404963642,433.8213620674466,30.5090498496072,-5.576223890344866,181.22968756520112,418.7630404963642,0.0,0.0,0.0,0.0,1,1,1,1
527,0.527,30.70864180443236,-5.144143100647848,218.33916965229125,443.8475431481195,494.6439472621431,32.76491023465501,0.0,68.66753276365243,0.0,725.3289134295272,-2.0562684302226515,-5.144143100647848,149.67163688863883,443.8475431481195,468.40392872770224,30.70864180443236,-5.144143100647848,218.33916965229128,443.8475431481195,0.0,0.0,-2.842170943040401e-14,0.0,1,1,1,1
528,0.528,30.946190747361985,-4.691763408625439,256.8297907550772,459.2398451881229,526.1775145592102,32.833940431875384,0.0,69.39286167708195,0.0,700.5456095043394,-1.8877496845133983,-4.691763408625439,187.43692907799527,459.2398451881229,496.01798131781527,30.946190747361985,-4.691763408625439,256.8297907550772,459.2398451881229,0.0,0.0,0.0,0.0,1,1,1,1
529,0.529,31.222109082443566,-4.229080372130338,294.74074307917266,464.39381610247716,550.0306555684731,32.903683566357216,0.0,70.0934072865863,0.0,670.251891218621,-1.68157448391365,-4.229080372130338,224.64733579258638,464.39381610247716,515.8759947050536,31.222109082443566,-4.229080372130338,294.74074307917266,464.39381610247716,0.0,0.0,0.0,0.0,1,1,1,1
530,0.53,31.534797663747458,-3.76645000765327,330.0292135140835,459.13805753439453,565.44410656508,32.97411209958941,0.0,70.76365917780493,0.0,634.3618389912242,-1.439314435841954,-3.76645000765327,259.26555433627857,459.13805753439453,527.2820720845293,31.534797663747458,-3.76645000765327,330.0292135140835,459.13805753439453,0.0,0.0,0.0,0.0,1,1,1,1
531,0.531,31.880622936679757,-3.3142065902140154,360.6891658241509,443.68812084684265,571.8005097265342,33.045192939686714,0.0,71.39802101679615,0.0,593.0281873825761,-1.1645700030069577,-3.3142065902140154,289.2911448073547,443.68812084684265,529.6683066264701,31.880622936679757,-3.3142065902140154,360.6891658241509,443.68812084684265,0.0,0.0,0.0,0.0,1,1,1,1
532,0.532,32.254013221343854,-2.882276459323283,384.869735406715,418.6422334185165,568.6704079110135,33.1168874747972,0.0,71.99104920417872,0.0,546.6491256235495,-0.8628742534533487,-2.882276459323283,312.8786862025363,418.6422334185165,522.6417433399946,32.254013221343854,-2.882276459323283,384.869735406715,418.6422334185165,0.0,0.0,0.0,0.0,1,1,1,1
533,0.533,32.6476704461367,-2.479804331046602,400.98665692130334,384.9606392605402,555.864185578462,33.189151848564194,0.0,72.53769832980227,0.0,495.8612639092818,-0.5414814024274932,-2.479804331046602,328.4489585915011,384.9606392605402,506.0369672066709,32.6476704461367,-2.479804331046602,400.98665692130334,384.9606392605402,0.0,0.0,0.0,0.0,1,1,1,1
534,0.534,33.052887206553656,-2.1148081435239297,407.8204967247837,343.9293903558265,533.4838170923086,33.261937477525954,0.0,73.03355959371154,0.0,441.51894601152776,-0.20905027097229834,-2.1148081435239297,334.78693713107214,343.9293903558265,479.9684560719954,33.052887206553656,-2.1148081435239297,407.82049672478365,343.9293903558265,0.0,0.0,5.684341886080802e-14,0.0,1,1,1,1
535,0.535,33.45995311453723,-1.7938772753715286,404.59615290396795,297.11011939462026,501.9685946265727,33.33519179659267,0.0,73.47507853972307,0.0,384.66084221431475,0.1247613179445608,-1.7938772753715286,331.12107436424486,297.11011939462026,444.8770492336251,33.45995311453723,-1.7938772753715286,404.59615290396795,297.11011939462026,0.0,0.0,0.0,0.0,1,1,1,1
536,0.536,33.85862933990417,-1.5219271256493951,391.03907893745077,246.27795092366836,462.1302742381315,33.4088592055535,0.0,73.85973938193739,0.0,326.4654627081515,0.4497701343506719,-1.5219271256493951,317.17933955551337,246.27795092366836,401.56638623275285,33.85862933990417,-1.5219271256493951,391.03907893745077,246.27795092366836,0.0,0.0,0.0,0.0,1,1,1,1
537,0.537,34.238666304465944,-1.3020206129173673,367.4049294544105,193.35023802253565,415.17550112063634,33.48288217766679,0.0,74.18620484464554,0.0,268.19785200338845,0.7557841267991563,-1.3020206129173673,293.21872460976493,193.35023802253565,351.22860789683455,34.238666304465944,-1.3020206129173673,367.4049294544105,193.35023802253565,0.0,0.0,0.0,0.0,1,1,1,1
538,0.538,34.59033688826244,-1.1352642479693076,334.4807515116541,140.30922149873467,362.7175909290614,33.557202481437436,0.0,74.45440269664893,0.0,211.15022582685998,1.0331344068250061,-1.1352642479693076,260.0263488150052,140.30922149873467,295.4663766245556,34.59033688826244,-1.1352642479693076,334.4807515116541,140.30922149873467,0.0,0.0,0.0,0.0,1,1,1,1
539,0.539,34.904956390742576,-1.0207831901056081,293.5573756976864,89.12197972083216,306.7876465828978,33.631762459247,0.0,74.66555292247578,0.0,156.5796659258152,1.2731939314955767,-1.0207831901056081,218.89182277521058,89.12197972083216,236.33949595278108,34.904956390742576,-1.0207831901056081,293.5573756976864,89.12197972083216,0.0,0.0,0.0,0.0,1,1,1,1
540,0.54,35.17536092279899,-0.9557762557060465,246.37421582487346,41.661157332425866,249.87177962626845,33.70650630200244,0.0,74.8221325884016,0.0,105.6461756757928,1.4688546207965487,-0.9557762557060465,171.55208323647184,41.661157332425866,176.53829412637504,35.17536092279899,-0.9557762557060465,246.37421582487343,41.661157332425866,0.0,0.0,2.842170943040401e-14,0.0,1,1,1,1
541,0.541,35.39631786992476,-0.9356483646975546,195.03918026379853,-0.3700752091237079,195.03953136129843,33.781381257678675,0.0,74.92777876407739,0.0,59.35440976949744,1.6149366122460833,-0.9356483646975546,120.11140149972114,-0.3700752091237079,120.11197161768523,35.39631786992476,-0.9356483646975546,195.03918026379853,-0.3700752091237079,0.0,0.0,0.0,0.0,1,1,1,1
542,0.542,35.564845461513045,-0.9542145414560103,141.92775153543553,-35.505570384542544,146.30151121651488,33.85633871364764,0.0,74.98713317384689,0.0,18.502223465422368,1.7085067478654068,-0.9542145414560103,66.94061836158865,-35.505570384542544,75.77395274738915,35.564845461513045,-0.9542145414560103,141.92775153543553,-35.505570384542544,0.0,0.0,0.0,0.0,1,1,1,1
543,0.543,35.680423128399546,-1.003966482738797,89.5664305245642,-62.57333692288989,109.2591779695284,33.93133509793322,0.0,75.0056353973123,0.0,-16.36115060310793,1.749088030466325,-1.003966482738797,14.560795127251893,-62.57333692288989,64.24514960993785,35.680423128399546,-1.003966482738797,89.5664305245642,-62.57333692288989,0.0,0.0,0.0,0.0,1,1,1,1
544,0.544,35.74507998440803,-1.0763900053943516,40.50660595623731,-80.7398019053616,90.33106186584388,34.00633255275523,0.0,74.9892742467092,0.0,-44.96497957837427,1.738747431652797,-1.0763900053943516,-34.48266829047189,-80.7398019053616,87.79504555581568,35.74507998440803,-1.0763900053943516,40.50660595623731,-80.7398019053616,0.0,0.0,0.0,0.0,1,1,1,1
545,0.545,35.763355127630106,-1.1623195115103568,-2.8045483207314206,-89.53932348427753,89.58323471110769,34.08129934451215,0.0,74.94430926713082,0.0,-67.33325873612189,1.6820557831179528,-1.1623195115103568,-77.74885758786223,-89.53932348427753,118.5840432193125,35.763355127630106,-1.1623195115103568,-2.8045483207314135,-89.53932348427753,0.0,0.0,-7.105427357601002e-15,0.0,1,1,1,1
546,0.546,35.74213018474214,-1.2523140552553529,-38.14935579901757,-88.88773709410493,96.72850228133771,34.156209987149914,0.0,74.87697600839469,0.0,-83.78629758253035,1.5859201975922232,-1.2523140552553529,-113.02633180741226,-88.88773709410493,143.7914513715957,35.74213018474214,-1.2523140552553529,-38.14935579901757,-88.88773709410493,0.0,0.0,0.0,0.0,1,1,1,1
547,0.547,35.69034125784631,-1.3370387327061992,-63.654479928187776,-79.07943263739475,101.51575976753715,34.23104507000952,0.0,74.79318971081216,0.0,-94.92743534123348,1.4592961878367916,-1.3370387327061992,-138.44766963899994,-79.07943263739475,159.44062811818674,35.69034125784631,-1.3370387327061992,-63.65447992818778,-79.07943263739475,0.0,0.0,7.105427357601002e-15,0.0,1,1,1,1
548,0.548,35.61858381811676,-1.407634980966948,-77.88923414699201,-60.76819595808814,98.79021427249536,34.30579079600266,0.0,74.69826227547092,0.0,-101.61543766949171,1.3127930221141,-1.407634980966948,-152.58749642246295,-60.76819595808814,164.24286195897753,35.61858381811676,-1.407634980966948,-77.88923414699202,-60.76819595808814,0.0,0.0,1.4210854715202004e-14,0.0,1,1,1,1
549,0.549,35.538629782246474,-1.4560639704751632,-79.94211974834025,-34.932771699083645,87.24128064418971,34.380438250559294,0.0,74.59664683780143,0.0,-104.92388007307608,1.15819153168718,-1.4560639704751632,-154.53876658614166,-34.932771699083645,158.43777616637476,35.538629782246474,-1.4560639704751632,-79.94211974834023,-34.932771699083645,0.0,0.0,-1.4210854715202004e-14,0.0,1,1,1,1
550,0.55,35.46288070130305,-1.4754085760565456,-69.47148616077361,-2.8287836791299155,69.52905440526192,34.45498243545706,0.0,74.49172295772836,0.0,-106.08951030869494,1.0078982658459879,-1.4754085760565456,-143.96320911850196,-2.8287836791299155,143.99099831864783,35.46288070130305,-1.4754085760565456,-69.47148616077361,-2.8287836791299155,0.0,0.0,0.0,0.0,1,1,1,1
551,0.551,35.403784435138604,-1.4601213577241412,-46.72756304842052,34.07074743255797,57.829758594146575,34.52942111365964,0.0,74.38563344741966,0.0,-106.45216535197504,0.8743633214789668,-1.4601213577241412,-121.11319649584019,34.07074743255797,125.81423685757169,35.403784435138604,-1.4601213577241412,-46.72756304842052,34.07074743255797,0.0,0.0,0.0,0.0,1,1,1,1
552,0.552,35.37324469359653,-1.4062084820866814,-12.544616863271614,74.14354832419724,75.19729496696574,34.60375352102438,0.0,74.27918128206768,0.0,-107.38926705442938,0.7694911725721525,-1.4062084820866814,-86.8237981453393,74.14354832419724,114.17371712651382,35.37324469359653,-1.4062084820866814,-12.544616863271614,74.14354832419724,0.0,0.0,0.0,0.0,1,1,1,1
553,0.553,35.382053289624274,-1.3113424552274753,31.696444099602388,115.69178240355234,119.95521282658008,34.67797900767292,0.0,74.17179201501325,0.0,-110.2482103830206,0.7040742819513568,-1.3113424552274753,-42.475347915410865,115.69178240355234,123.24262126491021,35.382053289624274,-1.3113424552274753,31.696444099602388,115.69178240355234,0.0,0.0,0.0,0.0,1,1,1,1
554,0.554,35.43937384268596,-1.1748997839802962,84.13313640783423,157.0179336448242,178.13763254267656,34.752095675582744,0.0,74.06154380463023,0.0,-116.28007357279401,0.6872781671032158,-1.1748997839802962,10.071592603203996,157.0179336448242,157.34061288699536,35.43937384268596,-1.1748997839802962,84.13313640783423,157.0179336448242,0.0,0.0,0.0,0.0,1,1,1,1
555,0.555,35.552303051113995,-0.9979230869437614,142.5108033674884,196.49945265374993,242.73723235150857,34.82609907935059,0.0,73.94526373105744,0.0,-126.57801437816383,0.7262039717634039,-0.9979230869437614,68.56553963643096,196.49945265374993,208.11839927997306,35.552303051113995,-0.9979230869437614,142.5108033674884,196.49945265374993,0.0,0.0,0.0,0.0,1,1,1,1
556,0.556,35.72553165760217,-0.7830105846836686,204.291735275186,232.65880688088367,309.62111284759476,34.89998105407446,0.0,73.81868571667927,0.0,-142.02347428007525,0.8255506035277094,-0.7830105846836686,130.47304955850672,232.65880688088367,266.74582860905787,35.72553165760217,-0.7830105846836686,204.291735275186,232.65880688088367,0.0,0.0,0.0,0.0,1,1,1,1
557,0.557,35.961122074711874,-0.5341391558058494,266.77835607060484,264.2258032743118,375.48098005583415,34.973728728054,0.0,73.67666224239919,0.0,-163.24290585834223,0.9873933466578748,-0.5341391558058494,193.10169382820567,264.2258032743118,327.2667708082771,35.961122074711874,-0.5341391558058494,266.77835607060484,264.2258032743118,0.0,0.0,0.0,0.0,1,1,1,1
558,0.558,36.258413590909406,-0.256430104486898,327.24408949413083,290.1894196484831,437.37694656299175,35.04732376884347,0.0,73.51341933654085,0.0,-190.57718921163234,1.2110898220659365,-0.256430104486898,253.73067015759,290.1894196484831,385.4726348971392,36.258413590909406,-0.256430104486898,327.24408949413083,290.1894196484831,0.0,0.0,0.0,0.0,1,1,1,1
559,0.559,36.61405946355872,0.044130688023760765,383.06512235332036,309.83687368756244,492.68425615199726,35.120741899585404,0.0,73.32284214732921,0.0,-224.06524055861036,1.4933175639733136,0.044130688023760765,309.74228020599116,309.83687368756244,438.1086263059531,36.61405946355872,0.044130688023760765,383.06512235332036,309.83687368756244,0.0,0.0,0.0,0.0,1,1,1,1
560,0.56,37.02219337493902,0.36100457424247495,431.8462473857148,322.77825317810726,539.1446764142573,35.19395270911245,0.0,73.0987769067706,0.0,-263.44257528732646,1.82824066582657,0.36100457424247495,358.7474704789442,322.77825317810726,482.582167407532,37.02219337493902,0.36100457424247495,431.8462473857148,322.77825317810726,0.0,0.0,0.0,0.0,1,1,1,1
561,0.561,37.47471604358347,0.6874289132754583,471.53429512945297,328.9557005339893,574.940383341645,35.266919764731576,0.0,72.83533433148327,0.0,-308.1548081945476,2.2077962788518946,0.6874289132754583,398.6989607979697,328.9557005339893,516.8875257299102,37.47471604358347,0.6874289132754583,471.53429512945297,328.9557005339893,0.0,0.0,0.0,0.0,1,1,1,1
562,0.562,37.96168660080417,1.0167471528115946,500.5133354370963,328.63685831335164,598.7618755335357,35.339601021658964,0.0,72.52717952328872,0.0,-357.38529696931624,2.6220855791452067,1.0167471528115946,427.9861559138076,328.63685831335164,539.6057211482732,37.96168660080417,1.0167471528115946,500.5133354370963,328.63685831335164,0.0,0.0,0.0,0.0,1,1,1,1
563,0.5630000000000001,38.47179798886204,1.3427246371867971,517.6768086127435,322.3930076248189,609.8577945233229,35.41194950853377,0.0,72.16979422631941,0.0,-410.0954024356933,3.05984848032827,1.3427246371867971,445.50701438642403,322.3930076248189,549.9215864401779,38.47179798886204,1.3427246371867971,517.6768086127435,322.3930076248189,0.0,0.0,0.0,0.0,1,1,1,1
564,0.5640000000000001,38.9929113959095,1.6598353453041934,522.4729809471023,311.06303496952023,608.0610393243429,35.48391425505888,0.0,71.75969882388372,0.0,-465.0751895874974,3.5089971408506244,1.6598353453041934,450.7132821232186,311.06303496952023,547.6337045934381,38.9929113959095,1.6598353453041934,522.4729809471023,311.06303496952023,0.0,0.0,0.0,0.0,1,1,1,1
565,0.5650000000000001,39.51262183686736,1.9635062284951514,514.9215433422753,295.7050130654961,593.7892307461091,35.55544141628797,0.0,71.29462363429623,0.0,-521.0018614463763,3.957180420579391,1.9635062284951514,443.6269197079791,295.7050130654961,533.1475392812528,39.51262183686736,1.9635062284951514,514.9215433422753,295.7050130654961,0.0,0.0,0.0,0.0,1,1,1,1
566,0.5660000000000001,40.018825570382475,2.2503078953948497,495.60070833816593,277.53774791748043,568.0204781734535,35.62647553899154,0.0,70.77362177284985,0.0,-576.5028313485702,4.392350031390933,2.2503078953948497,424.8270865653161,277.53774791748043,507.4497561322515,40.018825570382475,2.2503078953948497,495.600708338166,277.53774791748043,0.0,0.0,-5.684341886080802e-14,0.0,1,1,1,1
567,0.5670000000000001,40.50026018176864,2.518082982020808,465.6057277742301,257.8751020112558,532.2483085679897,35.69696090934872,0.0,70.19711894150127,0.0,-630.2201186788782,4.80329927241992,2.518082982020808,395.4086088327288,257.8751020112558,472.0673004735125,40.50026018176864,2.518082982020808,465.6057277742301,257.8751020112558,0.0,0.0,0.0,0.0,1,1,1,1
568,0.5680000000000001,40.94698984862758,2.766006530511044,426.48126658851623,238.05623120059047,488.42301334434893,35.76684291823088,0.0,69.5668988228224,0.0,-680.8727096745316,5.1801469303967025,2.766006530511044,356.91436776569384,238.05623120059047,429.0205532733996,40.94698984862758,2.766006530511044,426.48126658851623,238.05623120059047,0.0,0.0,0.0,0.0,1,1,1,1
569,0.5690000000000001,41.35081144509079,2.994575941500695,380.131446872072,219.37505572859104,438.8910251725106,35.83606938069886,0.0,68.88602611314786,0.0,-727.3136605544234,5.514742064391932,2.994575941500695,311.2454207589241,219.37505572859104,380.78750901168246,41.35081144509079,2.994575941500695,380.131446872072,219.37505572859104,0.0,0.0,0.0,0.0,1,1,1,1
570,0.5700000000000001,41.705561560041005,3.2055314133695214,328.71254657024076,203.01231560954923,386.34950312100045,35.90459174998173,0.0,68.15871245259343,0.0,-768.5790271244972,5.8009698100592715,3.2055314133695214,260.55383411764734,203.01231560954923,330.30637408708554,41.705561560041005,3.2055314133695214,328.71254657024076,203.01231560954923,0.0,0.0,0.0,0.0,1,1,1,1
571,0.5710000000000001,42.00730996361805,3.4017110822553165,274.5142367271484,189.97343600971607,333.83824309869976,35.972366172920765,0.0,67.39013342546893,0.0,-803.9261662237075,6.034943790697284,3.4017110822553165,207.12410330167944,189.97343600971607,281.0521313882221,42.00730996361805,3.4017110822553165,274.5142367271484,189.97343600971607,0.0,0.0,0.0,0.0,1,1,1,1
572,0.5720000000000001,42.25443125877443,3.586848177730609,219.83582209233106,181.03515506951592,284.783279084385,36.03935434326312,0.0,66.58620725924523,0.0,-832.8595447039095,6.215076915511311,3.586848177730609,153.24961483308584,181.03515506951592,237.19015961361643,42.25443125877443,3.586848177730609,219.83582209233106,181.03515506951592,0.0,0.0,0.0,0.0,1,1,1,1
573,0.5730000000000001,42.44755306520638,3.7653202674998663,166.86418161284345,176.70345735456047,243.03861204833066,36.10552412075001,0.0,65.75334771454132,0.0,-855.142878982254,6.3420289444563664,3.7653202674998663,101.11083389830213,176.70345735456047,203.58662179196602,42.44755306520638,3.7653202674998663,166.86418161284345,176.70345735456047,0.0,0.0,0.0,0.0,1,1,1,1
574,0.5740000000000001,42.58938574490756,3.941862953230443,117.55997599630774,177.18482956886143,212.63774779092947,36.170849897025064,0.0,64.89820483555907,0.0,-870.7971753042357,6.418535847882495,3.941862953230443,52.66177116074867,177.18482956886143,184.84514051262892,42.58938574490756,3.941862953230443,117.55997599630774,177.18482956886143,0.0,0.0,0.0,0.0,1,1,1,1
575,0.5750000000000001,42.68444503302125,4.121262093032857,73.55820676568979,182.37223542782073,196.64801559518583,36.23531270327297,0.0,64.02740766025484,0.0,-880.0850072941283,6.449132329748281,4.121262093032857,9.530799105434951,182.37223542782073,182.62110608176874,42.68444503302125,4.121262093032857,73.55820676568979,182.37223542782073,0.0,0.0,0.0,0.0,1,1,1,1
576,0.5760000000000001,42.7386846429509,4.308039684863336,36.08840166752948,191.84652204624388,195.211323329762,36.298900068429575,0.0,63.14732265296071,0.0,-883.482111756824,6.439784574521326,4.308039684863336,-27.05892098543123,191.84652204624388,193.74538246403642,42.7386846429509,4.308039684863336,36.08840166752948,191.84652204624388,0.0,0.0,0.0,0.0,1,1,1,1
577,0.577,42.75906066476249,4.506148899901993,5.918609147370113,204.89325218730028,204.97871773949598,36.361605650026654,0.0,62.263840541203884,0.0,-881.638065895674,6.397455014735833,4.506148899901993,-56.34523139383377,204.89325218730028,212.4994820998708,42.75906066476249,4.506148899901993,5.918609147370113,204.89325218730028,0.0,0.0,0.0,0.0,1,1,1,1
578,0.578,42.753053116732595,4.718693388674375,-16.673930741913885,220.53423811906117,221.16367276101406,36.423428671534914,0.0,61.38220247530821,0.0,-875.3283924048098,6.32962444519768,4.718693388674375,-78.0561332172221,220.53423811906117,233.9403986394387,42.753053116732595,4.718693388674375,-16.673930741913885,220.53423811906117,0.0,0.0,0.0,0.0,1,1,1,1
579,0.579,42.72817215310419,4.947684911254508,-31.904038815119982,237.57236655149885,239.70502089359,36.48437320981402,0.0,60.5068740829034,0.0,-865.4008919534677,6.243798943290173,4.947684911254508,-92.41091289802338,237.57236655149885,254.91254612420667,42.72817215310419,4.947684911254508,-31.904038815119982,237.57236655149885,0.0,0.0,0.0,0.0,1,1,1,1
580,0.58,42.691477064115176,5.193851614555353,-40.45191195248619,254.64768163349174,257.84064641154595,36.544447383450944,0.0,59.64147319094993,0.0,-852.7193011521933,6.147029680664232,5.193851614555353,-100.09338514343612,254.64768163349174,273.61309820764137,42.691477064115176,5.193851614555353,-40.45191195248619,254.64768163349174,0.0,0.0,0.0,0.0,1,1,1,1
581,0.581,42.649135296354395,5.456506972831003,-43.410168890081465,270.30216283624947,273.7657794484543,36.60366249699132,0.0,58.78875388979774,0.0,-838.1075023035501,6.0454727993630755,5.456506972831003,-102.19892277987921,270.30216283624947,288.9772985051283,42.649135296354395,5.456506972831003,-43.41016889008147,270.30216283624947,0.0,0.0,7.105427357601002e-15,0.0,1,1,1,1
582,0.582,42.606046325052134,5.733486627009316,-42.207729329222786,283.05022109970844,286.17987364544484,36.66203219712997,0.0,57.95064638749419,0.0,-822.2974624501971,5.944014127922166,5.733486627009316,-100.15837571671698,283.05022109970844,300.2484436109617,42.606046325052134,5.733486627009316,-42.207729329222786,283.05022109970844,0.0,0.0,0.0,0.0,1,1,1,1
583,0.583,42.565551458093466,6.021157231054869,-38.514892700106415,291.4516589270065,293.9854868033537,36.71957169478624,0.0,57.128348925043994,0.0,-805.8838563807423,5.845979763307227,6.021157231054869,-95.64324162515041,291.4516589270065,306.7437027224374,42.565551458093466,6.021157231054869,-38.514892700106415,291.4516589270065,0.0,0.0,0.0,0.0,1,1,1,1
584,0.584,42.5292457506803,6.314498081971271,-34.13500699107556,294.1837110554204,296.15748268888944,36.776297101783086,0.0,56.32246506866325,0.0,-789.2879436977236,5.752948648897217,6.314498081971271,-90.4574720597388,294.1837110554204,307.77688363777014,42.5292457506803,6.314498081971271,-34.13500699107556,294.1837110554204,0.0,0.0,0.0,0.0,1,1,1,1
585,0.585,42.496902428069546,6.607252926559788,-30.88884728037302,290.1088080202163,291.74859275962405,36.832224922879895,0.0,55.533177124965526,0.0,-772.7327448995221,5.664677505189651,6.607252926559788,-86.42202440533855,290.1088080202163,302.7075928899499,42.496902428069546,6.607252926559788,-30.88884728037302,290.1088080202163,0.0,0.0,0.0,0.0,1,1,1,1
586,0.586,42.466513867648516,6.892146057523138,-30.498218612210884,278.33488442121404,280.0008021850809,36.887371733632406,0.0,54.760444380066005,0.0,-756.230924391152,5.579142134016109,6.892146057523138,-85.2586629922769,278.33488442121404,291.1002361747603,42.466513867648516,6.892146057523138,-30.49821861221089,278.33488442121404,0.0,0.0,7.105427357601002e-15,0.0,1,1,1,1
587,0.587,42.43444662721377,7.161153784344632,-34.47533734112265,258.26537905343724,260.5562413422481,36.941754062550274,0.0,54.00421345567485,0.0,-739.5860741823566,5.492692564663493,7.161153784344632,-88.4795507967975,258.26537905343724,273.00116653014265,42.43444662721377,7.161153784344632,-34.475337341122646,258.26537905343724,0.0,0.0,-7.105427357601002e-15,0.0,1,1,1,1
588,0.588,42.39570158188584,7.405819729674105,-44.024226940979986,229.6365306736751,233.81845260285303,36.995388482968856,0.0,53.264627381492495,0.0,-722.407339693356,5.400313098916982,7.405819729674105,-97.28885432247247,229.6365306736751,249.39538366862567,42.39570158188584,7.405819729674105,-44.02422694097998,229.6365306736751,0.0,0.0,-7.105427357601002e-15,0.0,1,1,1,1
589,0.589,42.34426429819587,7.617600281141528,-59.95970577783419,192.5401404567469,201.66028861446242,37.048291906680504,0.0,52.54222004179914,0.0,-704.1365795767189,5.295972391515363,7.617600281141528,-112.50192581963333,192.5401404567469,222.99863004115093,42.34426429819587,7.617600281141528,-59.95970577783419,192.5401404567469,0.0,0.0,0.0,0.0,1,1,1,1
590,0.59,42.27352565453992,7.788225019822993,-82.64858111555289,147.43062450379125,169.01649920049823,37.10048205843252,0.0,51.83808346222242,0.0,-684.0865456399276,5.173043596107398,7.788225019822993,-134.48666457777531,147.43062450379125,199.55563632940297,42.27352565453992,7.788225019822993,-82.6485811155529,147.43062450379125,0.0,0.0,1.4210854715202004e-14,0.0,1,1,1,1
591,0.591,42.176748692358295,7.910056120529749,-111.97644777316891,95.11588756376814,146.92092064420441,37.15197809862192,0.0,51.15399691658249,0.0,-661.4879453254861,5.024770593736378,7.910056120529749,-163.1304446897514,95.11588756376814,188.83477977247577,42.176748692358295,7.910056120529749,-111.97644777316893,95.11588756376814,0.0,0.0,1.4210854715202004e-14,0.0,1,1,1,1
592,0.592,42.047554972791595,7.976430615280546,-147.3420871632285,36.73228033051117,151.8517404177367,37.20280135156584,0.0,50.49250897125701,0.0,-635.542741847129,4.844753621225756,7.976430615280546,-197.83459613448554,36.73228033051117,201.21577434677994,42.047554972791595,7.976430615280546,-147.34208716322854,36.73228033051117,0.0,0.0,2.842170943040401e-14,0.0,1,1,1,1
593,0.593,41.88040246875819,7.98197003658827,-187.679948813183,-26.295375900029278,189.51308656724166,37.252976089166175,0.0,49.85696622940988,0.0,-605.4806837881448,4.627426379592016,7.98197003658827,-237.53691504259285,-26.295375900029278,238.98793442698278,41.88040246875819,7.98197003658827,-187.679948813183,-26.295375900029278,0.0,0.0,0.0,0.0,1,1,1,1
594,0.594,41.6710273126874,7.922843285286955,-231.50965383930662,-92.30703455197752,249.23344167381623,37.302530315053694,0.0,49.25148554562173,0.0,-570.6158567561869,4.368496997633706,7.922843285286955,-280.76113938492836,-92.30703455197752,295.5459456945792,41.6710273126874,7.922843285286955,-231.50965383930662,-92.30703455197752,0.0,0.0,0.0,0.0,1,1,1,1
595,0.595,41.41682353270192,7.796970540343915,-277.0099717510384,-159.4716709453517,319.6337564832814,37.35149649267094,0.0,48.68086968886555,0.0,-530.4000257067748,4.065327040030979,7.796970540343915,-325.6908414399039,-159.4716709453517,362.6371989081307,41.41682353270192,7.796970540343915,-277.0099717510384,-159.4716709453517,0.0,0.0,0.0,0.0,1,1,1,1
596,0.596,41.1171381495808,7.604158557927721,-322.1133690679799,-225.85975870227736,393.4077441197308,37.39991216234695,0.0,48.15046966315877,0.0,-484.46968947058343,3.717225987233853,7.604158557927721,-370.26383873113866,-225.85975870227736,433.71412344189304,41.1171381495808,7.604158557927721,-322.1133690679799,-225.85975870227736,0.0,0.0,0.0,0.0,1,1,1,1
597,0.597,40.77346350067089,7.346160681038807,-364.61608394659453,-289.52082222852096,465.58264054454276,37.44782039716537,0.0,47.66599997368819,0.0,-432.68409095224916,3.32564310350552,7.346160681038807,-412.28208392028273,-289.52082222852096,503.7845007793808,40.77346350067089,7.346160681038807,-364.61608394659453,-289.52082222852096,0.0,0.0,0.0,0.0,1,1,1,1
598,0.598,40.38951416424621,7.026658166092909,-402.2978075519512,-348.5626729403945,532.2964051432804,37.495270055093584,0.0,47.23331588273594,0.0,-375.15190036457005,2.8942441091526234,7.026658166092909,-449.5311234346872,-348.5626729403945,568.8358004765562,40.38951416424621,7.026658166092909,-402.2978075519512,-348.5626729403945,0.0,0.0,0.0,0.0,1,1,1,1
599,0.599,39.97118208266175,6.651162881563779,-433.0444979246505,-401.22885008239797,590.34915712759,37.542315795026134,0.0,46.858163982371366,0.0,-312.2448894362601,2.428866287635614,6.651162881563779,-479.90266190702187,-401.22885008239797,625.532697022217,39.97118208266175,6.651162881563779,-433.0444979246505,-401.22885008239797,0.0,0.0,0.0,0.0,1,1,1,1
600,0.6,39.526370089760064,6.226844891157694,-454.9676461020734,-445.97085659962784,637.0914878852701,37.589017836563784,0.0,46.54591909293511,0.0,-244.59760961651156,1.9373522531962806,6.226844891157694,-501.5135651950085,-445.97085659962784,671.1228360075478,39.526370089760064,6.226844891157694,-454.9676461020734,-445.97085659962784,0.0,0.0,0.0,0.0,1,1,1,1
601,0.601,39.06471068089983,5.762291744470446,-466.51346898577805,-481.5120035968529,670.4391294912613,37.63544145685191,0.0,46.301321483318596,0.0,-173.09283957404062,1.4292692240479212,5.762291744470446,-512.8147904690967,-481.5120035968529,703.4435435283483,39.06471068089983,5.762291744470446,-466.5134689857781,-481.5120035968529,0.0,0.0,5.684341886080802e-14,0.0,1,1,1,1
602,0.602,38.59718316419452,5.267209312629673,-466.55601120083844,-506.90004348397133,688.9282732416264,37.68165623191544,0.0,46.128228643744556,0.0,-98.83333628365692,0.9155269322790787,5.267209312629673,-512.684239844583,-506.90004348397133,720.9665622406284,38.59718316419452,5.267209312629673,-466.55601120083844,-506.90004348397133,0.0,0.0,0.0,0.0,1,1,1,1
603,0.603,38.13564795787804,4.752076589260667,-454.46897223975554,-521.5462655223861,691.7749300234917,37.727735043891045,0.0,46.0293953074609,0.0,-23.101168271147436,0.4079129139869977,4.752076589260667,-500.49836754721645,-521.5462655223861,722.8479252220178,38.13564795787804,4.752076589260667,-454.46897223975554,-521.5462655223861,0.0,0.0,0.0,0.0,1,1,1,1
604,0.604,37.69232144564189,4.227768911851404,-430.1721911940775,-525.2493259353938,678.9219163293371,37.773752888614375,0.0,46.006294139189755,0.0,52.69341103022035,-0.08143144297248739,4.227768911851404,-476.1784853332673,-525.2493259353938,708.9660106731988,37.69232144564189,4.227768911851404,-430.1721911940775,-525.2493259353938,0.0,0.0,0.0,0.0,1,1,1,1
605,0.605,37.27921821598259,3.705165453533825,-394.15005979874735,-518.2027610620488,651.0671019270494,37.81978552945908,0.0,46.058987550219975,0.0,127.0710141240389,-0.5405673134764939,3.705165453533825,-440.2090473489673,-518.2027610620488,679.9397818485223,37.27921821598259,3.705165453533825,-394.15005979874735,-518.2027610620488,0.0,0.0,0.0,0.0,1,1,1,1
606,0.606,36.90758950558586,3.1947575275831355,-347.4406237666145,-500.9858557216433,609.6735312250987,37.86590805251636,0.0,46.186058564344016,0.0,198.54711406937375,-0.9583185469304993,3.1947575275831355,-393.62668233095854,-500.9858557216433,637.1254136165222,36.90758950558586,3.1947575275831355,-347.4406237666145,-500.9858557216433,0.0,0.0,0.0,0.0,1,1,1,1
607,0.607,36.58738712909936,2.706274205401657,-291.595692707835,-474.53827737103444,556.969141601248,37.91219338463774,0.0,46.384605678413386,0.0,265.6977149537347,-1.3248062555383768,2.706274205401657,-337.98029838624836,-474.53827737103444,582.5952787205937,36.58738712909936,2.706274205401657,-291.595692707835,-474.53827737103444,0.0,0.0,0.0,0.0,1,1,1,1
608,0.608,36.32678107893743,2.2483409753288313,-228.6138266466234,-440.11960646835973,495.9531729224809,37.95871083917363,0.0,46.650303393367125,0.0,327.2233158955433,-1.631929760236197,2.2483409753288313,-275.2641300399905,-440.11960646835973,519.1104018265639,36.32678107893743,2.2483409753288313,-228.61382664662338,-440.11960646835973,0.0,0.0,-2.842170943040401e-14,0.0,1,1,1,1
609,0.609,36.13175637339052,1.8281856992591805,-160.8495191989442,-399.2555622369681,430.4388130776418,38.00552475422494,0.0,46.97752670926267,0.0,382.0078515114418,-1.87376838083442,1.8281856992591805,-207.82704590820686,-399.2555622369681,450.1078592827384,36.13175637339052,1.8281856992591805,-160.8495191989442,-399.2555622369681,0.0,0.0,0.0,0.0,1,1,1,1
610,0.61,36.0058107545493,1.4514040231310565,-90.9031758545259,-353.67331060121626,365.1687254024682,38.05269328485996,0.0,47.35953456077411,0.0,429.1695336583845,-2.0468825303106613,1.4514040231310565,-138.2627104153,-353.67331060121626,379.738578133707,36.0058107545493,1.4514040231310565,-90.9031758545259,-353.67331060121626,0.0,0.0,0.0,0.0,1,1,1,1
611,0.611,35.94976969837986,1.1217937606692816,-21.497521769439743,-305.228720973146,305.9848289525645,38.10026740418757,0.0,47.78870409443249,0.0,468.1009252272688,-2.150497705807709,1.1217937606692816,-69.28622586387223,-305.228720973146,312.9938548939294,35.94976969837986,1.1217937606692816,-21.497521769439743,-305.228720973146,0.0,0.0,0.0,0.0,1,1,1,1
612,0.612,35.96172916922879,0.8412647162371645,44.6531887692344,-255.82878922128754,259.6965087591492,38.148290158744615,0.0,48.25680501965976,0.0,498.49612549579837,-2.186560989515826,0.8412647162371645,-3.603616250425361,-255.82878922128754,255.85416831568386,35.96172916922879,0.8412647162371645,44.6531887692344,-255.82878922128754,0.0,0.0,0.0,0.0,1,1,1,1
613,0.613,36.03712994965321,0.6098270799183986,104.97438932890971,-207.35264982565207,232.4107222240338,38.19679621182703,0.0,48.755301145155556,0.0,520.3636090474638,-2.1596662621738147,0.6098270799183986,56.21908818375415,-207.35264982565207,214.83879367081778,36.03712994965321,0.6098270799183986,104.97438932890971,-207.35264982565207,0.0,0.0,0.0,0.0,1,1,1,1
614,0.614,36.16896055423724,0.4256580661306017,157.15603293947603,-161.57465176618882,225.3982847819363,38.245811694776705,0.0,49.27566475420302,0.0,534.0240014187258,-2.0768511405394676,0.4256580661306017,107.88036818527301,-161.57465176618882,194.2795458434965,36.16896055423724,0.4256580661306017,157.15603293947603,-161.57465176618882,0.0,0.0,0.0,0.0,1,1,1,1
615,0.615,36.348079055590176,0.2852430319740882,199.26454876275272,-120.09286794005853,232.65566256528507,38.29535437153162,0.0,49.80968875562175,0.0,540.0928550986011,-1.9472753159414466,0.2852430319740882,149.45486000713097,-120.09286794005853,191.7265034099862,36.348079055590176,0.2852430319740882,199.26454876275272,-120.09286794005853,0.0,0.0,0.0,0.0,1,1,1,1
616,0.616,36.56363796735702,0.18358405756241697,229.83610178205038,-84.26615177407083,244.79668710417582,38.3454341067148,0.0,50.34978161072035,0.0,539.4492677962404,-1.7817961393577804,0.18358405756241697,179.48632017133002,-84.26615177407083,198.2829379030277,36.56363796735702,0.18358405756241697,229.83610178205038,-84.26615177407083,0.0,0.0,0.0,0.0,1,1,1,1
617,0.617,36.80359097180075,0.11446604381135582,247.94631077115872,-55.162458964995174,254.00840518394818,38.39605361295941,0.0,50.88923087851659,0.0,533.191919629014,-1.5924626411586615,0.11446604381135582,197.05707989264212,-55.162458964995174,204.6323278831571,36.80359097180075,0.11446604381135582,247.94631077115872,-55.162458964995174,0.0,0.0,0.0,0.0,1,1,1,1
618,0.618,37.05525603335983,0.07076791463228996,253.25281480488525,-33.52063503562834,255.46158454802807,38.447209439797746,0.0,51.422422798145604,0.0,522.5847579948261,-1.3919534064379135,0.07076791463228996,201.83039200673966,-33.52063503562834,204.5950637498031,37.05525603335983,0.07076791463228996,253.25281480488525,-33.52063503562834,0.0,0.0,0.0,0.0,1,1,1,1
619,0.619,37.30590653031635,0.04480461032160612,246.00850538559146,-19.727254225351928,246.79819545799813,38.49889315497489,0.0,51.94500755614043,0.0,508.995093712633,-1.1929866246585377,0.04480461032160612,194.06349782945102,-19.727254225351928,195.0635941150296,37.30590653031635,0.04480461032160612,246.00850538559146,-19.727254225351928,0.0,0.0,0.0,0.0,1,1,1,1
620,0.62,37.54336061874311,0.028684311395150923,227.04478371053193,-13.809410150415557,227.46435680973102,38.551092660077884,0.0,52.45400264985307,0.0,493.8272611438511,-1.0077320413347763,0.028684311395150923,174.59078106067886,-13.809410150415557,175.13606321965872,37.54336061874311,0.028684311395150923,227.04478371053193,-13.809410150415557,0.0,0.0,0.0,0.0,1,1,1,1
621,0.621,37.75653919102572,0.01466479172674948,197.72577833196476,-15.443634827949367,198.3279840912026,38.603793576358306,0.0,52.947829910996916,0.0,478.45521782972145,-0.8472543853325831,0.01466479172674948,144.77794842096785,-15.443634827949367,145.59931389152723,37.75653919102572,0.01466479172674948,197.72577833196476,-15.443634827949367,0.0,0.0,0.0,0.0,1,1,1,1
622,0.622,37.93596449664997,-0.004507010988577448,159.87598333426394,-23.98039294706478,161.6644342240849,38.65698063387822,0.0,53.426285128826635,0.0,464.1575039703077,-0.7210161372282471,-0.004507010988577448,106.4496982054373,-23.98039294706478,109.11735652005282,37.93596449664997,-0.004507010988577448,159.87598333426394,-23.98039294706478,0.0,0.0,0.0,0.0,1,1,1,1
623,0.623,38.074174663639546,-0.035287211453758814,115.68516978336537,-38.48289581451696,121.91797151395293,38.710638997759034,0.0,53.89044263279694,0.0,452.05784662047415,-0.6364643341194878,-0.035287211453758814,61.79472715056843,-38.48289581451696,72.79781297459537,38.074174663639546,-0.035287211453758814,115.68516978336537,-38.48289581451696,0.0,0.0,0.0,0.0,1,1,1,1
624,0.624,38.166033824882085,-0.08307240023899244,67.59560932034415,-57.778336056243845,88.92413911203664,38.76475546931514,0.0,54.34250047941742,0.0,443.07438520865935,-0.5987216444330556,-0.08307240023899244,13.253108840926735,-57.778336056243845,59.278841177756654,38.166033824882085,-0.08307240023899244,67.59560932034415,-57.778336056243845,0.0,0.0,0.0,0.0,1,1,1,1
625,0.625,38.208923075413395,-0.151993510132164,18.17756519660415,-80.5190890585174,82.54542736754259,38.819319506987156,0.0,54.78557486462608,0.0,437.8800305474279,-0.6103964315737613,-0.151993510132164,-36.60800966802193,-80.5190890585174,88.45038199277289,38.208923075413395,-0.151993510132164,18.17756519660415,-80.5190890585174,0.0,0.0,0.0,0.0,1,1,1,1
626,0.626,38.20280376917501,-0.2447746757464217,-30.00039590762367,-105.2509853829559,109.4431070405869,38.874324021867054,0.0,55.223454895173504,0.0,436.8758738849227,-0.6715202526920407,-0.2447746757464217,-85.22385080279717,-105.2509853829559,135.42848544431348,38.20280376917501,-0.2447746757464217,-30.00039590762367,-105.2509853829559,0.0,0.0,0.0,0.0,1,1,1,1
627,0.627,38.15015137112856,-0.3626625749748001,-74.4994698729474,-130.48544990879856,150.25519508240563,38.92976591469917,0.0,55.660330769058426,0.0,440.17886771652707,-0.7796145435706094,-0.3626625749748001,-130.15980064200582,-130.48544990879856,184.3041679970051,38.15015137112856,-0.3626625749748001,-74.4994698729474,-130.48544990879856,0.0,0.0,0.0,0.0,1,1,1,1
628,0.628,38.055764854911445,-0.50542844328616,-113.13037225323617,-154.77214208266176,191.7104511783628,38.985646334902086,0.0,56.10050963677495,0.0,447.62424327888306,-0.929881479990641,-0.50542844328616,-169.23088189001112,-154.77214208266176,229.33274373740556,38.055764854911445,-0.50542844328616,-113.13037225323617,-154.77214208266176,0.0,0.0,0.0,0.0,1,1,1,1
629,0.629,37.926463116363024,-0.6714415697033639,-144.0585706852537,-176.76872452078143,228.03520288890078,39.0419706566605,0.0,56.54813388005383,0.0,458.7823513948926,-1.1155075402974788,-0.6714415697033639,-200.60670456530752,-176.76872452078143,267.37657317958224,37.926463116363024,-0.6714415697033639,-144.0585706852537,-176.76872452078143,0.0,0.0,0.0,0.0,1,1,1,1
630,0.63,37.770685714429156,-0.857809771472955,-165.88957801673462,-195.30453441191935,256.2483429340117,39.09874818171626,0.0,57.00691623144873,0.0,472.98885523160436,-1.3280624672871042,-0.857809771472955,-222.89649424818333,-195.30453441191935,296.3557124639021,37.770685714429156,-0.857809771472955,-165.88957801673462,-195.30453441191935,0.0,0.0,0.0,0.0,1,1,1,1
631,0.631,37.598020143116685,-1.060579254374531,-177.72997975183375,-209.43522678060214,274.68356324911304,39.15599159237533,0.0,57.47990508668033,0.0,489.3865060349101,-1.5579714492586447,-1.060579254374531,-235.20988483851409,-209.43522678060214,314.93936581886567,37.598020143116685,-1.060579254374531,-177.72997975183375,-209.43522678060214,0.0,0.0,0.0,0.0,1,1,1,1
632,0.632,37.41868152263381,-1.274983538454947,-179.22118570449507,-218.4858870465517,282.5885989275641,39.213716190715026,0.0,57.969291592715244,0.0,506.976133164698,-1.7950346680812146,-1.274983538454947,-237.19047729721032,-218.4858870465517,322.4831861647937,37.41868152263381,-1.274983538454947,-179.22118570449507,-218.4858870465517,0.0,0.0,0.0,0.0,1,1,1,1
633,0.633,37.24297288114455,-1.495728889076279,-170.54436914676535,-222.08065272554595,280.0092822794857,39.27193897037432,0.0,58.47626772587994,0.0,524.6740096158776,-2.028966089229769,-1.495728889076279,-229.0206368726453,-222.08065272554595,319.0145269867136,37.24297288114455,-1.495728889076279,-170.54436914676535,-222.08065272554595,0.0,0.0,0.0,0.0,1,1,1,1
634,0.634,37.08075496274424,-1.7173020425022285,-152.3966078635159,-220.1575156391988,267.7574607377548,39.33067757510501,0.0,59.00094173549582,0.0,541.3724385076509,-2.24992261236077,-1.7173020425022285,-211.3975495990117,-220.1575156391988,305.21837374065586,37.08075496274424,-1.7173020425022285,-152.3966078635159,-220.1575156391988,0.0,0.0,0.0,0.0,1,1,1,1
635,0.635,36.940953706180935,-1.93428502872505,-125.93978690447169,-212.96766766517015,247.41878949725321,39.38994920305976,0.0,59.54231417400347,0.0,556.0002612499867,-2.4489954968788226,-1.93428502872505,-185.48210107847515,-212.96766766517015,282.41607123396506,36.940953706180935,-1.93428502872505,-125.93978690447167,-212.96766766517015,0.0,0.0,-1.4210854715202004e-14,0.0,1,1,1,1
636,0.636,36.831131240009306,-2.1416616163149,-92.72527938192812,-201.05947316291588,221.4111315742863,39.44976951736439,0.0,60.09831443525346,0.0,567.5800215288679,-2.618638277355082,-2.1416616163149,-152.82359381718157,-201.05947316291588,252.54695123035674,36.831131240009306,-2.1416616163149,-92.72527938192812,-201.05947316291588,0.0,0.0,0.0,0.0,1,1,1,1
637,0.637,36.757142561784796,-2.335100346745607,-54.59871118602261,-185.24786676595076,193.1263612366529,39.5101516218104,0.0,60.665894456782326,0.0,575.2787285665225,-2.7530090600256045,-2.335100346745607,-115.26460564280494,-185.24786676595076,218.18043325497084,36.757142561784796,-2.335100346745607,-54.59871118602261,-185.24786676595076,0.0,0.0,0.0,0.0,1,1,1,1
638,0.638,36.72289521410943,-2.511200267902179,-13.59016883571742,-166.57065346983137,167.12413137051738,39.571105155631464,0.0,61.24117318534885,0.0,578.4495365191987,-2.848209941522036,-2.511200267902179,-74.83134202106626,-166.57065346983137,182.60753638894656,36.72289521410943,-2.511200267902179,-13.590168835717414,-166.57065346983137,0.0,0.0,-7.105427357601002e-15,0.0,1,1,1,1
639,0.639,36.73022350438872,-2.6676872652555383,28.204029503367774,-146.23379780696052,148.92881152172623,39.632635553585075,0.0,61.81962272186805,0.0,576.6621737602624,-2.902412049196357,-2.6676872652555383,-33.61559321850028,-146.23379780696052,150.0477648233345,36.73022350438872,-2.6676872652555383,28.20402950336777,-146.23379780696052,0.0,0.0,3.552713678800501e-15,0.0,1,1,1,1
640,0.64,36.77888245227607,-2.803551241839653,68.74145206803415,-125.54830245206973,143.135472476316,39.694743507393824,0.0,62.39628489562831,0.0,569.7205878429542,-2.9158610551177517,-2.803551241839653,6.345167172405837,-125.54830245206973,125.70854145618807,36.77888245227607,-2.803551241839653,68.74145206803415,-125.54830245206973,0.0,0.0,0.0,0.0,1,1,1,1
641,0.641,36.86666003489088,-2.9191172061960318,106.14894074690032,-105.8616703124877,149.91427838281047,39.757424652583374,0.0,62.966005483471264,0.0,557.6669846556731,-2.890764617692497,-2.9191172061960318,43.18293526342906,-105.8616703124877,114.33048210917046,36.86666003489088,-2.9191172061960318,106.14894074690032,-105.8616703124877,0.0,0.0,0.0,0.0,1,1,1,1
642,0.642,36.989599793936584,-3.016046461490205,138.82693456213116,-88.48719996307005,164.62959125631878,39.82066949155918,0.0,63.52367246812694,0.0,540.7721948759084,-2.8310696976225955,-3.016046461490205,75.30326209400422,-88.48719996307005,116.19193534536998,36.989599793936584,-3.016046461490205,138.82693456213116,-88.48719996307005,0.0,0.0,0.0,0.0,1,1,1,1
643,0.643,37.14231982340861,-3.0972674047180404,165.5370263121825,-74.63447042033943,181.58417126832592,39.88446355012475,0.0,64.06444466300285,0.0,519.5130562870975,-2.7421437267161366,-3.0972674047180404,101.47258164917965,-74.63447042033943,125.96423699397361,37.14231982340861,-3.0972674047180404,165.5370263121825,-74.63447042033943,0.0,0.0,0.0,0.0,1,1,1,1
644,0.644,37.31840889889571,-3.1668387895818344,185.46798770415376,-65.34432277898806,196.6424546797377,39.9487877513159,0.0,64.58395771928994,0.0,494.5382158372976,-2.6303788524201863,-3.1668387895818344,120.88402998486382,-65.34432277898806,137.41480715274474,37.31840889889571,-3.1668387895818344,185.46798770415376,-65.34432277898806,0.0,0.0,0.0,0.0,1,1,1,1
645,0.645,37.510876323770766,-3.2297515260948053,198.2766940847014,-61.4314452801891,207.5752150098155,40.01361897814311,0.0,65.07849593512724,0.0,466.62439169523617,-2.502742654372341,-3.2297515260948053,133.19819814957418,-61.4314452801891,146.68190910779043,37.510876323770766,-3.2297515260948053,198.27669408470143,-61.4314452801891,0.0,0.0,-2.842170943040401e-14,0.0,1,1,1,1
646,0.646,37.71262917973887,-3.2916780357606212,204.1017680504956,-63.43732403044831,213.7330713798929,40.07893078627408,0.0,65.54512032682247,0.0,436.62565851053336,-2.3663016065352096,-3.2916780357606212,138.5566477236731,-63.43732403044831,152.38844676866466,37.71262917973887,-3.2916780357606212,204.1017680504956,-63.43732403044831,0.0,0.0,0.0,0.0,1,1,1,1
647,0.647,37.916949234685504,-3.3586807171723803,203.5492664360615,-71.5958494788312,215.77365346412012,40.14469421943016,0.0,65.981745985333,0.0,405.4187002899301,-2.2277449847446533,-3.3586807171723803,137.56752045072847,-71.5958494788312,155.08316589996815,37.916949234685504,-3.3586807171723803,203.5492664360615,-71.5958494788312,0.0,0.0,0.0,0.0,1,1,1,1
648,0.648,38.1179418561119,-3.436893085610322,197.6512757987571,-85.81329036414208,215.4760952588405,40.21087867476564,0.0,66.38716468562293,0.0,373.84719413381043,-2.0929368186537403,-3.436893085610322,131.26411111313416,-85.81329036414208,156.82534128590888,38.1179418561119,-3.436893085610322,197.6512757987571,-85.81329036414208,0.0,0.0,0.0,0.0,1,1,1,1
649,0.649,38.31093089726909,-3.532188538216296,187.79977401932214,-105.66368850166866,215.48450104238617,40.27745276304833,0.0,66.76101187975675,0.0,342.668532716217,-1.9665218657792423,-3.532188538216296,121.03876213956539,-105.66368850166866,160.67108329769846,38.31093089726909,-3.532188538216296,187.79977401932214,-105.66368850166866,0.0,0.0,0.0,0.0,1,1,1,1
650,0.65,38.49277657642461,-3.649852398390412,175.6594790997724,-130.40001949448734,218.77023947915322,40.34438510919444,0.0,67.10368041247297,0.0,312.5059614592392,-1.8516085327698306,-3.649852398390412,108.55579868729943,-130.40001949448734,169.67182003149537,38.49277657642461,-3.649852398390412,175.6594790997724,-130.40001949448734,0.0,0.0,0.0,0.0,1,1,1,1
651,0.651,38.662097690759055,-3.7942728752689727,163.0645667367593,-158.9807385312496,227.73872781981677,40.411645042587644,0.0,67.4161863739322,0.0,283.8089050417468,-1.7495473518285891,-3.7942728752689727,95.6483803628271,-158.9807385312496,185.53567821304236,38.662097690759055,-3.7942728752689727,163.0645667367593,-158.9807385312496,0.0,0.0,0.0,0.0,1,1,1,1
652,0.652,38.819384859678394,-3.9686658354254334,151.90503281464677,-190.11062000356733,243.345817372232,40.479203133414096,0.0,67.69999527897396,0.0,256.823803567417,-1.6598182737357021,-3.9686658354254334,84.20503753567282,-190.11062000356733,207.92435207191303,38.819384859678394,-3.9686658354254334,151.90503281464677,-190.11062000356733,0.0,0.0,0.0,0.0,1,1,1,1
653,0.653,38.96699758629474,-4.174846856127051,144.00905699995258,-222.2941371969634,264.8646671984732,40.54703154059485,0.0,67.95681908254137,0.0,231.5771960706493,-1.580033954300113,-4.174846856127051,76.0522379174112,-222.2941371969634,234.9438790953893,38.96699758629474,-4.174846856127051,144.00905699995258,-222.2941371969634,0.0,0.0,0.0,0.0,1,1,1,1
654,0.654,39.10904442863618,-4.413061975918811,141.02795751690414,-253.89904407796254,290.4369284114761,40.61510414827543,0.0,68.18839627861202,0.0,207.87210970059343,-1.5060597196392465,-4.413061975918811,72.83956123829212,-253.89904407796254,264.14073193108646,39.10904442863618,-4.413061975918811,141.02795751690414,-253.89904407796254,0.0,0.0,0.0,0.0,1,1,1,1
655,0.655,39.25115212959628,-4.68188597096898,144.3302020282967,-283.22734197872705,317.8819505128653,40.68339648060889,0.0,68.3962683883126,0.0,185.29807379175733,-1.4322443510126135,-4.68188597096898,75.93393363998409,-283.22734197872705,293.2297555200978,39.25115212959628,-4.68188597096898,144.3302020282967,-283.22734197872705,0.0,0.0,0.0,0.0,1,1,1,1
656,0.656,39.40013580929497,-4.978193980953995,154.91046181757585,-308.59046177566813,345.2902029879428,40.7518853980341,0.0,68.58156646210436,0.0,163.2543192710463,-1.3517495887391249,-4.978193980953995,86.32889535547149,-308.59046177566813,320.4383735950113,39.40013580929497,-4.978193980953995,154.91046181757585,-308.59046177566813,0.0,0.0,0.0,0.0,1,1,1,1
657,0.657,39.56358793404266,-5.297209021936913,173.31889170122022,-328.3852832167439,371.3170241907586,40.82054859165584,0.0,68.74482078137541,0.0,140.98498673194499,-1.2569606576131847,-5.297209021936913,104.57407091984481,-328.3852832167439,344.6340530796251,39.56358793404266,-5.297209021936913,173.31889170122022,-328.3852832167439,0.0,0.0,0.0,0.0,1,1,1,1
658,0.658,39.74940843565754,-5.632624504406639,199.61472950937508,-341.1675571184841,395.2737561074541,40.88936390493058,0.0,68.88580576810736,0.0,117.62449116484437,-1.1399554692730405,-5.632624504406639,130.72892374126772,-341.1675571184841,365.3564746008264,39.74940843565754,-5.632624504406639,199.61472950937508,-341.1675571184841,0.0,0.0,0.0,0.0,1,1,1,1
659,0.659,39.96530180778358,-5.976797477388366,233.34699512965128,-345.71939602539646,417.1003727212461,40.95830852294427,0.0,69.0034302592722,0.0,92.25061460996669,-0.9930067151606892,-5.976797477388366,164.34356487037905,-345.71939602539646,382.7932968358634,39.96530180778358,-5.976797477388366,233.34699512965125,-345.71939602539646,0.0,0.0,2.842170943040401e-14,0.0,1,1,1,1
660,0.66,40.21826906136364,-6.321005098563015,273.56360079212175,-341.107750319576,437.2545494405216,41.02735807851085,0.0,69.09568087388217,0.0,63.942451450148475,-0.8090890171472083,-6.321005098563015,204.46791991823957,-341.107750319576,397.6953955023541,40.21826906136364,-6.321005098563015,273.56360079212175,-341.107750319576,0.0,0.0,0.0,0.0,1,1,1,1
661,0.661,40.514122964125306,-6.655753932137236,318.84864065769375,-326.73117851694735,456.52789472751,41.09648573061045,0.0,69.15962332533232,0.0,31.840039244736218,-0.5823627664851472,-6.655753932137236,249.68901733236143,-326.73117851694735,411.21511206602514,40.514122964125306,-6.655753932137236,318.84864065769375,-326.73117851694735,0.0,0.0,0.0,0.0,1,1,1,1
662,0.662,40.85705398503206,-6.9711292328703305,367.3860921650081,-302.35273503567134,475.80428444879175,41.16566127395541,0.0,69.19146336457706,0.0,-4.797612842578706,-0.30860728892334777,-6.9711292328703305,298.194628800431,-302.35273503567134,424.66129212465046,40.85705398503206,-6.9711292328703305,367.3860921650081,-302.35273503567134,0.0,0.0,0.0,0.0,1,1,1,1
663,0.663,41.24927186384259,-7.257169497840976,417.04671694764505,-268.11741292845693,495.79724810879884,41.23485033851356,0.0,69.18666575173448,0.0,-46.53932882350401,0.014421525329026963,-7.257169497840976,347.86005119591056,-268.11741292845693,439.19649626729745,41.24927186384259,-7.257169497840976,417.04671694764505,-268.11741292845693,0.0,0.0,0.0,0.0,1,1,1,1
664,0.664,41.69074385882084,-7.504250343371247,465.4936735860185,-224.5532652505771,516.825433858767,41.304013734600886,0.0,69.14012642291098,0.0,-93.73640210348282,0.3867301242199517,-7.504250343371247,396.35354716310746,-224.5532652505771,455.54396416095085,41.69074385882084,-7.504250343371247,465.4936735860184,-224.5532652505771,0.0,0.0,5.684341886080802e-14,0.0,1,1,1,1
665,0.665,42.17904569680955,-7.703461249723704,510.3013171061525,-172.55605591994726,538.6863899106065,41.37310699282274,0.0,69.0463900208075,0.0,-146.487665409163,0.8059387039868113,-7.703461249723704,441.254927085345,-172.55605591994726,473.79479008505473,42.17904569680955,-7.703461249723704,510.3013171061525,-172.55605591994726,0.0,0.0,0.0,0.0,1,1,1,1
666,0.666,42.709335326889004,-7.846958935424318,549.0809173198638,-113.3580262649264,560.6602321223638,41.44208013901085,0.0,68.89990235539832,0.0,-204.61705820724694,1.2672551878781562,-7.846958935424318,480.1810149644655,-113.3580262649264,493.3800251844251,42.709335326889004,-7.846958935424318,549.0809173198638,-113.3580262649264,0.0,0.0,0.0,0.0,1,1,1,1
667,0.667,43.27445307791561,-7.9282820678440595,579.6066203584368,-48.482073709192676,581.6307641747234,41.510877732837145,0.0,68.69528529719108,0.0,-267.6651029546693,1.7635753450784648,-7.9282820678440595,510.9113350612457,-48.482073709192676,513.2064923256604,43.27445307791561,-7.9282820678440595,579.6066203584368,-48.482073709192676,0.0,0.0,0.0,0.0,1,1,1,1
668,0.668,43.86514508928939,-7.942613645692577,599.9349276333749,20.316707910571374,600.2788402190987,41.57943918558286,0.0,68.42762019423641,0.0,-334.8949698794462,2.2857059037065355,-7.942613645692577,531.5073074391385,20.316707910571374,531.8954657463497,43.86514508928939,-7.942613645692577,599.9349276333749,20.316707910571374,0.0,0.0,0.0,0.0,1,1,1,1
669,0.669,44.47040028424858,-7.8869796300869,608.5112772979439,91.11961060531173,615.2956671679387,41.64769935829215,0.0,68.09272522435697,0.0,-405.31303822568094,2.8227009259564326,-7.8869796300869,540.418552073587,91.11961060531173,548.0465261838414,44.47040028424858,-7.8869796300869,608.5112772979439,91.11961060531173,0.0,0.0,0.0,0.0,1,1,1,1
670,0.67,45.077885040357586,-7.760375153909345,604.2579690111728,161.9200473712553,625.5763701213602,41.71558942699739,0.0,67.68741218613128,0.0,-477.7030912984548,3.362295613360196,-7.760375153909345,536.5705568250415,161.9200473712553,560.4695033561101,45.077885040357586,-7.760375153909345,604.2579690111728,161.9200473712553,0.0,0.0,0.0,0.0,1,1,1,1
671,0.671,45.67445441169882,-7.563812781143203,586.6386387990617,230.70314951941938,630.3719820313999,41.783037987637876,0.0,67.20970909483283,0.0,-550.6725545103202,3.8914164240609423,-7.563812781143203,519.4289297042288,230.70314951941938,568.3575953674414,45.67445441169882,-7.563812781143203,586.6386387990617,230.70314951941938,0.0,0.0,0.0,0.0,1,1,1,1
672,0.672,46.24671455749407,-7.300290678042908,555.6957157429857,295.525761988859,629.391137921567,41.84997236045545,0.0,66.65903654032252,0.0,-622.70853903965,4.39674219703862,-7.300290678042908,489.0366792026632,295.525761988859,571.395090637524,46.24671455749407,-7.300290678042908,555.6957157429857,295.525761988859,0.0,0.0,0.0,0.0,1,1,1,1
673,0.673,46.781608159798516,-6.974682044391042,512.0587108291584,354.5933542333414,622.8487538740618,41.916320042726255,0.0,66.03632800128287,0.0,-692.2409234230753,4.865288117072261,-6.974682044391042,446.0223828278755,354.5933542333414,569.8003271760274,46.781608159798516,-6.974682044391042,512.0587108291584,354.5933542333414,0.0,0.0,0.0,0.0,1,1,1,1
674,0.674,47.26699322504813,-6.593550579391025,456.9227248428936,406.330502217839,611.4596090588943,41.98201025026582,0.0,65.3440870778598,0.0,-757.7093199924993,5.284982974782309,-6.593550579391025,391.5786377650338,406.330502217839,564.3033816897794,47.26699322504813,-6.593550579391025,456.9227248428936,406.330502217839,0.0,0.0,0.0,0.0,1,1,1,1
675,0.675,47.69218583783909,-6.164899969329551,391.9981345790939,449.44188491735866,596.3728241893301,42.046975482683685,0.0,64.5863777578673,0.0,-817.6305533786428,5.645210355155406,-6.164899969329551,327.4117568212266,449.44188491735866,556.0543736208091,47.69218583783909,-6.164899969329551,391.9981345790939,449.44188491735866,0.0,0.0,0.0,0.0,1,1,1,1
676,0.676,48.04843916415092,-5.697868239075028,319.4339407799829,482.9611634508575,579.0419051537077,42.11115304516486,0.0,63.768747204488655,0.0,-870.663236334504,5.937286118986059,-5.697868239075028,255.66519357549424,482.9611634508575,546.4578452248635,48.04843916415092,-5.697868239075028,319.4339407799829,482.9611634508575,0.0,0.0,0.0,0.0,1,1,1,1
677,0.677,48.32933419587233,-5.202380178999981,241.7186555547101,506.28565338853423,561.0285832916462,42.17448646075118,0.0,62.898083968154154,0.0,-915.6661663818846,6.154847735121145,-5.202380178999981,178.82057158655596,506.28565338853423,536.9375751887715,48.32933419587233,-5.202380178999981,241.7186555547101,506.28565338853423,0.0,0.0,0.0,0.0,1,1,1,1
678,0.678,48.53106222108596,-4.688772837227611,161.56379695260097,519.1953363015307,543.7523864067181,42.23692671163615,0.0,61.98241780177227,0.0,-951.7475781133221,6.294135509449809,-4.688772837227611,99.5813791508287,519.1953363015307,528.6589149071834,48.53106222108596,-4.688772837227611,161.56379695260097,519.1953363015307,0.0,0.0,0.0,0.0,1,1,1,1
679,0.679,48.65258455777691,-4.167410175161303,81.77598014801428,521.8554565309882,528.223843119879,42.29843325564887,0.0,61.03067022365895,0.0,-978.302753992991,6.354151302128045,-4.167410175161303,20.745309924355332,521.8554565309882,522.2676377060172,48.65258455777691,-4.167410175161303,81.77598014801428,521.8554565309882,0.0,0.0,0.0,0.0,1,1,1,1
680,0.68,48.69566140831842,-3.6483033733180394,5.124198994117187,514.8026817889099,514.8281835645606,42.35897477449553,0.0,60.05236746966596,0.0,-995.0380964139505,6.336686633822893,-3.6483033733180394,-54.92816847554877,514.8026817889099,517.724738513751,48.69566140831842,-3.6483033733180394,5.124198994117187,514.8026817889099,0.0,0.0,0.0,0.0,1,1,1,1
681,0.681,48.6647484430903,-3.1407529283291162,-65.79085384085434,498.9155384501106,503.2346877512245,42.418529622916985,0.0,59.05732937325201,0.0,-1001.9804637498731,6.246218820173318,-3.1407529283291162,-124.84818321410634,498.9155384501106,514.2993130063726,48.6647484430903,-3.1407529283291162,-65.79085384085434,498.9155384501106,0.0,0.0,0.0,0.0,1,1,1,1
682,0.682,48.566766545638814,-2.653027617583906,-128.65868894682416,475.37053117389956,492.4735527417397,42.47708596205836,0.0,58.055348909502136,0.0,-999.4713360012894,6.089680583580453,-2.653027617583906,-186.71403785632629,475.37053117389956,510.724264002768,48.566766545638814,-2.653027617583906,-128.65868894682416,475.37053117389956,0.0,0.0,0.0,0.0,1,1,1,1
683,0.683,48.41075668673193,-2.192093674805035,-181.5658718625238,445.58599026530925,481.15802034873604,42.534641575299865,0.0,57.055877573500844,0.0,-988.1461608354806,5.876115111432064,-2.192093674805035,-238.62174943602466,445.58599026530925,505.45743047721163,48.41075668673193,-2.192093674805035,-181.5658718625238,445.58599026530925,0.0,0.0,0.0,0.0,1,1,1,1
684,0.684,48.20743779383569,-1.7634051974527154,-223.08235101238827,411.1562303760324,467.7768496946417,42.59120337979295,0.0,56.06773141266536,0.0,-968.8999966268942,5.6162344140427365,-1.7634051974527154,-279.15008242505365,411.1562303760324,496.9650030886916,48.20743779383569,-1.7634051974527154,-223.0823510123883,411.1562303760324,0.0,0.0,2.842170943040401e-14,0.0,1,1,1,1
685,0.685,47.968690433338,-1.3707640014018068,-252.32287752720976,373.77902644739964,450.9740515102584,42.64678666120731,0.0,55.098831416038465,0.0,-942.8412748443478,5.321903772130689,-1.3707640014018068,-307.42170894324823,373.77902644739964,483.961638708641,47.968690433338,-1.3707640014018068,-252.32287752720976,373.77902644739964,0.0,0.0,0.0,0.0,1,1,1,1
686,0.686,47.70699286347907,-1.0162539776650483,-268.98045305507816,335.17969826933296,429.7626254778749,42.70141407198592,0.0,54.15599014119412,0.0,-911.2361123569303,5.00557879149315,-1.0162539776650483,-323.1364431962723,335.17969826933296,465.5776960438062,47.70699286347907,-1.0162539776650483,-268.98045305507816,335.17969826933296,0.0,0.0,0.0,0.0,1,1,1,1
687,0.687,47.43483834942069,-0.7002516337829902,-273.33022289428294,297.0352309523718,403.65745276703024,42.75511444407094,0.0,53.244754028837185,0.0,-875.4460827343285,4.679723905349746,-0.7002516337829902,-326.5749769231201,297.0352309523718,441.4534448605711,47.43483834942069,-0.7002516337829902,-273.33022289428294,297.0352309523718,0.0,0.0,0.0,0.0,1,1,1,1
688,0.6880000000000001,47.16416343654348,-0.4215110719620051,-266.20379447808335,260.90183906356333,372.73882253030627,42.807921475058414,0.0,52.36930794610286,0.0,-836.862679153079,4.356241961485068,-0.4215110719620051,-318.57310242418623,260.90183906356333,411.7749278609864,47.16416343654348,-0.4215110719620051,-266.20379447808335,260.90183906356333,0.0,0.0,0.0,0.0,1,1,1,1
689,0.6890000000000001,46.905816114056805,-0.17731832259995445,-248.93552180991352,228.1492083050108,337.66989097190344,42.85987235166494,0.0,51.53244526694978,0.0,-796.8418531535574,4.045943762391865,-0.17731832259995445,-300.4679670768633,228.1492083050108,377.27054018238186,46.905816114056805,-0.17731832259995445,-248.93552180991355,228.1492083050108,0.0,0.0,2.842170943040401e-14,0.0,1,1,1,1
690,0.6900000000000001,46.66909051238632,0.03629313367807185,-223.2837714541561,199.90432856685902,299.6954840743493,42.91100637600531,0.0,50.73560341379622,0.0,-756.6419855039156,3.758084136381008,0.03629313367807185,-274.0193748679523,199.90432856685902,339.1877922077829,46.66909051238632,0.03629313367807185,-223.2837714541561,199.90432856685902,0.0,0.0,0.0,0.0,1,1,1,1
691,0.6910000000000001,46.461351090093494,0.22427652063424736,-191.33149634931004,177.00738074957764,260.6517875156278,42.96136365842636,0.0,49.9789614282923,0.0,-717.3684397203427,3.4999874316671367,0.22427652063424736,-241.31045777760235,177.00738074957764,299.2696942101922,46.461351090093494,0.22427652063424736,-191.33149634931004,177.00738074957764,0.0,0.0,0.0,0.0,1,1,1,1
692,0.6920000000000001,46.287764379483384,0.39226865241236636,-155.37152012370436,159.9815776667923,223.01213971061432,43.01098393563479,0.0,49.261592988571955,0.0,-679.9274767854679,3.276780443848594,0.39226865241236636,-204.6331131122763,159.9815776667923,259.7476009028333,46.287764379483384,0.39226865241236636,-155.37152012370436,159.9815776667923,0.0,0.0,0.0,0.0,1,1,1,1
693,0.6930000000000001,46.15115053864456,0.5462641883545317,-117.78271948412825,149.01821236486902,189.94524638826329,43.05990556488497,0.0,48.58166551178649,0.0,-644.9917916095118,3.0912449737595864,0.5462641883545317,-166.36438499591475,149.01821236486902,223.3462249770301,46.15115053864456,0.5462641883545317,-117.78271948412825,149.01821236486902,0.0,0.0,0.0,0.0,1,1,1,1
694,0.6940000000000001,46.051960515168645,0.6922827995818065,-80.90374404093387,143.9774649225872,165.1512222339749,43.10816473450095,0.0,47.93667372017698,0.0,-612.9792958986635,2.943795780667692,0.6922827995818065,-128.84041776111084,143.9774649225872,193.20808382257817,46.051960515168645,0.6922827995818065,-80.90374404093387,143.9774649225872,0.0,0.0,0.0,0.0,1,1,1,1
695,0.6950000000000001,45.98837790969742,0.8360449791582382,-46.911007979836405,144.4047933072154,151.833418586897,43.155794918573186,0.0,47.323694424278315,0.0,-584.0460527181483,2.8325829911242337,0.8360449791582382,-94.23470240411473,144.4047933072154,172.4323736056883,45.98837790969742,0.8360449791582382,-46.91100797983641,144.4047933072154,0.0,0.0,7.105427357601002e-15,0.0,1,1,1,1
696,0.6960000000000001,45.956537996344125,0.9826716932377956,-17.707421828499648,149.56201827509224,150.60660708724384,43.2028265899711,0.0,46.739648371560165,0.0,-558.0935039752222,2.7537114063730215,0.9826716932377956,-64.44707020005981,149.56201827509224,162.85644650393937,45.956537996344125,0.9826716932377956,-17.707421828499648,149.56201827509224,0.0,0.0,0.0,0.0,1,1,1,1
697,0.6970000000000001,45.95085016726709,1.1364218391896892,5.17227985245912,158.47153925015022,158.55592461710177,43.24928719159068,0.0,46.18155486758494,0.0,-534.7893644473396,2.70156297567641,1.1364218391896892,-41.00927501512582,158.47153925015022,163.69175113480253,45.95085016726709,1.1364218391896892,5.17227985245912,158.47153925015022,0.0,0.0,0.0,0.0,1,1,1,1
698,0.6980000000000001,45.96440465120605,1.3004796064073099,20.634684146768535,169.97151826438423,171.2194708873287,43.29520135177604,0.0,45.6467655031376,0.0,-513.6008261108891,2.6692032994300092,1.3004796064073099,-25.012081356369066,169.97151826438423,171.8019826279008,45.96440465120605,1.3004796064073099,20.634684146768535,169.97151826438423,0.0,0.0,0.0,0.0,1,1,1,1
699,0.6990000000000001,45.9894399994577,1.4768014135216838,28.07557561111275,182.77936971228308,184.92305410173924,43.340591316866124,0.0,45.13316467702671,0.0,-493.8380635545141,2.648848682591577,1.4768014135216838,-17.057589065913962,182.77936971228308,183.57358017198732,45.9894399994577,1.4768014135216838,28.07557561111275,182.77936971228308,0.0,0.0,0.0,0.0,1,1,1,1
700,0.7000000000000001,46.01784476877382,1.6660292343682173,27.400184494259772,195.5605175684634,197.4707222399431,43.385477562511376,0.0,44.6393266134722,0.0,-474.7054901506221,2.632367206262444,1.6660292343682173,-17.239142119212428,195.5605175684634,196.31888358650497,46.01784476877382,1.6660292343682173,27.400184494259772,195.5605175684634,0.0,0.0,0.0,0.0,1,1,1,1
701,0.7010000000000001,46.041665220201054,1.8674739565662284,19.014958014498035,206.9991459206767,207.8706690232721,43.42987953637977,0.0,44.16462112332158,0.0,-455.3578142875631,2.6117856838212816,1.8674739565662284,-25.149663108823546,206.9991459206767,208.52134654844556,46.041665220201054,1.8674739565662284,19.014958014498035,206.9991459206767,0.0,0.0,0.0,0.0,1,1,1,1
702,0.7020000000000001,46.0535907785157,2.0791690871657713,3.791555222107398,215.86758384704822,215.90087921767406,43.47381647859595,0.0,43.709263309034014,0.0,-434.9577065767128,2.579774299919748,2.0791690871657713,-39.917708086926616,215.86758384704822,219.52730393934027,46.0535907785157,2.0791690871657713,3.791555222107398,215.86758384704822,0.0,0.0,0.0,0.0,1,1,1,1
703,0.7030000000000001,46.04739045821059,2.2979917829399947,-16.99472643393534,221.09103558850526,221.74324509252136,43.517308263051696,0.0,43.274305602457304,0.0,-412.7318250142846,2.530082195158897,2.2979917829399947,-60.269032036392645,221.09103558850526,229.15846534702013,46.04739045821059,2.2979917829399947,-16.99472643393534,221.09103558850526,0.0,0.0,0.0,0.0,1,1,1,1
704,0.704,46.01827637564749,2.519844992241074,-41.74850073238351,221.8045883435259,225.6993857405084,43.56037620274165,0.0,42.86157377744302,0.0,-388.02205863038523,2.4579001729058376,2.519844992241074,-84.61007450982653,221.8045883435259,237.39448207319265,46.01827637564749,2.519844992241074,-41.74850073238351,221.8045883435259,0.0,0.0,0.0,0.0,1,1,1,1
705,0.705,45.963174671345236,2.7398915978073113,-68.65504062954099,217.39979263644307,227.98285997463137,43.60304376548978,0.0,42.47355171881264,0.0,-360.32913463634895,2.3601309058554563,2.7398915978073113,-111.12859234835364,217.39979263644307,244.15616698272237,45.963174671345236,2.7398915978073113,-68.65504062954099,217.39979263644307,0.0,0.0,0.0,0.0,1,1,1,1
706,0.706,45.88088943024036,2.952828978936907,-95.79252296779669,207.55859742998334,228.59741648504635,43.645337152641275,0.0,42.113222584176285,0.0,-329.3461736913707,2.2355522775990835,2.952828978936907,-137.90574555197298,207.55859742998334,249.19583869588874,45.88088943024036,2.952828978936907,-95.7925229677967,207.55859742998334,0.0,0.0,1.4210854715202004e-14,0.0,1,1,1,1
707,0.707,45.77215122291797,3.1531904808939712,-121.24945642278985,192.27301162627433,227.31111209674603,43.68728570213861,0.0,41.783876410484915,0.0,-294.9803484811938,2.08486552077936,3.1531904808939712,-163.03333283327476,192.27301162627433,252.08883080089598,45.77215122291797,3.1531904808939712,-121.24945642278985,192.27301162627433,0.0,0.0,0.0,0.0,1,1,1,1
708,0.708,45.63954836763304,3.3356589783712467,-143.2407117591897,171.84952831789522,223.71893502420025,43.72892208837485,0.0,41.48889606200372,0.0,-257.36147109999706,1.9106262792581887,3.3356589783712467,-184.72960782119344,171.84952831789522,252.3039603114763,45.63954836763304,3.3356589783712467,-143.2407117591897,171.84952831789522,0.0,0.0,0.0,0.0,1,1,1,1
709,0.709,45.487345578187025,3.495377108552293,-160.2156647842337,146.89805766302152,217.36627748439346,43.77028230370131,0.0,41.23153459090372,0.0,-216.83706814125858,1.7170632744857173,3.495377108552293,-201.44719937513742,146.89805766302152,249.3190997121054,45.487345578187025,3.495377108552293,-160.2156647842337,146.89805766302152,0.0,0.0,0.0,0.0,1,1,1,1
710,0.71,45.32120095864483,3.6282388564505053,-170.95240723594839,118.30583606680614,207.89660023009407,43.811405419758145,0.0,41.01469752276246,0.0,-173.95425892824514,1.509795538886685,3.6282388564505053,-211.96710475871083,118.30583606680614,242.74744972348586,45.32120095864483,3.6282388564505053,-170.95240723594839,118.30583606680614,0.0,0.0,0.0,0.0,1,1,1,1
711,0.711,45.14779798954136,3.731147996497332,-174.63275492064318,87.19748038596228,195.1922121316158,43.852333140151444,0.0,40.84074326383421,0.0,-129.4294907110815,1.2954648493899157,3.731147996497332,-215.4734981844774,87.19748038596228,232.4483362072447,45.14779798954136,3.731147996497332,-174.63275492064318,87.19748038596228,0.0,0.0,0.0,0.0,1,1,1,1
712,0.712,44.9744139120442,3.8022303928293426,-170.89384363922733,54.88300400350544,179.49052878143033,43.89310916866992,0.0,40.71131377312313,0.0,-84.1078646818986,1.0813047433742753,3.8022303928293426,-211.60515741235045,54.88300400350544,218.60669425238197,44.9744139120442,3.8022303928293426,-170.89384363922733,54.88300400350544,0.0,0.0,0.0,0.0,1,1,1,1
713,0.713,44.808449496986505,3.840989268353669,-159.85339421799182,22.796177116974963,161.47065781175598,43.933778428510706,0.0,40.62720590844123,0.0,-38.914371240126215,0.8746710684757986,3.840989268353669,-200.48060012643305,22.796177116974963,201.77248751552636,44.808449496986505,3.840989268353669,-159.85339421799182,22.796177116974963,0.0,0.0,0.0,0.0,1,1,1,1
714,0.714,44.65694738932548,3.8483951734711797,-142.10717828662956,-7.5739295257245445,142.30887016995308,43.97438617723353,0.0,40.58829153720111,0.0,5.200189821030466,0.6825612120919544,3.8483951734711797,-182.69546982383068,-7.5739295257245445,182.85239703818723,44.65694738932548,3.8483951734711797,-142.10717828662956,-7.5739295257245445,0.0,0.0,0.0,0.0,1,1,1,1
715,0.715,44.526126924632045,3.8269053997277735,-118.69874769520385,-34.75505095209377,123.68227953547871,44.01497706886563,0.0,40.59349172702214,0.0,47.315523636725835,0.511149855766412,3.8269053997277735,-159.29223942222598,-34.75505095209377,163.0396611466989,44.526126924632045,3.8269053997277735,-118.69874769520383,-34.75505095209377,0.0,0.0,-1.4210854715202004e-14,0.0,1,1,1,1
716,0.716,44.42096248308259,3.7804108539271635,-91.06301961608305,-57.36413536655212,107.62489288241473,44.05559421835447,0.0,40.64080725065887,0.0,86.59717271801608,0.3653682647281187,3.7804108539271635,-131.7038268667419,-57.36413536655212,143.65424476045544,44.42096248308259,3.7804108539271635,-91.06301961608304,-57.36413536655212,0.0,0.0,-1.4210854715202004e-14,0.0,1,1,1,1
717,0.717,44.34483012185765,3.714111784770998,-60.94675351054095,-74.17667444170229,96.00357178097555,44.096278324191495,0.0,40.72740442337688,0.0,122.34769200105201,0.24855179766615265,3.714111784770998,-101.67415793391783,-74.17667444170229,125.85632055165746,44.34483012185765,3.714111784770998,-60.946753510540944,-74.17667444170229,0.0,0.0,-7.105427357601002e-15,0.0,1,1,1,1
718,0.718,44.29924353361858,3.6343270822384186,-30.310236890830836,-84.18970395666823,89.47970000335116,44.13706690246087,0.0,40.84975211537793,0.0,154.05070651976763,0.1621766311577062,3.6343270822384186,-71.15998900620878,-84.18970395666823,110.2345240279795,44.29924353361858,3.6343270822384186,-30.310236890830843,-84.18970395666823,0.0,0.0,7.105427357601002e-15,0.0,1,1,1,1
719,0.719,44.283695515896234,3.548244997001976,-1.2155446068484679,-86.67549721717211,86.6840202490358,44.17799367992951,0.0,41.0038028218977,0.0,181.40527049866068,0.10570183596672678,3.548244997001976,-42.21934742874617,-86.67549721717211,96.41117733516786,44.283695515896234,3.548244997001976,-1.2155446068484679,-86.67549721717211,0.0,0.0,0.0,0.0,1,1,1,1
720,0.72,44.295615366437815,3.463625909481897,24.292505790847002,-81.22338568249855,84.77832399455798,44.21908818538665,0.0,41.18520809239636,0.0,204.3484683528958,0.07652718105116207,3.463625909481897,-16.892702301549356,-81.22338568249855,82.96144750892839,44.295615366437815,3.463625909481897,24.292505790847002,-81.22338568249855,0.0,0.0,0.0,0.0,1,1,1,1
721,0.721,44.33044625490031,3.388470087444836,44.306153610050174,-67.76767165447156,80.96599637616788,44.260375567713226,0.0,41.389556560749256,0.0,223.06483461168384,0.07007068718708354,3.388470087444836,2.9165970493009183,-67.76767165447156,67.83040512790896,44.33044625490031,3.388470087444836,44.306153610050174,-67.76767165447156,0.0,0.0,0.0,0.0,1,1,1,1
722,0.722,44.38184000644809,3.3306651005058874,57.168628950611485,-46.60022276828607,73.75522285334497,44.301876656691284,0.0,41.61262139536094,0.0,237.98188681659252,0.07996334975680242,3.3306651005058874,15.556007555250545,-46.60022276828607,49.128099221452686,44.38184000644809,3.3306651005058874,57.168628950611485,-46.60022276828607,0.0,0.0,0.0,0.0,1,1,1,1
723,0.723,44.441960226530696,3.2976286288772543,61.57588821492968,-18.367029057711594,64.25681104649014,44.34360826903005,0.0,41.85060328217753,0.0,249.75182425365824,0.09835195750064685,3.2976286288772543,19.725284932752146,-18.367029057711594,26.952451133154494,44.441960226530696,3.2976286288772543,61.57588821492968,-18.367029057711594,0.0,0.0,0.0,0.0,1,1,1,1
724,0.724,44.50187865177694,3.2959627615572726,56.66045044541892,15.951270796038479,58.8629738009075,44.385583748224356,0.0,42.10035510643119,0.0,259.2202049050183,0.11629490355258554,3.2959627615572726,14.560095338987729,15.951270796038479,21.597208530015223,44.50187865177694,3.2959627615572726,56.66045044541892,15.951270796038479,0.0,0.0,0.0,0.0,1,1,1,1
725,0.725,44.55204435854018,3.3311355074677906,42.05257650142469,55.074159737169474,69.29345034823591,44.427813713433245,0.0,42.35957531133621,0.0,267.3831320973141,0.12423064510693393,3.3311355074677906,-0.3069988099115193,55.074159737169474,55.075015379249294,44.55204435854018,3.3311355074677906,42.05257650142469,55.074159737169474,0.0,0.0,0.0,0.0,1,1,1,1
726,0.726,44.58280128499406,3.4072041565670497,17.915236191071514,97.4698783726206,99.10263809685053,44.47030698031063,0.0,42.62695844343352,0.0,275.3351219425639,0.11249430468343036,3.4072041565670497,-24.71172225236201,97.4698783726206,100.553699119681,44.58280128499406,3.4072041565670497,17.915236191071514,97.4698783726206,0.0,0.0,0.0,0.0,1,1,1,1
727,0.727,44.58492665395789,3.5265933739313353,-15.049292539880945,141.41586245776773,142.2143711466081,44.51307160631504,0.0,42.902293565376084,0.0,284.2103480002223,0.0718550476428561,3.5265933739313353,-57.95158610525703,141.41586245776773,152.82942284386635,44.58492665395789,3.5265933739313353,-15.049292539880945,141.41586245776773,0.0,0.0,0.0,0.0,1,1,1,1
728,0.728,44.55016148089698,3.689938565832029,-55.62182846767874,185.06837571198102,193.24619398777003,44.55611600505441,0.0,43.186503913376306,0.0,295.12034192999056,-0.005954524157431251,3.689938565832029,-98.80833238105504,185.06837571198102,209.7936849302095,44.55016148089698,3.689938565832029,-55.62182846767873,185.06837571198102,0.0,0.0,-7.105427357601002e-15,0.0,1,1,1,1
729,0.729,44.471704495138944,3.8960022274449946,-102.11677316793569,226.5383065088395,248.49032109545945,44.599450069138754,0.0,43.48162425530629,0.0,309.09144720666126,-0.12774557399981035,3.8960022274449946,-145.59839742324198,226.5383065088395,269.2925874362479,44.471704495138944,3.8960022274449946,-102.11677316793569,226.5383065088395,0.0,0.0,0.0,0.0,1,1,1,1
730,0.73,44.34464248948352,4.1416677936802495,-152.4582412527601,263.9698075578395,304.8336835522079,44.643086239117665,0.0,43.790715702512955,0.0,327.00536498497075,-0.29844374963414566,4.1416677936802495,-196.24895695527306,263.9698075578395,328.92812650814074,44.34464248948352,4.1416677936802495,-152.4582412527601,263.9698075578395,0.0,0.0,0.0,0.0,1,1,1,1
731,0.731,44.16629325820721,4.422012110810856,-204.2780097250529,295.61831746506033,359.3322903359813,44.68704045750267,0.0,44.117721067497925,0.0,349.54599415770116,-0.5207471992954567,4.422012110810856,-248.3957307925508,295.61831746506033,386.12255657606767,44.16629325820721,4.422012110810856,-204.27800972505287,295.61831746506033,0.0,0.0,-2.842170943040401e-14,0.0,1,1,1,1
732,0.732,43.93644172158311,4.730454180152958,-255.03027448982408,319.92451856150086,409.1358435570796,44.731332951567246,0.0,44.467267061655626,0.0,377.15545839640873,-0.7948912299841382,4.730454180152958,-299.4975415514797,319.92451856150086,438.235638637695,43.93644172158311,4.730454180152958,-255.03027448982405,319.92451856150086,0.0,0.0,-2.842170943040401e-14,0.0,1,1,1,1
733,0.733,43.65745533229358,5.058974452066436,-302.11728029934335,335.5809560925565,451.5411710436451,44.7759887963581,0.0,44.844422520052035,0.0,410.00174762261753,-1.1185334640645195,5.058974452066436,-346.9617028193954,335.5809560925565,482.6976292828967,43.65745533229358,5.058974452066436,-302.11728029934335,335.5809560925565,0.0,0.0,0.0,0.0,1,1,1,1
734,0.734,43.334271124096944,5.398395821003483,-343.019283697756,341.5883622075638,484.09176628421125,44.82103821975196,0.0,45.25442426767465,0.0,447.9598044605844,-1.4867670956550185,5.398395821003483,-388.2737079654307,341.5883622075638,517.1451261424305,43.334271124096944,5.398395821003483,-343.019283697756,341.5883622075638,0.0,0.0,0.0,0.0,1,1,1,1
735,0.735,42.97425346276255,5.738714731280674,-375.42204988911146,337.29917991594704,504.6904519751814,44.86651662392187,0.0,45.70238407213524,0.0,490.607189402708,-1.8922631611593204,5.738714731280674,-421.1244339612467,337.29917991594704,539.5521528556353,42.97425346276255,5.738714731280674,-375.42204988911146,337.29917991594704,0.0,0.0,0.0,0.0,1,1,1,1
736,0.736,42.586928336762035,6.069468572383272,-397.33518823450083,322.4463469770996,511.70977955108725,44.91246431158871,0.0,46.19299126153795,0.0,537.2346987127045,-2.3255359748266713,6.069468572383272,-443.5281794960388,322.4463469770996,548.3510670053871,42.586928336762035,6.069468572383272,-397.33518823450083,322.4463469770996,0.0,0.0,0.0,0.0,1,1,1,1
737,0.737,42.18360651899412,6.380123922667287,-407.19509220016585,297.15605212630135,504.0928113226678,44.9589259201996,0.0,46.73022596025065,0.0,586.8715269565595,-2.775319401205479,6.380123922667287,-453.9253181604165,297.15605212630135,542.5402416248259,42.18360651899412,6.380123922667287,-407.19509220016585,297.15605212630135,0.0,0.0,0.0,0.0,1,1,1,1
738,0.738,41.776913794164436,6.660469264508663,-403.94704376210973,261.9438866926608,481.4434691007921,45.00594958192333,0.0,47.31709748720721,0.0,638.3238031929612,-3.229035787758896,6.660469264508663,-451.26414124931694,261.9438866926608,521.7795750632071,41.776913794164436,6.660469264508663,-403.94704376210973,261.9438866926608,0.0,0.0,0.0,0.0,1,1,1,1
739,0.739,41.380251365939,6.900995584610686,-387.1021273752015,217.69455147949202,444.1159474306951,45.053585841312135,0.0,47.95542129040017,0.0,690.2246269893112,-3.6733344753731316,6.900995584610686,-435.0575486656017,217.69455147949202,486.4832868606892,41.380251365939,6.900995584610686,-387.1021273752015,217.69455147949202,0.0,0.0,0.0,0.0,1,1,1,1
740,0.74,41.00721327042105,7.093248799893853,-356.7659168643325,165.626008505829,393.33687105281746,45.101886374916035,0.0,48.64564591738948,0.0,741.0931250959999,-4.094673104494987,7.093248799893853,-405.41156278172195,165.626008505829,437.93893402013373,41.00721327042105,7.093248799893853,-356.7659168643325,165.626008505829,0.0,0.0,0.0,0.0,1,1,1,1
741,0.741,40.670989928973796,7.230139188518682,-313.63737969447124,107.23965692312298,331.4645530952036,45.150902567395974,0.0,49.38673904248548,0.0,789.3995741571808,-4.479912638422178,7.230139188518682,-363.0241187369567,107.23965692312298,378.53250164514697,40.670989928973796,7.230139188518682,-313.63737969447124,107.23965692312298,0.0,0.0,0.0,0.0,1,1,1,1
742,0.742,40.38378775004119,7.306194901349587,-258.9780079753101,44.25873101013005,262.7326471633985,45.200684006225536,0.0,50.17613861664266,0.0,833.6333146761135,-4.816896256184343,7.306194901349587,-309.1541465919528,44.25873101013005,312.3061344668492,40.38378775004119,7.306194901349587,-258.9780079753101,44.25873101013005,0.0,0.0,0.0,0.0,1,1,1,1
743,0.743,40.156293894198264,7.3177490961607825,-194.55275069374906,-21.442362276859328,195.73080417378395,45.251276961499514,0.0,51.009771931318774,0.0,872.3700337057028,-5.09498306730125,7.3177490961607825,-245.56252262506783,-21.442362276859328,246.49691157902777,40.156293894198264,7.3177490961607825,-194.55275069374906,-21.442362276859328,0.0,0.0,0.0,0.0,1,1,1,1
744,0.744,39.99721299092887,7.263053163979908,-122.54580345817337,-87.91465156112267,150.81929553052177,45.302722918447685,0.0,51.88214196502447,0.0,904.3350263010761,-5.305509927518813,7.263053163979908,-174.42794542319785,-87.91465156112267,195.33073005462222,39.99721299092887,7.263053163979908,-122.54580345817338,-87.91465156112267,0.0,0.0,1.4210854715202004e-14,0.0,1,1,1,1
745,0.745,39.91289886304825,7.142311772320284,-45.4556313591162,-153.21378357431723,159.8145109162919,45.35505722792586,0.0,52.78647699132555,0.0,928.4592569086892,-5.4421583648776135,7.142311772320284,-98.24210835044175,-153.21378357431723,182.0054266506844,39.91289886304825,7.142311772320284,-45.455631359116204,-153.21378357431723,0.0,0.0,7.105427357601002e-15,0.0,1,1,1,1
746,0.746,39.90709937382689,6.957638887107792,34.02531301184332,-215.478303274528,218.14816320020523,45.40830793454564,0.0,53.71493624823424,0.0,943.9254202839038,-5.5012085607187515,6.957638887107792,-19.689623236390915,-215.478303274528,216.37601633559225,39.90709937382689,6.957638887107792,34.02531301184332,-215.478303274528,0.0,0.0,0.0,0.0,1,1,1,1
747,0.747,39.98082662575957,6.7129373992189425,113.13991871387671,-273.00360608552836,295.51922127381994,45.46249483350402,0.0,54.65886166851814,0.0,950.2017269907893,-5.481668207744448,6.7129373992189425,58.48105704535857,-273.00360608552836,279.1970683385569,39.98082662575957,6.7129373992189425,113.13991871387671,-273.00360608552836,0.0,0.0,0.0,0.0,1,1,1,1
748,0.748,40.13235822193893,6.41370831699882,189.19807261430878,-324.3083418888577,375.46213031365687,45.517628796036036,0.0,55.60906339550893,0.0,947.061782951785,-5.385270574097106,6.41370831699882,133.58900921879984,-324.3083418888577,350.74481322289114,40.13235822193893,6.41370831699882,189.19807261430878,-324.3083418888577,0.0,0.0,0.0,0.0,1,1,1,1
749,0.749,40.357368498060566,6.066798543193701,259.7038174892279,-368.1903999375488,450.56658045692905,45.57371139032302,0.0,56.55612517846072,0.0,934.5896614412281,-5.216342892262453,6.066798543193701,203.14769231076718,-368.1903999375488,420.5153451389881,40.357368498060566,6.066798543193701,259.7038174892279,-368.1903999375488,0.0,0.0,0.0,0.0,1,1,1,1
750,0.75,40.64918190707237,5.680098896447728,322.4714449896895,-403.77008184740896,516.7379527660047,45.6307348103322,0.0,57.49071483990195,0.0,913.1700404184154,-4.981552903259832,5.680098896447728,264.9807301497875,-403.77008184740896,482.9545178852537,40.64918190707237,5.680098896447728,322.4714449896895,-403.77008184740896,0.0,0.0,0.0,0.0,1,1,1,1
751,0.751,40.999134446787316,5.262206145882624,375.7245630955878,-430.5186544589676,571.4151373130837,45.68868211019231,0.0,58.40388488032036,0.0,883.4640568303257,-4.689547663404994,5.262206145882624,317.32067821526744,-430.5186544589676,534.825882563809,40.999134446787316,5.262206145882624,375.72456309558777,-430.5186544589676,0.0,0.0,5.684341886080802e-14,0.0,1,1,1,1
752,0.752,41.39702349719249,4.822064308606326,418.17310023977694,-448.2711390314298,613.038135724591,45.747527727101044,0.0,59.28734893715069,0.0,846.3722709539231,-4.350504229908552,4.822064308606326,358.88575130262626,-448.2711390314298,574.2351404926261,41.39702349719249,4.822064308606326,418.17310023977694,-448.2711390314298,0.0,0.0,0.0,0.0,1,1,1,1
753,0.753,41.831621970995705,4.368601249120747,449.0643969389623,-457.22290770194326,640.8678646379249,45.807238262173676,0.0,60.13372120810461,0.0,802.986798511132,-3.975616291177971,4.368601249120747,388.93067573085773,-457.22290770194326,600.2664890295654,41.831621970995705,4.368601249120747,449.0643969389623,-457.22290770194326,0.0,0.0,0.0,0.0,1,1,1,1
754,0.754,42.29122951330032,3.910376682818445,468.2059265136667,-457.9103899580176,654.9035920301742,45.86777347678103,0.0,60.936708006615746,0.0,754.5352208594223,-3.5765439634807095,3.910376682818445,407.269218507051,-457.9103899580176,612.8214597864926,42.29122951330032,3.910376682818445,468.2059265136667,-457.9103899580176,0.0,0.0,0.0,0.0,1,1,1,1
755,0.755,42.76423177962376,3.4552570223436048,475.9587045275659,-451.17690780906827,655.8180315878111,45.92908745239808,0.0,61.69124322747517,0.0,702.3192947806161,-3.1648556727743156,3.4552570223436048,414.2674613000907,-451.17690780906827,612.5178622964188,42.76423177962376,3.4552570223436048,475.9587045275659,-451.17690780906827,0.0,0.0,0.0,0.0,1,1,1,1
756,0.756,43.23963866268705,3.0101311477738864,473.20201037330594,-438.12532593860175,644.88289157811,45.99112985527294,0.0,62.393562522255785,0.0,647.6517316318693,-2.7514911925858883,3.0101311477738864,410.8084478510502,-438.12532593860175,600.5975208528545,43.23963866268705,3.0101311477738864,473.20201037330594,-438.12532593860175,0.0,0.0,0.0,0.0,1,1,1,1
757,0.757,43.70757373129413,2.580679193069676,461.27157004679106,-420.0597921318354,623.8763421538538,46.053847243661004,0.0,63.04121425388765,0.0,591.7943880430314,-2.3462735123668708,2.580679193069676,398.2303557929034,-420.0597921318354,578.8243647608342,43.70757373129413,2.580679193069676,461.27157004679106,-420.0597921318354,0.0,0.0,0.0,0.0,1,1,1,1
758,0.758,44.159690009746875,2.171203914285184,441.87475479030047,-398.41932706747343,594.9716456285009,46.11718435510891,0.0,63.63300864193069,0.0,535.9011035707741,-1.9574943453620364,2.171203914285184,378.24174614836977,-398.41932706747343,549.3676170928409,44.159690009746875,2.171203914285184,441.87475479030047,-398.41932706747343,0.0,0.0,0.0,0.0,1,1,1,1
759,0.759,44.58949140527784,1.784531256224133,416.9875606862238,-374.7063793088666,560.6099325393793,46.18108531430263,0.0,64.16890974550147,0.0,480.96814102175887,-1.5915939090247875,1.784531256224133,352.8186509407223,-374.7063793088666,514.6706433695159,44.58949140527784,1.784531256224133,416.9875606862238,-374.7063793088666,0.0,0.0,0.0,0.0,1,1,1,1
760,0.76,44.992544355313186,1.4219834991276956,388.7390847634031,-350.41367500328954,523.3620349738786,46.24549470811864,0.0,64.64987788652323,0.0,427.79474810221905,-1.2529503528054562,1.4219834991276956,324.08920687687987,-350.41367500328954,477.3086607672189,44.992544355313186,1.4219834991276956,388.73908476340307,-350.41367500328954,0.0,0.0,5.684341886080802e-14,0.0,1,1,1,1
761,0.761,45.366570329466015,1.083424993995548,359.2898531045861,-326.9527528986541,485.78524182186044,46.31035848337922,0.0,65.07767263462544,0.0,376.95578865747467,-0.9437881539132036,1.083424993995548,294.21218046996063,-326.9527528986541,439.83964096576955,45.366570329466015,1.083424993995548,359.2898531045861,-326.9527528986541,0.0,0.0,0.0,0.0,1,1,1,1
762,0.762,45.711416354035,0.7673771386933086,330.71065195051335,-305.5874812721638,450.28129433033155,46.37562463390817,0.0,65.45462842328291,0.0,328.7877191990554,-0.664208279873165,0.7673771386933086,265.25602352723047,-305.5874812721638,404.65351441417596,45.711416354035,0.7673771386933086,330.71065195051335,-305.5874812721638,0.0,0.0,0.0,0.0,1,1,1,1
763,0.763,46.02890737578182,0.47119606053123153,304.86844859759714,-287.375608759674,418.962422491921,46.44124365619105,0.0,65.78341614248197,0.0,283.3884483084721,-0.4123362804092281,0.47119606053123153,239.08503245511517,-287.375608759674,373.8266887931581,46.02890737578182,0.47119606053123153,304.86844859759714,-287.375608759674,0.0,0.0,0.0,0.0,1,1,1,1
764,0.764,46.32259068760786,0.1913035999637284,283.32556908787933,-273.12101726283703,393.5333126555586,46.50716876655768,0.0,66.06680459079044,0.0,240.63085296590697,-0.18457807894982636,0.1913035999637284,217.2587644970889,-273.12101726283703,348.99349681833394,46.32259068760786,0.1913035999637284,283.32556908787933,-273.12101726283703,0.0,0.0,0.0,0.0,1,1,1,1
765,0.765,46.59738845592263,-0.07654023470406764,267.25754755703684,-263.3388398149303,375.1985358197381,46.57335588657496,0.0,66.30743544375635,0.0,200.18897830378572,0.024032569347674837,-0.07654023470406764,200.9501121132805,-263.3388398149303,331.2526107269398,46.59738845592263,-0.07654023470406764,267.25754755703684,-263.3388398149303,0.0,0.0,0.0,0.0,1,1,1,1
766,0.766,46.85917930482379,-0.33693703991974777,257.3940187990684,-258.2350027553271,364.6052626630326,46.63976341650786,0.0,66.50762442206013,0.0,161.57525622979222,0.21941588831592895,-0.33693703991974777,190.8863943770083,-258.2350027553271,321.1275949000623,46.85917930482379,-0.33693703991974777,257.3940187990684,-258.2350027553271,0.0,0.0,0.0,0.0,1,1,1,1
767,0.767,47.11433366174085,-0.5945369420683172,253.9857479530424,-257.7010775128614,361.8267617445622,46.706351828558034,0.0,66.66919967828993,0.0,124.18648118989653,0.40798183318281644,-0.5945369420683172,187.31654827475245,-257.7010775128614,318.58646331703653,47.11433366174085,-0.5945369420683172,253.9857479530424,-257.7010775128614,0.0,0.0,0.0,0.0,1,1,1,1
768,0.768,47.36922995240112,-0.8537281309358858,256.7994486432745,-261.32461364755443,366.3830106889966,46.773083121476915,0.0,66.79338615947982,0.0,87.35581030759235,0.5961468309242051,-0.8537281309358858,190.00606248379466,-261.32461364755443,323.0988354646907,47.36922995240112,-0.8537281309358858,256.7994486432745,-261.32461364755443,0.0,0.0,0.0,0.0,1,1,1,1
769,0.769,47.62977962349929,-1.1183442677216962,265.14051168284084,-268.4144042578416,377.28740152373325,46.83992018554155,0.0,66.88074196978742,0.0,50.407735626613125,0.7898594379577375,-1.1183442677216962,198.2597697130534,-268.4144042578416,333.6963120859519,47.62977962349929,-1.1183442677216962,265.14051168284084,-268.4144042578416,0.0,0.0,0.0,0.0,1,1,1,1
770,0.77,47.90098832389629,-1.391404134230244,277.9022334791315,-278.03944043648386,393.11013954224427,46.906826131379155,0.0,66.93114970541403,0.0,12.712825344835066,0.9941621925171376,-1.391404134230244,210.97108377371745,-278.03944043648386,349.01966796570355,47.90098832389629,-1.391404134230244,277.9022334791315,-278.03944043648386,0.0,0.0,0.0,0.0,1,1,1,1
771,0.771,48.18657842748813,-1.674896322216267,293.6386796075829,-289.07967495737284,412.05671046003494,46.973763637497235,0.0,66.94386253075886,0.0,-26.260943265857,1.2128147899908939,-1.674896322216267,226.69481707682405,-289.07967495737284,367.3657558387214,48.18657842748813,-1.674896322216267,293.6386796075829,-289.07967495737284,0.0,0.0,0.0,0.0,1,1,1,1
772,0.772,48.48869455227134,-1.969619598948471,310.65702336576567,-300.2861659480844,432.0643095955489,47.040694369556356,0.0,66.91760158749301,0.0,-66.9032357232724,1.4480001827149849,-1.969619598948471,243.73942177827266,-300.2861659480844,386.7566252678901,48.48869455227134,-1.969619598948471,310.65702336576567,-300.2861659480844,0.0,0.0,0.0,0.0,1,1,1,1
773,0.773,48.80770901456284,-2.2750869269439655,327.12413162977856,-310.34773411550646,450.91674793155084,47.10757851952599,0.0,66.85069835176974,0.0,-109.42540871173857,1.700130495036852,-2.2750869269439655,260.27343327800884,-310.34773411550646,405.04070923914696,48.80770901456284,-2.2750869269439655,327.12413162977856,-310.34773411550646,0.0,0.0,0.0,0.0,1,1,1,1
774,0.774,49.142138513034496,-2.5894980852341467,341.1813887954587,-317.96096217948303,466.3731483806723,47.174374505173404,0.0,66.741272943058,0.0,-153.83565808332602,1.967764007861092,-2.5894980852341467,274.4401158524007,-317.96096217948303,420.01970270355383,49.142138513034496,-2.5894980852341467,341.1813887954587,-317.96096217948303,0.0,0.0,0.0,0.0,1,1,1,1
775,0.775,49.488677072705315,-2.909782576253885,351.0612963110264,-321.9002065231582,476.30219055472566,47.24103886028742,0.0,66.58743728497467,0.0,-199.9267449416527,2.247638212417897,-2.909782576253885,284.47385902605174,-321.9002065231582,429.5871499810322,49.488677072705315,-2.909782576253885,351.0612963110264,-321.9002065231582,0.0,0.0,0.0,0.0,1,1,1,1
776,0.776,49.84234373638483,-3.2317111570006802,355.19928485224284,-321.0842859953533,478.81275115925075,47.30752633419992,0.0,66.38751054003302,0.0,-247.27707173081726,2.534817402184906,-3.2317111570006802,288.8117743122098,-321.0842859953533,431.8649785459718,49.84234373638483,-3.2317111570006802,355.19928485224284,-321.0842859953533,0.0,0.0,0.0,0.0,1,1,1,1
777,0.777,50.19673702746075,-3.55007105979384,352.33443403022983,-314.6366615914442,472.372503667192,47.373790206204085,0.0,66.1402334683022,0.0,-295.26513044539723,2.8229468212566644,-3.55007105979384,286.19420056192763,-314.6366615914442,425.3273436456794,50.19673702746075,-3.55007105979384,352.33443403022983,-314.6366615914442,0.0,0.0,0.0,0.0,1,1,1,1
778,0.778,50.54438217631147,-3.858896917849003,341.59339675499984,-301.93621665354584,455.9073673825372,47.439782807107164,0.0,65.8449683378568,0.0,-343.0965929792057,3.1045993692043083,-3.858896917849003,275.74842841714303,-301.93621665354584,408.9042365904042,50.54438217631147,-3.858896917849003,341.59339675499984,-301.93621665354584,0.0,0.0,0.0,0.0,1,1,1,1
779,0.779,50.87715183262541,-4.151746724901314,322.55273947439207,-282.65617680413123,428.87618729414595,47.50545622714853,0.0,65.50187174487759,0.0,-389.84260036717296,3.37169560547688,-4.151746724901314,257.0508677295145,-282.65617680413123,382.05976350045637,50.87715183262541,-4.151746724901314,322.55273947439207,-282.65617680413123,0.0,0.0,0.0,0.0,1,1,1,1
780,0.78,51.186736765993025,-4.422009960605812,295.27608606442936,-256.78925248152876,391.3166073546466,47.57076317759322,0.0,65.11202914451042,0.0,-434.48717229102834,3.615973588399804,-4.422009960605812,230.16405691991895,-256.78925248152876,344.8423020568359,51.186736765993025,-4.422009960605812,295.27608606442936,-256.78925248152876,0.0,0.0,0.0,0.0,1,1,1,1
781,0.781,51.46514011900742,-4.663233406492264,260.32382854829234,-224.6577198835123,343.8598359990585,47.63565796315159,0.0,64.67754197221939,0.0,-475.9811355601206,3.8294821558558354,-4.663233406492264,195.64628657607295,-224.6577198835123,297.9069662734753,51.46514011900742,-4.663233406492264,260.32382854829234,-224.6577198835123,0.0,0.0,0.0,0.0,1,1,1,1
782,0.782,51.705167283152655,-4.869449235977513,218.7346676712864,-186.90784945625055,287.714092511348,47.70009751455602,0.0,64.20156083665927,0.0,-513.2995890973024,4.005069768596634,-4.869449235977513,154.53310683462712,-186.90784945625055,242.51809271953854,51.705167283152655,-4.869449235977513,218.7346676712864,-186.90784945625055,0.0,0.0,0.0,0.0,1,1,1,1
783,0.783,51.90088350222523,-5.035489731077767,171.97978949347032,-144.48881312457107,224.61982350711077,47.76404242559813,0.0,63.68826124756197,0.0,-545.4997043548132,4.1368410766271,-5.035489731077767,108.29152824590835,-144.48881312457107,180.56597743756043,51.90088350222523,-5.035489731077767,171.97978949347032,-144.48881312457107,0.0,0.0,0.0,0.0,1,1,1,1
784,0.784,52.04801287244326,-5.157273470290679,121.8919870241782,-98.61691924719563,156.7895189816919,47.82745793699351,0.0,63.14276154320716,0.0,-571.77561635074,4.220554935449748,-5.157273470290679,58.74922548097105,-98.61691924719563,114.79010522001398,52.04801287244326,-5.157273470290679,121.8919870241782,-98.61691924719563,0.0,0.0,0.0,0.0,1,1,1,1
785,0.785,52.14425542139449,-5.232049025871216,70.57341707377783,-50.726704968741146,86.9126331119654,47.89031481072854,0.0,62.570985926856416,0.0,-591.507294467588,4.25394061066595,-5.232049025871216,8.002431146921417,-50.726704968741146,51.35404074897053,52.14425542139449,-5.232049025871216,70.57341707377783,-50.726704968741146,0.0,0.0,0.0,0.0,1,1,1,1
786,0.786,52.18950324966315,-5.258584051526701,20.286867008151432,-2.411028067271248,20.4296360551918,47.95259004300816,0.0,61.979478632388826,0.0,-604.3005869643097,4.2369132066549895,-5.258584051526701,-41.692611624237394,-2.411028067271248,41.76226670561196,52.18950324966315,-5.258584051526701,20.286867008151432,-2.411028067271248,0.0,0.0,0.0,0.0,1,1,1,1
787,0.787,52.18594207949575,-5.237290050792637,-26.663670412569545,44.64718351172212,52.003099094184066,48.01426737134706,0.0,61.37517804542452,0.0,-610.0160927135867,4.171674708148693,-5.237290050792637,-88.03884845799406,44.64718351172212,98.71276428780138,52.18594207949575,-5.237290050792637,-26.663670412569545,44.64718351172212,0.0,0.0,0.0,0.0,1,1,1,1
788,0.788,52.138030686736776,-5.17027598342137,-68.05670378968486,88.74847019295143,111.83919658288902,48.07533754134613,0.0,60.76516195271093,0.0,-608.7851034586781,4.0626931453906465,-5.17027598342137,-128.8218657423958,88.74847019295143,156.43325750920434,52.138030686736776,-5.17027598342137,-68.05670378968486,88.74847019295143,0.0,0.0,0.0,0.0,1,1,1,1
789,0.789,52.05235726584778,-5.061327062360309,-101.87455391858657,128.2523553834681,163.7897780617533,48.13579831074711,0.0,60.156376849252254,0.0,-601.0115482585564,3.916558955100669,-5.061327062360309,-162.0309307678388,128.2523553834681,206.6462900390413,52.05235726584778,-5.061327062360309,-101.87455391858656,128.2523553834681,0.0,0.0,-1.4210854715202004e-14,0.0,1,1,1,1
790,0.79,51.93737843907241,-4.915808472480732,-126.41568394308356,161.65141667464707,205.21234285422005,48.195654181822235,0.0,59.5553653009937,0.0,-587.3596217274159,3.7417242572501763,-4.915808472480732,-185.97104924407728,161.65141667464707,246.40700410066142,51.93737843907241,-4.915808472480732,-126.41568394308358,161.65141667464707,0.0,0.0,1.4210854715202004e-14,0.0,1,1,1,1
791,0.791,51.80305301033121,-4.740497150722322,-140.39191241822732,187.64054206686424,234.34773756022022,48.25491586731236,0.0,58.968005679266284,0.0,-568.7275487443432,3.548137143018849,-4.740497150722322,-199.35991809749362,187.64054206686424,273.7760945937136,51.80305301033121,-4.740497150722322,-140.39191241822732,187.64054206686424,0.0,0.0,0.0,0.0,1,1,1,1
792,0.792,51.66038833685624,-4.5433480507130435,-143.00515324489072,205.17820104054354,250.09711721015174,48.31359950921726,0.0,58.39927813052194,0.0,-546.2086888617634,3.3467888276389814,-4.5433480507130435,-201.40443137541266,205.17820104054354,287.50972011375023,51.66038833685624,-4.5433480507130435,-143.00515324489072,205.17820104054354,0.0,0.0,0.0,0.0,1,1,1,1
793,0.793,51.52092203418744,-4.333204323623428,-133.99939739489486,213.53690624306424,252.0988870067739,48.371725683003355,0.0,57.85306944166018,0.0,-521.0418730598592,3.149196351184088,-4.333204323623428,-191.85246683655504,213.53690624306424,287.06337167798097,51.52092203418744,-4.333204323623428,-133.99939739489486,213.53690624306424,0.0,0.0,0.0,0.0,1,1,1,1
794,0.794,51.396165379750364,-4.119463443692743,-113.68495573853109,212.3405165599158,240.85839020927557,48.42931823150849,0.0,57.332027568600324,0.0,-494.55345639017804,2.9668471482418752,-4.119463443692743,-171.0169833071314,212.3405165599158,272.6450138044038,51.396165379750364,-4.119463443692743,-113.68495573853107,212.3405165599158,0.0,0.0,-1.4210854715202004e-14,0.0,1,1,1,1
795,0.795,51.29703703735455,-3.9117133727042983,-82.93345035726867,201.5866150073944,217.97963331077747,48.48640298234889,0.0,56.837474112210145,0.0,-468.0940302908539,2.810634055005657,-3.9117133727042983,-139.7709244694788,201.5866150073944,245.30200707942078,51.29703703735455,-3.9117133727042983,-82.93345035726867,201.5866150073944,0.0,0.0,0.0,0.0,1,1,1,1
796,0.796,51.233316464664476,-3.7193542978065275,-43.14359484494717,181.65285892777402,186.70600133037695,48.54300640944595,0.0,56.36938008191929,0.0,-442.9730428004677,2.690310055218525,-3.7193542978065275,-99.51297492686646,181.65285892777402,207.1245840923499,51.233316464664476,-3.7193542978065275,-43.143594844947174,181.65285892777402,0.0,0.0,7.105427357601002e-15,0.0,1,1,1,1
797,0.797,51.21314554438117,-3.551222224847889,3.8206409982258194,153.28691537352614,153.33452227847417,48.59915430300647,0.0,55.92640703911882,0.0,-420.3947067723612,2.6139912413746984,-3.551222224847889,-52.105766040893,153.28691537352614,161.90086250369035,51.21314554438117,-3.551222224847889,3.8206409982258194,153.28691537352614,0.0,0.0,0.0,0.0,1,1,1,1
798,0.798,51.24260463764296,-3.4152307295078392,55.716413424773116,117.58032896753879,130.1132294773859,48.6548705126922,0.0,55.50601233234646,0.0,-401.3985279994331,2.5877341249507637,-3.4152307295078392,0.2104010924266575,117.58032896753879,117.580517215797,51.24260463764296,-3.4152307295078392,55.716413424773116,117.58032896753879,0.0,0.0,0.0,0.0,1,1,1,1
799,0.799,51.325385516756235,-3.318046458577649,110.02855280395168,75.92738966979718,133.68339812482776,48.710175825760544,0.0,55.104613804347025,0.0,-386.80755909725235,2.615209690995691,-3.318046458577649,54.92393899960466,75.92738966979718,93.71023197763154,51.325385516756235,-3.318046458577649,110.02855280395168,75.92738966979718,0.0,0.0,0.0,0.0,1,1,1,1
800,0.8,51.46257869069915,-3.264812564462165,164.0908151250162,29.970741144012923,166.80539839319852,48.76508703578534,0.0,54.717806245249776,0.0,-377.18709284136895,2.6974916549138044,-3.264812564462165,109.37300887976643,29.970741144012923,113.40502809018167,51.46257869069915,-3.264812564462165,164.0908151250162,29.970741144012923,0.0,0.0,0.0,0.0,1,1,1,1
801,0.801,51.652586752424156,-3.2589322097068156,215.21558277481643,-18.463933713440618,216.0061663871617,48.819616248484174,0.0,54.34061915240841,0.0,-372.8159711519459,2.8329705039399826,-3.2589322097068156,160.87496362240802,-18.463933713440618,161.9310679538841,51.652586752424156,-3.2589322097068156,215.21558277481643,-18.463933713440618,0.0,0.0,0.0,0.0,1,1,1,1
802,0.802,51.89116886395446,-3.301921686352061,260.8253006747072,-67.44132206014697,269.4033581699974,48.873770459651006,0.0,53.967803181256464,0.0,-373.6720316505771,3.0173984043034565,-3.301921686352061,206.85749749345072,-67.44132206014697,217.57379481562901,51.89116886395446,-3.301921686352061,260.8253006747072,-67.44132206014697,0.0,0.0,0.0,0.0,1,1,1,1
803,0.803,52.17161469964222,-3.3933396731722922,298.5788309856064,-114.99479242647652,319.95799817779164,48.927551426816436,0.0,53.594131149605886,0.0,-379.4324775767329,3.244063272825784,-3.3933396731722922,244.9846998360005,-114.99479242647652,270.63130905152804,52.17161469964222,-3.3933396731722922,298.5788309856064,-114.99479242647652,0.0,0.0,0.0,0.0,1,1,1,1
804,0.804,52.48503945107072,-3.5307958378560027,326.4861692688544,-159.20619376870894,363.2352279971902,48.98095584172726,0.0,53.21469867202915,0.0,-389.48917817323354,3.5040836093434606,-3.5307958378560027,273.2714705968252,-159.20619376870894,316.26556685240206,52.48503945107072,-3.5307958378560027,326.4861692688544,-159.20619376870894,0.0,0.0,0.0,0.0,1,1,1,1
805,0.805,52.820785216213395,-3.7100385297668286,343.00557345113805,-198.28365974623912,396.19342894715754,49.0339757958102,0.0,52.825209493855915,0.0,-402.9781270730944,3.786809420403195,-3.7100385297668286,290.1803639572821,-198.28365974623912,351.4556207385835,52.820785216213395,-3.7100385297668286,343.00557345113805,-198.28365974623912,0.0,0.0,0.0,0.0,1,1,1,1
806,0.806,53.1669085846502,-3.9251178575370287,347.11808169848445,-230.63402390762548,416.7529431520057,49.08659951624052,0.0,52.42223136678282,0.0,-418.8215474531479,4.080309068409683,-3.9251178575370287,294.69585033170165,-230.63402390762548,374.2161102712547,53.1669085846502,-3.9251178575370287,347.11808169848445,-230.63402390762548,0.0,0.0,0.0,0.0,1,1,1,1
807,0.807,53.51072978277125,-4.168617159385886,338.37558690229184,-254.92669208430132,423.65747502966906,49.138812336833574,0.0,52.00340981932967,0.0,-435.7804742885651,4.371917445937676,-4.168617159385886,286.3721770829622,-254.92669208430132,383.4014112445071,53.51072978277125,-4.168617159385886,338.37558690229184,-254.92669208430132,0.0,0.0,0.0,0.0,1,1,1,1
808,0.808,53.83941559398853,-4.4319429002578525,316.9200301554957,-270.1462004262892,416.43399851419565,49.190597856415756,0.0,51.567629345041105,0.0,-452.5151011547807,4.64881773757277,-4.4319429002578525,265.3524008104546,-270.1462004262892,378.6698644210191,53.83941559398853,-4.4319429002578525,316.9200301554957,-270.1462004262892,0.0,0.0,0.0,0.0,1,1,1,1
809,0.809,54.14056658552909,-4.7056605020063556,283.4727987047237,-275.6311938561079,395.3851067402921,49.24193922821022,0.0,51.115114243886325,0.0,-467.64978066810926,4.8986273573188726,-4.7056605020063556,232.35768446083736,-275.6311938561079,360.50332668998414,54.14056658552909,-4.7056605020063556,283.4727987047237,-275.6311938561079,0.0,0.0,0.0,0.0,1,1,1,1
810,0.81,54.40277904347095,-4.979861644077025,239.2949838939719,-271.0981673234732,361.60241376816356,49.29282051756377,0.0,50.64746446321821,0.0,-479.83933503602566,5.109958525907182,-4.979861644077025,188.64751943075368,-271.0981673234732,330.27579825582507,54.40277904347095,-4.979861644077025,239.2949838939719,-271.0981673234732,0.0,0.0,0.0,0.0,1,1,1,1
811,0.811,54.61615344624587,-5.244547250297109,186.12068757303035,-256.64899358609534,317.03251607905014,49.343228062359465,0.0,50.16762512818219,0.0,-487.8332785736194,5.2729253838864025,-5.244547250297109,135.95306244484817,-256.64899358609534,290.43405636544827,54.61615344624587,-5.244547250297109,186.12068757303035,-256.64899358609534,0.0,0.0,0.0,0.0,1,1,1,1
812,0.812,54.77272421546736,-5.490009760988851,126.06697936994576,-232.7619854608557,264.7093220178351,49.39315177084836,0.0,49.67979184960857,0.0,-490.5346801097393,5.379572444619001,-5.490009760988851,76.38718752033719,-232.7619854608557,244.97580348464368,54.77272421546736,-5.490009760988851,126.06697936994576,-232.7619854608557,0.0,0.0,0.0,0.0,1,1,1,1
813,0.8130000000000001,54.866789714139244,-5.7071984052695806,61.525326600750155,-200.2669747939019,209.50471833930212,49.44258629535791,0.0,49.18925716949883,0.0,-487.05069289137367,5.424203418781332,-5.7071984052695806,12.336069431251325,-200.2669747939019,200.64655442372788,54.866789714139244,-5.7071984052695806,61.525326600750155,-200.2669747939019,0.0,0.0,0.0,0.0,1,1,1,1
814,0.8140000000000001,54.895126787967904,-5.888052029526035,-4.9597216090504475,-160.30560155903223,160.38230803191004,49.491532027180966,0.0,48.70220647660746,0.0,-476.7322364782988,5.4035947607869375,-5.888052029526035,-53.661928085657905,-160.30560155903223,169.0487752604955,54.895126787967904,-5.888052029526035,-4.9597216090504475,-160.30560155903223,0.0,0.0,0.0,0.0,1,1,1,1
815,0.8150000000000001,54.85708027926169,-6.025785565283292,-70.81816521841023,-114.27866235410927,134.44264648669542,49.53999586753933,0.0,48.22547424012916,0.0,-459.2009043166536,5.317084411722355,-6.025785565283292,-119.04363945853939,-114.27866235410927,165.0181831344026,54.85708027926169,-6.025785565283292,-70.81816521841023,-114.27866235410927,0.0,0.0,0.0,0.0,1,1,1,1
816,0.8160000000000001,54.75452455551137,-6.115118362644087,-133.58176411133525,-63.78293850268727,148.0282099707147,49.5879917413273,0.0,47.76627333581251,0.0,-434.361860187636,5.166532814184066,-6.115118362644087,-181.34803744714776,-63.78293850268727,192.23780567299892,54.75452455551137,-6.115118362644087,-133.58176411133525,-63.78293850268727,0.0,0.0,0.0,0.0,1,1,1,1
817,0.8170000000000001,54.59170083184316,-6.152435275988113,-191.00415015504632,-10.540384239826647,191.2947596678348,49.63554083373302,0.0,47.33191147562487,0.0,-402.4022391619973,4.956159998110145,-6.152435275988113,-238.3360616306712,-10.540384239826647,238.56902140374865,54.59170083184316,-6.152435275988113,-191.00415015504632,-10.540384239826647,0.0,0.0,0.0,0.0,1,1,1,1
818,0.8180000000000001,54.3749405676934,-6.135874445212254,-241.16757505257027,43.67711562502081,245.0907784598567,49.68267154408906,0.0,46.92950923646287,0.0,-363.77534331472236,4.692269023604339,-6.135874445212254,-288.09708428903315,43.67711562502081,291.3891219746607,54.3749405676934,-6.135874445212254,-241.16757505257027,43.67711562502081,0.0,0.0,0.0,0.0,1,1,1,1
819,0.8190000000000001,54.11229113617417,-6.065339029225671,-282.57077597600704,97.12402632330996,298.79645232989924,49.729419165653866,0.0,46.56573389314815,0.0,-319.171677384905,4.382871970520306,-6.065339029225671,-329.1365098691552,97.12402632330996,343.1674789634057,54.11229113617417,-6.065339029225671,-282.57077597600704,97.12402632330996,0.0,0.0,0.0,0.0,1,1,1,1
820,0.8200000000000001,53.813064984566516,-5.942433568021574,-314.1934816670826,148.15506103447635,347.3722297942263,49.77582531370832,0.0,46.24656221576324,0.0,-269.47856404988005,4.037239670858199,-5.942433568021574,-360.4400438828458,148.15506103447635,389.7011000040893,53.813064984566516,-5.942433568021574,-314.1934816670826,148.15506103447635,0.0,0.0,0.0,0.0,1,1,1,1
821,0.8210000000000001,53.48733735998263,-5.770329020219355,-335.53435913147234,195.29340149795286,388.23036824340323,49.821937136642056,0.0,45.97708365171336,0.0,-215.73067510651492,3.6654002233405762,-5.770329020219355,-381.5114427831857,195.29340149795286,428.5912897425105,53.48733735998263,-5.770329020219355,-335.53435913147234,195.29340149795286,0.0,0.0,0.0,0.0,1,1,1,1
822,0.8220000000000001,53.14542016244505,-5.553563691794191,-346.620645999811,237.2902222529894,420.0625213110536,49.867806354956215,0.0,45.761352976606844,0.0,-159.0542815735521,3.2776138074888337,-5.553563691794191,-392.3819989764179,237.2902222529894,458.55237726742047,53.14542016244505,-5.553563691794191,-346.620645999811,237.2902222529894,0.0,0.0,0.0,0.0,1,1,1,1
823,0.8230000000000001,52.797340479447776,-5.297790095539949,-347.98924790767137,273.17291123592486,442.40248201434997,49.91348818079204,0.0,45.60229869503329,0.0,-100.60833761431908,2.8838522986557393,-5.297790095539949,-393.5915466027047,273.17291123592486,479.1009757767349,52.797340479447776,-5.297790095539949,-347.98924790767137,273.17291123592486,0.0,0.0,0.0,0.0,1,1,1,1
824,0.8240000000000001,52.45235180339376,-5.009480132367394,-340.64062096674667,302.2799085604846,455.42197550397776,49.95904017531826,0.0,45.50169035741897,0.0,-41.5256537589697,2.493311628075503,-5.009480132367394,-386.14231132416563,302.2799085604846,490.38661045557086,52.45235180339376,-5.009480132367394,-340.64062096674667,302.2799085604846,0.0,0.0,0.0,0.0,1,1,1,1
825,0.8250000000000001,52.11850387144189,-4.695602759300362,-325.968223421916,324.28070735841106,459.7969767687817,50.0045211028488,0.0,45.460164703660006,0.0,17.142622935153426,2.1139827685930896,-4.695602759300362,-371.42838812557596,324.28070735841106,493.06898571136566,52.11850387144189,-4.695602759300362,-325.968223421916,324.28070735841106,0.0,0.0,0.0,0.0,1,1,1,1
826,0.8260000000000001,51.802293612928565,-4.363289426014241,-305.6676290168157,339.1802470204993,456.59165498029915,50.04998983886393,0.0,45.47730732659516,0.0,74.47621778398903,1.7523037740646359,-4.363289426014241,-351.14493634341085,339.1802470204993,488.20692978337064,51.802293612928565,-4.363289426014241,-305.6676290168157,339.1802470204993,0.0,0.0,0.0,0.0,1,1,1,1
827,0.8270000000000001,51.508415034321345,-4.0195029730968725,-281.6304770231837,347.3076485981744,447.14463919754087,50.09550438429942,0.0,45.55178354437915,0.0,129.72599965714218,1.412910650021928,-4.0195029730968725,-327.1822605675628,347.3076485981744,477.1486502180359,51.508415034321345,-4.0195029730968725,-281.6304770231837,347.3076485981744,0.0,0.0,0.0,0.0,1,1,1,1
828,0.8280000000000001,51.23962027183293,-3.670725374345711,-255.82923221642469,349.28996157893596,432.9573573878378,50.14112103084362,0.0,45.68150954403629,0.0,182.34320732524884,1.0984992409893124,-3.670725374345711,-301.510741760461,349.28996157893596,461.42410498017756,51.23962027183293,-3.670725374345711,-255.82923221642469,349.28996157893596,0.0,0.0,0.0,0.0,1,1,1,1
829,0.8290000000000001,50.99669780421776,-3.322678688824656,-230.19919961304845,346.01227784284583,415.59134726373077,50.186893711991324,0.0,45.863852751361534,0.0,231.9961570791023,0.809804092226436,-3.322678688824656,-276.06305236441,346.01227784284583,442.6458011760077,50.99669780421776,-3.322678688824656,-230.19919961304845,346.01227784284583,0.0,0.0,0.0,0.0,1,1,1,1
830,0.8300000000000001,50.77856728371659,-2.9800919148190532,-206.52435855418673,338.5661909833013,396.5846395829767,50.232873562821226,0.0,46.09584890844064,0.0,278.5736694135732,0.5456937208953647,-2.9800919148190532,-252.62020746262738,338.5661909833013,422.42636624079483,50.77856728371659,-2.9800919148190532,-206.52435855418673,338.5661909833013,0.0,0.0,0.0,0.0,1,1,1,1
831,0.8310000000000001,50.582483967945016,-2.6465241859638846,-186.33334280892302,328.1891089405938,377.39661613423164,50.27910869856438,0.0,46.37442257785421,0.0,322.1752033871466,0.30337526938063775,-2.6465241859638846,-232.70776538677723,328.1891089405938,402.31951891317465,50.582483967945016,-2.6465241859638846,-186.33334280892302,328.1891089405938,0.0,0.0,0.0,0.0,1,1,1,1
832,0.8320000000000001,50.40433967229551,-2.324252024760885,-170.81131123243324,316.1973409186953,359.38456067143005,50.32564420874393,0.0,46.69659778124136,0.0,363.08843576704015,0.07869546355157553,-2.324252024760885,-217.5079090136746,316.1973409186953,383.78437811817537,50.40433967229551,-2.324252024760885,-170.81131123243324,316.1973409186953,0.0,0.0,0.0,0.0,1,1,1,1
833,0.833,50.23904184081747,-2.0142252970594248,-160.73255922636855,303.91615706387876,343.80224856730405,50.372522350743054,0.0,47.0596862170084,0.0,401.755726964934,-0.13348050992558314,-2.0142252970594248,-207.79224544337694,303.91615706387876,368.16117094402665,50.23904184081747,-2.0142252970594248,-160.73255922636855,303.91615706387876,0.0,0.0,0.0,0.0,1,1,1,1
834,0.834,50.08094804253752,-1.716093235190919,-156.41756377421112,292.61014882505344,331.7938417940865,50.41978291482355,0.0,47.461441943973334,0.0,438.7315381999942,-0.3388348722860286,-1.716093235190919,-203.87900571818446,292.61014882505344,356.63335257383795,50.08094804253752,-1.716093235190919,-156.41756377421112,292.61014882505344,0.0,0.0,0.0,0.0,1,1,1,1
835,0.835,49.92433017242591,-1.4282985688483507,-157.71679735264576,283.41719352584084,324.3453310180978,50.46746372253662,0.0,47.90017348217333,0.0,474.63336999214,-0.54313355011071,-1.4282985688483507,-205.61697083481909,283.41719352584084,350.14803195413043,49.92433017242591,-1.4282985688483507,-157.71679735264576,283.41719352584084,0.0,0.0,0.0,0.0,1,1,1,1
836,0.836,49.76384103544731,-1.1482345752662815,-164.02216254299537,277.28914974370525,322.1684999668152,50.51560121270379,0.0,48.37480685216547,0.0,510.08915312899796,-0.7517601772564859,-1.1482345752662815,-212.39696939516085,277.28914974370525,349.28748213160446,49.76384103544731,-1.1482345752662815,-164.02216254299537,277.28914974370525,0.0,0.0,0.0,0.0,1,1,1,1
837,0.837,49.594955904353235,-0.8724568827659566,-174.30537047011046,274.9420888876271,325.5388063144151,50.56423106413252,0.0,48.884896005294465,0.0,545.6842197773764,-0.9692751597792864,-0.8724568827659566,-223.19026647540494,274.9420888876271,354.12857451955796,49.594955904353235,-0.8724568827659566,-174.30537047011046,274.9420888876271,0.0,0.0,0.0,0.0,1,1,1,1
838,0.838,49.414363070715325,-0.5969392716330094,-187.18109548363887,276.8184177766876,334.1634314625763,50.613388802247705,0.0,49.43058022507184,0.0,581.9110036068921,-1.1990257315323802,-0.5969392716330094,-236.61167570871072,276.8184177766876,364.1613948540851,49.414363070715325,-0.5969392716330094,-187.18109548363887,276.8184177766876,0.0,0.0,0.0,0.0,1,1,1,1
839,0.839,49.22028027525444,-0.31736063303396683,-200.9913668847468,283.06268785836784,347.1628073682472,50.66311033797458,0.0,50.01249122867873,0.0,619.1244625113035,-1.442830062720141,-0.31736063303396683,-251.00385811342554,283.06268785836784,378.32184981233695,49.22028027525444,-0.31736063303396683,-200.9913668847468,283.06268785836784,0.0,0.0,0.0,0.0,1,1,1,1
840,0.84,49.0126780506612,-0.029408766301724926,-213.90648062671661,293.5122447500363,363.1878581014419,50.713432391434516,0.0,50.631615691190035,0.0,657.5058943422629,-1.7007543407733152,-0.029408766301724926,-264.53809631790665,293.5122447500363,395.1326893863722,49.0126780506612,-0.029408766301724926,-213.90648062671661,293.5122447500363,0.0,0.0,0.0,0.0,1,1,1,1
841,0.841,48.79339621099943,0.2709141143045089,-224.03679389537004,307.703176614256,380.6228184402776,50.76439276007287,0.0,51.2891215855323,0.0,697.0373428740467,-1.9709965490734405,0.2709141143045089,-275.3259154809023,307.703176614256,412.89902474321855,48.79339621099943,0.2709141143045089,-224.03679389537,307.703176614256,0.0,0.0,-2.842170943040401e-14,0.0,1,1,1,1
842,0.842,48.56614569223146,0.586999392976737,-229.54915342652936,324.8913034991042,397.8029322770049,50.81603040032984,0.0,51.98615892840635,0.0,737.4881941570276,-2.249884708098385,0.586999392976737,-281.5353123549357,324.8913034991042,429.9028857685631,48.56614569223146,0.586999392976737,-229.54915342652933,324.8913034991042,0.0,0.0,-2.842170943040401e-14,0.0,1,1,1,1
843,0.843,48.3363943622396,0.9213682029604671,-228.78143775479737,344.087245170105,413.2033138176704,50.86838530335533,0.0,52.72364712256338,0.0,778.4148755171883,-2.5319909411157298,0.9213682029604671,-281.50508487736073,344.087245170105,444.5684931487633,48.3363943622396,0.9213682029604671,-228.78143775479737,344.087245170105,0.0,0.0,0.0,0.0,1,1,1,1
844,0.844,48.111141925518325,1.2754490338081936,-220.34877920463532,364.10394457175425,425.5881423978871,50.92149815791565,0.0,53.50206199808056,0.0,819.1738287954632,-2.810356232397325,1.2754490338081936,-273.85084120271586,364.10394457175425,455.5940799441386,48.111141925518325,1.2754490338081936,-220.3487792046353,364.10394457175425,0.0,0.0,-2.842170943040401e-14,0.0,1,1,1,1
845,0.845,47.8985952917949,1.6494081915627983,-203.23546889553262,383.6144382986947,434.1252043920165,50.97540980682813,0.0,54.32123582687603,0.0,858.9471770291167,-3.0768145150332344,1.6494081915627983,-257.55670472240865,383.6144382986947,462.05572544736316,47.8985952917949,1.6494081915627983,-203.23546889553262,383.6144382986947,0.0,0.0,0.0,0.0,1,1,1,1
846,0.846,47.70776141756983,2.042042047983982,-176.8673138132841,401.2171813234629,438.4715193540753,51.03016051624352,0.0,55.18018300390514,0.0,896.7797813922992,-3.322399098673692,2.042042047983982,-232.04749681718926,401.2171813234629,463.4881523494079,47.70776141756983,2.042042047983982,-176.8673138132841,401.2171813234629,0.0,0.0,0.0,0.0,1,1,1,1
847,0.847,47.54797935589862,2.4507371309747277,-141.1602677547815,415.50587305637094,438.82952468690917,51.08578908913812,0.0,56.07696278529744,0.0,931.6257329668219,-3.5378097332394987,2.4507371309747277,-197.23723054007894,415.50587305637094,459.94310045423805,47.54797935589862,2.4507371309747277,-141.1602677547815,415.50587305637094,0.0,0.0,0.0,0.0,1,1,1,1
848,0.848,47.428416802968755,2.871500933416047,-96.54244075691825,425.1405122576582,435.96433114419705,51.142331864789895,0.0,57.00858851826426,0.0,962.4017781222535,-3.7139150618211403,2.871500933416047,-153.55102927518251,425.1405122576582,452.02032449235287,47.428416802968755,2.871500933416047,-96.54244075691825,425.1405122576582,0.0,0.0,0.0,0.0,1,1,1,1
849,0.849,47.35755861393504,3.299062997958504,-43.94803504133543,428.91633959037677,431.16198365765257,51.19982165419722,0.0,57.97099029638652,0.0,988.0447674337585,-3.842263040262182,3.299062997958504,-101.91902533772195,428.91633959037677,440.8590637532573,47.35755861393504,3.299062997958504,-43.94803504133543,428.91633959037677,0.0,0.0,0.0,0.0,1,1,1,1
850,0.85,47.34271545297267,3.7270425240072136,15.21671862935817,425.82741198622256,426.0992059658515,51.25828666687733,0.0,58.959035063820274,0.0,1007.5699691258284,-3.915571213904663,3.7270425240072136,-43.742316434462104,425.82741198622256,428.0681897150695,47.34271545297267,3.7270425240072136,15.21671862935817,425.82741198622256,0.0,0.0,0.0,0.0,1,1,1,1
851,0.851,47.38957990230104,4.148175592982563,79.13402467045104,415.1217887174342,422.59708154281617,51.31774948692572,0.0,59.9666050329461,0.0,1020.1270131710057,-3.9281695846246834,4.148175592982563,19.167419637504942,415.1217887174342,415.5640617805181,47.38957990230104,4.148175592982563,79.13402467045104,415.1217887174342,0.0,0.0,0.0,0.0,1,1,1,1
852,0.852,47.50185502381766,4.554592264504791,145.6583443081232,396.34568445064133,422.26325301786693,51.378226155465256,0.0,60.986732046117105,0.0,1025.0503359722877,-3.876371131647595,4.554592264504791,84.67161226200608,396.34568445064133,405.2890123179937,47.50185502381766,4.554592264504791,145.6583443081232,396.34568445064133,0.0,0.0,0.0,0.0,1,1,1,1
853,0.853,47.68097666762067,4.938131391057339,212.41925156910997,369.3744425145782,426.097896286917,51.43972541267936,0.0,62.01178238208939,0.0,1021.9012727323498,-3.758748745058689,4.938131391057339,150.40746918702058,369.3744425145782,398.823125671268,47.68097666762067,4.938131391057339,212.41925156910997,369.3744425145782,0.0,0.0,0.0,0.0,1,1,1,1
854,0.854,47.925945951032254,5.290679143577559,276.937949520153,334.4287794248805,434.2087474844814,51.50224814569781,0.0,63.03368365482174,0.0,1010.4993802939836,-3.5763021946655584,5.290679143577559,213.90426586533124,334.4287794248805,396.9856967990178,47.925945951032254,5.290679143577559,276.937949520153,334.4287794248805,0.0,0.0,0.0,0.0,1,1,1,1
855,0.855,48.233282550358226,5.604516021834571,336.75131008808114,292.0754220648373,445.76843430237614,51.565787079042785,0.0,64.04418303511572,0.0,990.9411437791388,-3.3325045286845594,5.604516021834571,272.7071270529654,292.0754220648373,399.59633296595086,48.233282550358226,5.604516021834571,336.75131008808114,292.0754220648373,0.0,0.0,0.0,0.0,1,1,1,1
856,0.856,48.597103065714286,5.872656598826055,389.5368678033652,243.21197116811277,459.22873853618455,51.63032673264979,0.0,65.03512417889486,0.0,963.6048946298572,-3.0332236669355055,5.872656598826055,324.50174362447035,243.21197116811277,405.52859891110074,48.597103065714286,5.872656598826055,389.5368678033652,243.21197116811277,0.0,0.0,0.0,0.0,1,1,1,1
857,0.857,49.00932207983753,6.0891664434512744,433.232118174267,189.0365462962504,472.67841504915,51.69584365927601,0.0,65.99872907352471,0.0,929.1415087607568,-2.6865215794384767,6.0891664434512744,367.2333891007423,189.0365462962504,413.0316911642878,49.00932207983753,6.0891664434512744,433.232118174267,189.0365462962504,0.0,0.0,0.0,0.0,1,1,1,1
858,0.858,49.45996699218847,6.249441573151901,466.1417497921376,131.00346531177118,484.2004118368429,51.76230695910392,0.0,66.92787058228546,0.0,888.4512208256001,-2.302339966915447,6.249441573151901,399.21387920985217,131.00346531177118,420.15905235692696,49.45996699218847,6.249441573151901,466.1417497921376,131.00346531177118,0.0,0.0,0.0,0.0,1,1,1,1
859,0.859,49.93759162211897,6.350437368182304,487.0270610093306,70.76685344592275,492.1415504730554,51.829679055296616,0.0,67.81632180311107,0.0,842.6476419368248,-1.8920874331776432,6.350437368182304,419.21073920621956,70.76685344592275,425.14184857816775,49.93759162211897,6.350437368182304,487.0270610093306,70.76685344592275,0.0,0.0,0.0,0.0,1,1,1,1
860,0.86,50.429768267648214,6.39083606097258,495.1727438704306,10.114634010410871,495.27603625991804,51.897916700920696,0.0,68.65896944504789,0.0,793.010762244083,-1.4681484332724821,6.39083606097258,426.51377442538273,10.114634010410871,426.63369017899987,50.429768267648214,6.39083606097258,495.1727438704306,10.114634010410871,0.0,0.0,0.0,0.0,1,1,1,1
861,0.861,50.92363366583399,6.371144599386381,490.4274098939192,-49.10420095137114,492.8795663509808,51.96697217574686,0.0,69.45198020729197,0.0,740.9313183803372,-1.0433385099128714,6.371144599386381,420.97542968662725,-49.10420095137114,423.8296060339734,50.92363366583399,6.371144599386381,490.4274098939192,-49.10420095137114,0.0,0.0,0.0,0.0,1,1,1,1
862,0.862,51.406461355923604,6.293717750126685,473.21562020904554,-105.05582673692837,484.7367841841706,52.03679462161334,0.0,70.1929115256723,0.0,687.8493759607992,-0.6303332656897354,6.293717750126685,403.02270868337325,-105.05582673692837,416.49013247118194,51.406461355923604,6.293717750126685,473.21562020904554,-105.05582673692837,0.0,0.0,0.0,0.0,1,1,1,1
863,0.863,51.866231456790096,6.162704619119558,444.52069176629425,-155.9979461138501,471.09872065218394,52.107331457826994,0.0,70.8807609016331,0.0,635.1902931744686,-0.241100001036898,6.162704619119558,373.63993086466115,-155.9979461138501,404.89771193264164,51.866231456790096,6.162704619119558,444.52069176629425,-155.9979461138501,0.0,0.0,0.0,0.0,1,1,1,1
864,0.864,52.29216891665463,5.983920169201146,405.8391006184037,-200.3528750611893,452.59987863016414,52.178529813875215,0.0,71.51595119480757,0.0,584.3013756482012,0.11363910277941613,5.983920169201146,334.3231494235961,-200.3528750611893,389.7604941317125,52.29216891665463,5.983920169201146,405.8391006184037,-200.3528750611893,0.0,0.0,0.0,0.0,1,1,1,1
865,0.865,52.675222874122454,5.764646657289478,359.1088092121807,-236.77409427531038,430.14080087069624,52.25033791575785,0.0,72.10025257045577,0.0,536.392497271701,0.4248849583646077,5.764646657289478,287.0085566417249,-236.77409427531038,372.06972909047545,52.675222874122454,5.764646657289478,359.1088092121807,-236.77409427531038,0.0,0.0,0.0,0.0,1,1,1,1
866,0.866,53.008462800878384,5.513373041609499,306.61522619423226,-264.2032933195631,404.7422354227976,52.32270636457694,0.0,72.63664506772747,0.0,492.4837485491119,0.6857564363014461,5.513373041609499,233.9785811265048,-264.2032933195631,352.91550919005454,53.008462800878384,5.513373041609499,306.61522619423226,-264.2032933195631,0.0,0.0,0.0,0.0,1,1,1,1
867,0.867,53.28737141572781,5.2394831822879055,250.87969011300413,-281.9153561348642,377.3816197641909,52.395589251518935,0.0,73.12912881627658,0.0,453.3627951010132,0.8917821642088768,5.2394831822879055,177.75056129672754,-281.9153561348642,333.2739564771736,53.28737141572781,5.2394831822879055,250.87969011300413,-281.9153561348642,0.0,0.0,0.0,0.0,1,1,1,1
868,0.868,53.51001973552633,4.952905949757348,194.5362890544533,-289.5492743739529,348.8311196690463,52.46894506173276,0.0,73.58249161137759,0.0,419.5541051491142,1.0410746737935668,4.952905949757348,120.95379744307571,-289.5492743739529,313.7970736102924,53.51001973552633,4.952905949757348,194.5362890544533,-289.5492743739529,0.0,0.0,0.0,0.0,1,1,1,1
869,0.869,53.67711577271454,4.663742060846257,140.20343733661926,-287.12360417146556,319.52616154771385,52.54273733039671,0.0,74.00204571652671,0.0,391.3015651377972,1.134378442317825,4.663742060846257,66.20139162009255,-287.12360417146556,294.6567296445973,53.67711577271454,4.663742060846257,140.20343733661926,-287.12360417146556,0.0,0.0,0.0,0.0,1,1,1,1
870,0.87,53.79192497236286,4.381883504830425,90.35689543295317,-275.03577383119057,289.49791957664127,52.61693502689581,0.0,74.3933472816645,0.0,368.56528242727916,1.174989945467047,4.381883504830425,15.963548151288663,-275.03577383119057,275.4986601718787,53.79192497236286,4.381883504830425,90.35689543295317,-275.03577383119057,0.0,0.0,0.0,0.0,1,1,1,1
871,0.871,53.86006715126364,4.116641753954117,47.21082643332786,-254.04527295362007,258.3947809894719,52.69151265681869,0.0,74.76191256409179,0.0,351.03261299260913,1.1685544944449546,4.116641753954117,-27.551086130763927,-254.04527295362007,255.53485683378716,53.86006715126364,4.116641753954117,47.21082643332786,-254.04527295362007,0.0,0.0,0.0,0.0,1,1,1,1
872,0.872,53.88920110091019,3.876400560248166,12.613037079445789,-225.24147477662973,225.594349804951,52.76645008568928,0.0,75.1129451770844,0.0,338.142692239388,1.1227510152209135,3.876400560248166,-62.49990809763861,-225.24147477662973,233.75192078732616,53.88920110091019,3.876400560248166,12.613037079445789,-225.24147477662973,0.0,0.0,0.0,0.0,1,1,1,1
873,0.873,53.888613803484795,3.6683080411793405,-12.040221732716617,-189.99753009100314,190.3786447584251,52.84173210221248,0.0,75.45108786932379,0.0,329.123030218873,1.0468817012723122,3.6683080411793405,-87.4913096020404,-189.99753009100314,209.17406793520493,53.888613803484795,3.6683080411793405,-12.040221732716617,-189.99753009100314,0.0,0.0,0.0,0.0,1,1,1,1
874,0.874,53.86873607709793,3.4980210012443425,-25.865578866427214,-149.9123917544223,152.1274247847072,52.917347751596914,0.0,75.78021089954265,0.0,323.0360980364555,0.9513883255010143,3.4980210012443425,-101.64578976596987,-149.9123917544223,181.12313982117007,53.86873607709793,3.4980210012443425,-25.865578866427214,-149.9123917544223,0.0,0.0,0.0,0.0,1,1,1,1
875,0.875,53.840610155499235,3.369512105428486,-28.526961927792925,-106.7435553349481,110.48970161229903,52.99328948054548,0.0,76.1032469975791,0.0,318.8333147757249,0.8473206749537567,3.369512105428486,-104.63020892537203,-106.7435553349481,149.47129231164132,53.840610155499235,3.369512105428486,-28.526961927792925,-106.7435553349481,0.0,0.0,0.0,0.0,1,1,1,1
876,0.876,53.81533702439849,3.284947719991564,-20.241526847861635,-62.3335098718906,65.537667505655,53.06955214420044,0.0,76.42208031235484,0.0,315.41347188314,0.7457848801980447,3.284947719991564,-96.66360716021647,-62.3335098718906,115.01877847627202,53.81533702439849,3.284947719991564,-20.241526847861635,-62.3335098718906,0.0,0.0,0.0,0.0,1,1,1,1
877,0.877,53.80353216192683,3.2446410941007917,-1.7570382261285005,-18.53316468178646,18.6162664476606,53.14613193124874,0.0,76.73749378423797,0.0,311.68242459224444,0.6574002306780926,3.2446410941007917,-78.49453201036647,-18.53316468178646,80.65277272759235,53.80353216192683,3.2446410941007917,-1.7570382261285005,-18.53316468178646,0.0,0.0,0.0,0.0,1,1,1,1
878,0.878,53.81481762597808,3.2470822155647436,25.69783753882558,22.874358634431783,34.40370818834035,53.22302526624527,0.0,77.04917620883022,0.0,306.6108482643494,0.591792359732807,3.2470822155647436,-51.35133867000464,22.874358634431783,56.21562297207172,53.81481762597808,3.2470822155647436,25.69783753882558,22.874358634431783,0.0,0.0,0.0,0.0,1,1,1,1
879,0.879,53.857376240297086,3.289042287312402,60.487427448560936,60.24621067137604,85.37174462083311,53.30022774787824,0.0,77.35578705709457,0.0,299.2870022930874,0.5571484924188468,3.289042287312402,-16.868359608533638,60.24621067137604,62.563147748036414,53.857376240297086,3.289042287312402,60.487427448560936,60.24621067137604,0.0,0.0,0.0,0.0,1,1,1,1
880,0.88,53.9375900785467,3.3657474921136954,100.6629621654215,92.14540008142697,136.46906868621667,53.37773317843648,0.0,77.65507405938766,0.0,288.9617564016881,0.5598569001102192,3.3657474921136954,23.007888106033846,92.14540008142697,94.97440534831485,53.9375900785467,3.3657474921136954,100.6629621654215,92.14540008142697,0.0,0.0,0.0,0.0,1,1,1,1
881,0.881,54.05978072881421,3.471113689936577,144.07128464643546,117.39663258245609,185.84537767018693,53.45553273337406,0.0,77.94403581578935,0.0,275.08359535321,0.6042479954401472,3.471113689936577,66.12724883064611,117.39663258245609,134.73968375950116,54.05978072881421,3.471113689936577,144.07128464643546,117.39663258245609,0.0,0.0,0.0,0.0,1,1,1,1
882,0.882,54.22606320017837,3.5980310618207536,188.47238381474443,135.13001011770135,231.90937690232022,53.53361431098753,0.0,78.21911941114256,0.0,257.32190161293096,0.6924488891908425,3.5980310618207536,110.25326440360188,135.13001011770135,174.40155373751867,54.22606320017837,3.5980310618207536,188.47238381474443,135.13001011770135,0.0,0.0,0.0,0.0,1,1,1,1
883,0.883,54.43631911628357,3.7386855944695325,231.65935015607042,144.8107596329507,273.19628588288873,53.61196209134948,0.0,78.47644131275548,0.0,235.57748791002044,0.8243570249340877,3.7386855944695325,153.18290884331492,144.8107596329507,210.7964887448829,54.43631911628357,3.7386855944695325,231.6593501560704,144.8107596329507,0.0,0.0,2.842170943040401e-14,0.0,1,1,1,1
884,0.884,54.688288367896966,3.8849027854639857,271.5742694509358,146.25380455247796,308.4521991717418,53.6905563214062,0.0,78.7120188006655,0.0,209.9800746532222,0.9977320464907677,3.8849027854639857,192.86225065027028,146.25380455247796,242.04549793780942,54.688288367896966,3.8849027854639857,271.5742694509358,146.25380455247796,0.0,0.0,0.0,0.0,1,1,1,1
885,0.885,54.97777201945588,4.0284981066273,306.41384245070077,139.62268706354428,336.72531474222023,53.76937333024419,0.0,78.92199887531872,0.0,180.8731398013362,1.208398689211684,4.0284981066273,227.49184357538206,139.62268706354428,266.92139973439845,54.97777201945588,4.0284981066273,306.41384245070077,139.62268706354428,0.0,0.0,0.0,0.0,1,1,1,1
886,0.886,55.29893332948516,4.161618628122448,334.71912615135784,125.41306369868953,357.4427645901091,53.84838576568941,0.0,79.10287201512006,0.0,148.7872697672132,1.4505475637957517,4.161618628122448,255.61625413623779,125.41306369868953,284.7246141887513,55.29893332948516,4.161618628122448,334.71912615135784,125.41306369868953,0.0,0.0,0.0,0.0,1,1,1,1
887,0.887,55.644678572024986,4.277060781267828,355.4447020920364,104.42169754308819,370.4656895895714,53.92756303133941,0.0,79.25165928488727,0.0,114.40376993474982,1.717115540685576,4.277060781267828,276.19304280714914,104.42169754308819,295.27358129851694,55.644678572024986,4.277060781267828,355.44470209203644,104.42169754308819,0.0,0.0,-5.684341886080802e-14,0.0,1,1,1,1
888,0.888,56.007095213692686,4.368550494036292,368.00373809083646,77.7025254864198,376.1175796420538,54.00687189250926,0.0,79.36606305482202,0.0,78.51081730545619,2.0002233211834266,4.368550494036292,288.63767503601446,77.7025254864198,298.91368305442893,56.007095213692686,4.368550494036292,368.00373809083646,77.7025254864198,0.0,0.0,0.0,0.0,1,1,1,1
889,0.889,56.37792212875712,4.43097380876258,372.28675771756434,46.51195825631958,375.18101262283255,54.08627721097273,0.0,79.44457387212748,0.0,41.954826780778035,2.2916449177843887,4.43097380876258,292.84218384543686,46.51195825631958,296.5129118608535,56.37792212875712,4.43097380876258,372.28675771756434,46.51195825631958,0.0,0.0,0.0,0.0,1,1,1,1
890,0.89,56.749025073026,4.4605484973652825,368.65339222274997,12.246048047443088,368.85673274337967,54.165742762258255,0.0,79.48652869890826,0.0,5.589935569391636,2.5832823107677427,4.4605484973652825,289.1668635238417,12.246048047443088,289.42605386004277,56.749025073026,4.4605484973652825,368.65339222274997,12.246048047443088,0.0,0.0,0.0,0.0,1,1,1,1
891,0.891,57.11285065911121,4.454930011863804,357.8978822529029,-23.62748828625989,358.67694702033765,54.24523208592495,0.0,79.49211863447765,0.0,-29.771424877766414,2.867618573186263,4.454930011863804,278.4057636184252,-23.62748828625989,279.4065629484673,57.11285065911121,4.454930011863804,357.8978822529029,-23.62748828625989,0.0,0.0,0.0,0.0,1,1,1,1
892,0.892,57.46283357192818,4.413248214750826,341.1905395776878,-59.63918917958322,346.3637065041773,54.324709318846985,0.0,79.46234720959988,0.0,-63.40400557077315,3.1381242530811946,4.413248214750826,261.7281923680879,-59.63918917958322,268.43710541999394,57.46283357192818,4.413248214750826,341.1905395776878,-59.63918917958322,0.0,0.0,0.0,0.0,1,1,1,1
893,0.893,57.79373464446644,4.336074579778611,319.9986932562281,-94.38644603232669,333.6284833168578,54.4041399640538,0.0,79.39894320402911,0.0,-94.70867020271514,3.3895946804126424,4.336074579778611,240.59975005219897,-94.38644603232669,258.4512350904788,57.79373464446644,4.336074579778611,319.9986932562281,-94.38644603232669,0.0,0.0,0.0,0.0,1,1,1,1
894,0.894,58.10189151460945,4.2253227879100015,295.9917584491065,-126.5976007493078,321.92867779257466,54.48349155292272,0.0,79.30423453382639,0.0,-123.24259900507366,3.618399961686727,4.2253227879100015,216.6875239152801,-126.5976007493078,250.95903158885562,58.10189151460945,4.2253227879100015,295.9917584491065,-126.5976007493078,0.0,0.0,0.0,0.0,1,1,1,1
895,0.895,58.38536867230054,4.0840887156234835,270.9359188870908,-155.1885998954666,312.233524274232,54.56273416615705,0.0,79.18099193482132,0.0,-148.73912318233067,3.822634506143487,4.0840887156234835,191.75492695226947,-155.1885998954666,246.6849276870912,58.38536867230054,4.0840887156234835,270.9359188870908,-155.1885998954666,0.0,0.0,0.0,0.0,1,1,1,1
896,0.896,58.64399949731617,3.9164385815317995,246.58445976630873,-179.3096324859066,304.8866020350406,54.64184078853028,0.0,79.032252811639,0.0,-171.1161735469334,4.002158708785892,3.9164385815317995,167.5522069546697,-179.3096324859066,245.40922223423343,58.64399949731617,3.9164385815317995,246.58445976630873,-179.3096324859066,0.0,0.0,0.0,0.0,1,1,1,1
897,0.897,58.87931905823272,3.7271563550850906,224.56999746944277,-198.3796666535262,299.6434145863875,54.720787483255144,0.0,78.86113663809206,0.0,-190.4730067674922,4.158531574977573,3.7271563550850906,145.7088608313507,-198.3796666535262,246.1413501757356,58.87931905823272,3.7271563550850906,224.56999746944277,-198.3796666535262,0.0,0.0,0.0,0.0,1,1,1,1
898,0.898,59.09439264988273,3.5214633311820367,206.30471549168465,-212.10738346725543,295.8904827050547,54.79955338338985,0.0,78.67066363132457,0.0,-207.07556598485547,4.294839266492879,3.5214633311820367,127.63405186036007,-212.10738346725543,247.54796164706835,59.09439264988273,3.5214633311820367,206.30471549168465,-212.10738346725543,0.0,0.0,0.0,0.0,1,1,1,1
899,0.899,59.29355094574816,3.304723955446577,192.89424086458706,-220.497656500526,292.9631456018816,54.87812050923818,0.0,78.46358806533972,0.0,-221.33149932999044,4.415430436509979,3.304723955446577,114.43065279924734,-220.497656500526,248.42220275628716,59.29355094574816,3.304723955446577,192.89424086458706,-220.497656500526,0.0,0.0,0.0,0.0,1,1,1,1
900,0.9,59.48204790735776,3.0821524945399985,185.07000941234816,-223.8434127859943,290.44238986685065,54.95647343155385,0.0,78.24225656600973,0.0,-233.75646175138291,4.525574475803907,3.0821524945399985,106.82775284633843,-223.8434127859943,248.0283093235113,59.48204790735776,3.0821524945399985,185.07000941234816,-223.8434127859943,0.0,0.0,0.0,0.0,1,1,1,1
901,0.901,59.665661934773404,2.8585349634992543,183.14391561262482,-222.70340230852133,288.3374745427922,55.03459880988898,0.0,78.00850010425835,0.0,-244.93382815911852,4.63106312488442,2.8585349634992543,105.13541550836648,-222.70340230852133,246.2727370090079,59.665661934773404,2.8585349634992543,183.14391561262482,-222.70340230852133,0.0,0.0,0.0,0.0,1,1,1,1
902,0.902,59.850263922408615,2.6379798594784165,186.98778254759276,-217.86706681687767,287.1071047979406,55.112484843079166,0.0,77.76356627609923,0.0,-255.47032078911346,4.737779079329449,2.6379798594784165,109.22421627149353,-217.86706681687767,243.7129217409529,59.850263922408615,2.6379798594784165,186.98778254759276,-217.86706681687767,0.0,0.0,0.0,0.0,1,1,1,1
903,0.903,60.04137772931789,2.423709751980253,196.03878964031662,-210.30830348538555,287.5078947760241,55.190120674194866,0.0,77.50809595531011,0.0,-265.9502800081551,4.851257055123021,2.423709751980253,118.53069368500651,-210.30830348538555,241.41066227561257,60.04137772931789,2.423709751980253,196.03878964031662,-210.30830348538555,0.0,0.0,0.0,0.0,1,1,1,1
904,0.904,60.24375898360895,2.217903716954021,209.33053824383416,-201.13043666387293,290.297652064314,55.26749579501017,0.0,77.24214567530196,0.0,-276.8913733641642,4.976263188598779,2.217903716954021,132.08839256853219,-201.13043666387293,240.62584234437261,60.24375898360895,2.217903716954021,209.33053824383416,-201.13043666387293,0.0,0.0,0.0,0.0,1,1,1,1
905,0.905,60.46101709725853,2.02159807545143,225.54799850029025,-191.50511759073666,295.88191849271357,55.34459949499879,0.0,76.96525430193779,0.0,-288.7044397590822,5.116417602259737,2.02159807545143,148.58274419835246,-191.50511759073666,242.38614221311192,60.46101709725853,2.02159807545143,225.54799850029025,-191.50511759073666,0.0,0.0,0.0,0.0,1,1,1,1
906,0.906,60.695302931373156,1.8346500278149265,243.10324470776385,-182.60814874262704,304.0475679472742,55.42142039708085,0.0,76.6765498621787,0.0,-301.6599108929964,5.273882534292305,1.8346500278149265,166.42669484558513,-182.60814874262704,247.0699915903081,60.695302931373156,1.8346500278149265,243.10324470776385,-182.60814874262704,0.0,0.0,0.0,0.0,1,1,1,1
907,0.907,60.94708086084279,1.6557656983100755,260.22772450227006,-175.555363819601,313.90787560279824,55.497946116987585,0.0,76.37488995128571,0.0,-315.8628563480171,5.449134743855204,1.6557656983100755,183.85283455098437,-175.555363819601,254.20769173702064,60.94708086084279,1.6557656983100755,260.22772450227006,-175.555363819601,0.0,0.0,0.0,0.0,1,1,1,1
908,0.908,61.21499924860775,1.4825909687197931,275.0758834772456,-171.34168029834848,324.07516578449616,55.5741630755107,0.0,76.05902709493769,0.0,-331.23818567385536,5.64083617309705,1.4825909687197931,199.01685638230794,-171.34168029834848,262.613176614879,61.21499924860775,1.4825909687197931,275.0758834772456,-171.34168029834848,0.0,0.0,0.0,0.0,1,1,1,1
909,0.909,61.4958678182222,1.3118604311327944,285.8343321089205,-170.78628009543058,332.97029729540066,55.65005648351279,0.0,75.72778890926384,0.0,-347.5269410699213,5.84581133470941,1.3118604311327944,210.10654319965664,-170.78628009543058,270.7632045979366,61.4958678182222,1.3118604311327944,285.8343321089205,-170.78628009543058,0.0,0.0,0.0,0.0,1,1,1,1
910,0.91,61.78474441671406,1.1395969738771083,290.8304306276382,-174.4865731599025,339.15763826301105,55.72561050895152,0.0,75.38026196819392,0.0,-364.2939630269699,6.0591339077625435,1.1395969738771083,215.45016865944427,-174.4865731599025,277.2441872942857,61.78474441671406,1.1395969738771083,290.8304306276382,-174.4865731599025,0.0,0.0,0.0,0.0,1,1,1,1
911,0.911,62.07512752129527,0.9613520628572639,288.63419638559685,-182.78317329314777,341.6421925966876,55.800808623938195,0.0,75.01596800516695,0.0,-380.94654663788367,6.274318897357077,0.9613520628572639,213.6182283804299,-182.78317329314777,281.1448664576794,62.07512752129527,0.9613520628572639,288.63419638559685,-182.78317329314777,0.0,0.0,0.0,0.0,1,1,1,1
912,0.912,62.35924490386025,0.7724748085114777,278.147805063979,-195.7375855523104,340.11675033693547,55.87563411867004,0.0,74.63502145852907,0.0,-396.7630667729649,6.4836107851902085,0.7724748085114777,203.5127836054499,-195.7375855523104,282.36617270609224,62.35924490386025,0.7724748085114777,278.147805063979,-195.7375855523104,0.0,0.0,0.0,0.0,1,1,1,1
913,0.913,62.62842345534635,0.568396508363537,258.6776407693391,-213.12369548956812,335.165379198272,55.95007075859518,0.0,74.2382583917561,0.0,-410.9299727732261,6.678352696751169,0.568396508363537,184.439382377583,-213.12369548956812,281.85030663626117,62.62842345534635,0.568396508363537,258.6776407693391,-213.12369548956812,0.0,0.0,0.0,0.0,1,1,1,1
914,0.914,62.87352058697604,0.34491659164878485,229.98481220886973,-234.43349114925215,328.40839760757575,56.024103552000554,0.0,73.82732841898287,0.0,-422.58507072188814,6.849417034975488,0.34491659164878485,156.15748378988684,-234.43349114925215,281.68106346720447,62.87352058697604,0.34491659164878485,229.9848122088697,-234.43349114925215,0.0,0.0,2.842170943040401e-14,0.0,1,1,1,1
915,0.915,63.085394119841304,0.0984758004807115,192.3112388811099,-258.89677043465457,322.5075973391659,56.09771958788418,0.0,73.40474334826098,0.0,-430.8646509403525,6.987674531957126,0.0984758004807115,118.90649553284891,-258.89677043465457,284.8969856305918,63.085394119841304,0.0984758004807115,192.3112388811099,-258.89677043465457,0.0,0.0,0.0,0.0,1,1,1,1
916,0.916,63.25538534063779,-0.17359697555832965,146.3797564204345,-285.51392124147696,320.8507944705608,56.17090889890697,0.0,72.97387869732063,0.0,-434.9518000664502,7.084476441730814,-0.17359697555832965,73.40587772311386,-285.51392124147696,294.7992912253777,63.25538534063779,-0.17359697555832965,146.3797564204345,-285.51392124147696,0.0,0.0,0.0,0.0,1,1,1,1
917,0.917,63.37578906122752,-0.472876566582468,93.36811911187064,-313.1002410237767,326.72521573278595,56.24366530170426,0.0,72.53892689725419,0.0,-434.1231724702784,7.13212375952326,-0.472876566582468,20.829192214616455,-313.1002410237767,313.79231376415277,63.37578906122752,-0.472876566582468,93.36811911187064,-313.1002410237767,0.0,0.0,0.0,0.0,1,1,1,1
918,0.918,63.4402851173532,-0.7996826323784877,34.85821091607821,-340.3397154287066,342.12017883539517,56.31598716701528,0.0,72.1048037247839,0.0,-427.7915874192761,7.124297950337919,-0.7996826323784877,-37.2465928087057,-340.3397154287066,342.37177245495945,63.4402851173532,-0.7996826323784877,34.85821091607821,-340.3397154287066,0.0,0.0,0.0,0.0,1,1,1,1
919,0.919,63.44430774187211,-1.1529782428219488,-27.236865156675535,-365.84572797640243,366.85820626251063,56.38787807494636,0.0,71.67701213736463,0.0,-415.542059833364,7.056429666925752,-1.1529782428219488,-98.91387729404016,-365.84572797640243,378.98159823390404,63.44430774187211,-1.1529782428219488,-27.236865156675535,-365.84572797640243,0.0,0.0,0.0,0.0,1,1,1,1
920,0.92,63.385332537507104,-1.5303314538980324,-90.76394070939659,-388.22584538012467,398.69461992132693,56.45934731605381,0.0,71.26147007753126,0.0,-397.1592485876111,6.9259852214532955,-1.5303314538980324,-162.02541078692786,-388.22584538012467,420.6798554266477,63.385332537507104,-1.5303314538980324,-90.7639407093966,-388.22584538012467,0.0,0.0,1.4210854715202004e-14,0.0,1,1,1,1
921,0.921,63.26306516954249,-1.9279424413672313,-153.43430736458077,-406.1476311673072,434.1635463500634,56.53041020650704,0.0,70.86431082894364,0.0,-372.6447943976299,6.732654963035451,-1.9279424413672313,-224.29861819352442,-406.1476311673072,463.9674217295213,63.26306516954249,-1.9279424413672313,-153.43430736458077,-406.1476311673072,0.0,0.0,0.0,0.0,1,1,1,1
922,0.922,63.07952115578957,-2.340735670693402,-212.93602021095572,-418.4023924925208,469.4702447937952,56.60108819493879,0.0,70.49166603454601,0.0,-342.2235903906237,6.478432960850782,-2.340735670693402,-283.4276862455017,-418.4023924925208,505.3630530360762,63.07952115578957,-2.340735670693402,-212.9360202109557,-418.4023924925208,0.0,0.0,-2.842170943040401e-14,0.0,1,1,1,1
923,0.923,62.83899195837385,-2.76251352381164,-267.0479724419454,-423.96386329720565,501.0588557916582,56.67140874917814,0.0,70.1494424441554,0.0,-306.3386490552518,6.167583209195712,-2.76251352381164,-337.1974148861008,-423.96386329720565,541.7079046753526,62.83899195837385,-2.76251352381164,-267.0479724419454,-423.96386329720565,0.0,0.0,0.0,0.0,1,1,1,1
924,0.924,62.54789865784331,-3.186164914730175,-313.7496521399996,-422.03906621182773,525.8857457917283,56.74140502229777,0.0,69.84310379510015,0.0,-265.6348634053258,5.806493635545543,-3.186164914730175,-383.5927559350998,-422.03906621182773,570.3160315253609,62.54789865784331,-3.186164914730175,-313.7496521399996,-422.03906621182773,0.0,0.0,0.0,0.0,1,1,1,1
925,0.925,62.214540480643116,-3.603919842487301,-351.32074413649923,-412.10896408998036,541.5349144274451,56.811115308661165,0.0,69.57746893169482,0.0,-220.9325715301969,5.403425171981951,-3.603919842487301,-420.8982130681941,-412.10896408998036,589.0578104458981,62.214540480643116,-3.603919842487301,-351.32074413649923,-412.10896408998036,0.0,0.0,0.0,0.0,1,1,1,1
926,0.926,61.848751028125925,-4.0076386724397,-378.42531067190714,-393.956991991696,546.267175744868,56.880582311307094,0.0,69.35653636016463,0.0,-173.19238761543497,4.96816871681883,-4.0076386724397,-447.78184703207177,-393.956991991696,596.4148674124405,61.848751028125925,-4.0076386724397,-378.42531067190714,-393.956991991696,0.0,0.0,0.0,0.0,1,1,1,1
927,0.927,61.461479915247224,-4.3891233055452235,-394.17614118688687,-367.68412874576507,539.0421586597072,56.94985225147345,0.0,69.1833439725492,0.0,-123.47322810207659,4.511627663773773,-4.3891233055452235,-463.3594851594361,-367.68412874576507,591.5180732815778,61.461479915247224,-4.3891233055452235,-394.17614118688687,-367.68412874576507,0.0,0.0,0.0,0.0,1,1,1,1
928,0.928,61.06432140728848,-4.740436365313185,-398.17595524241784,-333.7097967496336,519.5250906163183,57.01897385883195,0.0,69.05987074444712,0.0,-72.88581348600894,4.045347548456533,-4.740436365313185,-467.23582598686494,-333.7097967496336,574.1703105632594,61.06432140728848,-4.740436365313185,-398.1759552424178,-333.7097967496336,0.0,0.0,-5.684341886080802e-14,0.0,1,1,1,1
929,0.929,60.669014336203006,-5.054214149829937,-390.5334115921549,-292.75853943159393,488.0818660633968,57.087997286669655,0.0,68.98698493096111,0.0,-22.54414579657581,3.581017049533351,-5.054214149829937,-459.520396523116,-292.75853943159393,544.8546202712076,60.669014336203006,-5.054214149829937,-390.5334115921549,-292.75853943159393,0.0,0.0,0.0,0.0,1,1,1,1
930,0.93,60.286938944083836,-5.323959377342811,-371.8532496639243,-245.8330864516893,445.7675915541467,57.15697299952772,0.0,68.96444078516454,0.0,26.482461642157375,3.129965944556119,-5.323959377342811,-440.81769044908884,-245.8330864516893,504.7317531196472,60.286938944083836,-5.323959377342811,-371.8532496639243,-245.8330864516893,0.0,0.0,0.0,0.0,1,1,1,1
931,0.931,59.92863627360982,-5.544300682499236,-343.20129058010224,-194.17504603347476,394.3235655625337,57.2259506815437,0.0,68.9909232468067,0.0,73.21429427056354,2.7026855920661177,-5.544300682499236,-412.1922138269089,-194.17504603347476,455.6384198480526,59.92863627360982,-5.544300682499236,-343.20129058010224,-194.17504603347476,0.0,0.0,0.0,0.0,1,1,1,1
932,0.932,59.60337431542402,-5.711207350162582,-306.0463756851277,-139.2150321980842,336.2219642734781,57.29497821193765,0.0,69.06413754107726,0.0,116.80078615790801,2.3083961034863734,-5.711207350162582,-375.11051322620494,-139.2150321980842,400.1108875333693,59.60337431542402,-5.711207350162582,-306.0463756851277,-139.2150321980842,0.0,0.0,0.0,0.0,1,1,1,1
933,0.933,59.31878241793058,-5.822149830228496,-262.1825469361491,-82.51451554668196,274.8605704604239,57.3641007498718,0.0,69.18093832723517,0.0,156.55274270193797,1.9546816680587753,-5.822149830228496,-331.3634852633843,-82.51451554668196,341.4826564289916,59.31878241793058,-5.822149830228496,-262.18254693614915,-82.51451554668196,0.0,0.0,5.684341886080802e-14,0.0,1,1,1,1
934,0.934,59.08057162469424,-5.876199061001672,-213.6358084491141,-25.702057331186495,215.17633327752884,57.43335996457039,0.0,69.3374910699371,0.0,191.9657064079117,1.647211660123844,-5.876199061001672,-282.97329951905124,-25.702057331186495,284.1381424444002,59.08057162469424,-5.876199061001672,-213.63580844911414,-25.702057331186495,0.0,0.0,2.842170943040401e-14,0.0,1,1,1,1
935,0.935,58.89235384894066,-5.874060421730196,-162.56059611525058,29.593169067458607,165.23227004674604,57.50279343849353,0.0,69.52945677634501,0.0,222.7334507294508,1.3895604104471246,-5.874060421730196,-232.09005289159558,29.593169067458607,233.9691182756366,58.89235384894066,-5.874060421730196,-162.56059611525058,29.593169067458607,0.0,0.0,0.0,0.0,1,1,1,1
936,0.936,58.755567393017074,-5.818041104182868,-111.13158086294592,81.80755827169119,137.99530736758277,57.57243426199524,0.0,69.75219022707446,0.0,248.75114855704413,1.1831331310218332,-5.818041104182868,-180.8837710900204,81.80755827169119,198.52308488970004,58.755567393017074,-5.818041104182868,-111.13158086294592,81.80755827169119,0.0,0.0,0.0,0.0,1,1,1,1
937,0.937,58.66951057607433,-5.711952698522079,-61.43661565864949,129.50597850319383,143.33965331218823,57.6423108277966,0.0,70.00094137563151,0.0,270.1083375874621,1.0271997482777309,-5.711952698522079,-131.43755703428099,129.50597850319383,184.51999855628,58.66951057607433,-5.711952698522079,-61.43661565864947,129.50597850319383,0.0,0.0,-1.4210854715202004e-14,0.0,1,1,1,1
938,0.9380000000000001,58.63147946502382,-5.560953689215649,-15.376499320950856,171.43860041637814,172.12678595760096,57.712446823341025,0.0,70.27104971321897,0.0,287.0723614595195,0.9190326416827972,-5.560953689215649,-85.64754903416983,171.43860041637814,191.64210489421967,58.63147946502382,-5.560953689215649,-15.376499320950856,171.43860041637814,0.0,0.0,0.0,0.0,1,1,1,1
939,0.9390000000000001,58.63700022969493,-5.371339217340757,25.42321765297836,206.5891507121326,208.14758511160045,57.782861409234975,0.0,70.5581220746785,0.0,300.06347186685235,0.8541388204599514,-5.371339217340757,-45.134904421700135,206.5891507121326,211.46214032094787,58.63700022969493,-5.371339217340757,25.42321765297836,206.5891507121326,0.0,0.0,0.0,0.0,1,1,1,1
940,0.9400000000000001,58.680141761297925,-5.150287763725342,59.68389074897101,234.2125103010031,241.6974695697756,57.85356956304559,0.0,70.85818554654534,0.0,309.62320502428634,0.826572198252336,-5.150287763725342,-11.174294797574333,234.2125103010031,234.47892196468445,58.680141761297925,-5.150287763725342,59.68389074897101,234.2125103010031,0.0,0.0,0.0,0.0,1,1,1,1
941,0.9410000000000001,58.75389016598339,-4.905576238460644,86.52537794225648,253.86008871033818,268.20064442143143,57.92458256019465,0.0,71.16780875156962,0.0,316.3779730926435,0.8293076057887419,-4.905576238460644,15.35756919068686,253.86008871033818,254.32420170221218,58.75389016598339,-4.905576238460644,86.52537794225648,253.86008871033818,0.0,0.0,0.0,0.0,1,1,1,1
942,0.9420000000000001,58.850563784239824,-4.645276244938939,105.49520270498394,265.3919869575501,285.59086913807676,57.995908557932765,0.0,71.48418672466227,0.0,321.0000209630937,0.8546552263070595,-4.645276244938939,34.01101598032167,265.3919869575501,267.5624337407816,58.850563784239824,-4.645276244938939,105.49520270498394,265.3919869575501,0.0,0.0,0.0,0.0,1,1,1,1
943,0.9430000000000001,58.96224564196606,-4.377444966016349,116.57417947141901,268.9755820498597,293.15081964493197,58.067553244667906,0.0,71.80518674562536,0.0,324.16798179402656,0.8946923972981509,-4.377444966016349,44.76899272579365,268.9755820498597,272.67586334096933,58.96224564196606,-4.377444966016349,116.57417947141901,268.9755820498597,0.0,0.0,0.0,0.0,1,1,1,1
944,0.9440000000000001,59.081209790451425,-4.109824170629209,120.15870949456115,265.0707977167001,291.03374936520004,58.13952051540443,0.0,72.12935472741938,0.0,326.5292190348596,0.941689275046997,-4.109824170629209,48.02935476714177,265.0707977167001,269.3869832072732,59.081209790451425,-4.109824170629209,120.15870949456115,265.0707977167001,0.0,0.0,0.0,0.0,1,1,1,1
945,0.9450000000000001,59.20031884681615,-3.8495602658133206,117.02123663536388,254.402937781045,280.0264712045918,58.21181313474137,0.0,72.45588394645424,0.0,328.6659739962496,0.9885057120747831,-3.8495602658133206,44.56535268890964,254.402937781045,258.27683870589937,59.20031884681615,-3.8495602658133206,117.02123663536388,254.402937781045,0.0,0.0,0.0,0.0,1,1,1,1
946,0.9460000000000001,59.31337213718239,-3.602957155866439,108.25153231718194,237.92452179074476,261.39332875644027,58.28443335167482,0.0,72.78454992045049,0.0,331.0670589657201,1.0289387855075702,-3.602957155866439,35.46698239673145,237.92452179074476,240.5534969807852,59.31337213718239,-3.602957155866439,108.25153231718194,237.92452179074476,0.0,0.0,0.0,0.0,1,1,1,1
947,0.9470000000000001,59.41538703684166,-3.375271979376126,95.18249165614833,216.76805083059398,236.74478785977047,58.35738343512475,0.0,73.1156169794162,0.0,334.1064651627323,1.058003601716905,-3.375271979376126,22.066874676732127,216.76805083059398,217.888354023095,59.41538703684166,-3.375271979376126,95.18249165614833,216.76805083059398,0.0,0.0,0.0,0.0,1,1,1,1
948,0.9480000000000001,59.50280019965545,-3.170561662525775,79.30491383490002,192.192022358503,207.91114163654683,58.43066610533675,0.0,73.44972344457894,0.0,338.02981610415134,1.0721340943186988,-3.170561662525775,5.855190390321084,192.192022358503,192.28119178109498,59.50280019965545,-3.170561662525775,79.30491383490002,192.192022358503,0.0,0.0,0.0,0.0,1,1,1,1
949,0.9490000000000001,59.5735801291449,-2.991585760081864,62.17626752853937,165.52278892202042,176.81538930846554,58.504284843689376,0.0,73.78775326068309,0.0,342.94911723251323,1.0692952854555244,-2.991585760081864,-11.61148573214372,165.52278892202042,165.92956413319328,59.5735801291449,-2.991585760081864,62.17626752853937,165.52278892202042,0.0,0.0,0.0,0.0,1,1,1,1
950,0.9500000000000001,59.627247688451185,-2.839768375067396,45.32868047691118,138.09500492043912,145.3441421514951,58.57824407150867,0.0,74.1307023779156,0.0,348.8457607106698,1.0490036169425139,-2.839768375067396,-28.802021901004416,138.09500492043912,141.06660430293928,59.627247688451185,-2.839768375067396,45.32868047691118,138.09500492043912,0.0,0.0,0.0,0.0,1,1,1,1
951,0.9510000000000001,59.664806380013914,-2.715219184344919,30.181331768490296,111.1934226503445,115.21670897928749,58.65254919676694,0.0,74.47954813862627,0.0,355.5812688916212,1.0122571832469731,-2.715219184344919,-44.298216370135975,111.1934226503445,119.69256123198939,59.664806380013914,-2.715219184344919,30.181331768490296,111.1934226503445,0.0,0.0,0.0,0.0,1,1,1,1
952,0.9520000000000001,59.688589252082444,-2.616810882475792,17.962073833792232,85.9986846465895,87.854481145552,58.72720653554001,0.0,74.8351294075179,0.0,362.91482825220515,0.9613827165424311,-2.616810882475792,-56.873055573725665,85.9986846465895,103.10343452686547,59.688589252082444,-2.616810882475792,17.962073833792232,85.9986846465895,0.0,0.0,0.0,0.0,1,1,1,1
953,0.9530000000000001,59.70203382781366,-2.542307818455321,9.642492808860666,63.53952110348203,64.267008718539,58.80222312236166,0.0,75.1980442357701,0.0,370.5263014405062,0.8998107054519977,-2.542307818455321,-65.55555142690943,63.53952110348203,91.29513166070798,59.70203382781366,-2.542307818455321,9.642492808860666,63.53952110348203,0.0,0.0,0.0,0.0,1,1,1,1
954,0.9540000000000001,59.709400255386576,-2.488538357102415,5.8897699958397425,44.65341216337992,45.04016661199845,58.87760642974815,0.0,75.5685705372106,0.0,378.0431278997294,0.8317938256384281,-2.488538357102415,-69.67880054137086,44.65341216337992,82.75906272256127,59.709400255386576,-2.488538357102415,5.8897699958397425,44.65341216337992,0.0,0.0,0.0,0.0,1,1,1,1
955,0.9550000000000001,59.71545074158814,-2.4516016509497343,7.037685266690815,29.95733354350725,30.772891429794857,58.9533640218493,0.0,75.94661366511033,0.0,385.0693471030834,0.7620867197388392,-2.4516016509497343,-68.90892839841952,29.95733354350725,75.13908600758631,59.71545074158814,-2.4516016509497343,7.037685266690815,29.95733354350725,0.0,0.0,0.0,0.0,1,1,1,1
956,0.9560000000000001,59.7251101106115,-2.427098140710347,13.077966423221383,19.82969304107341,23.753945606364034,59.029503170187965,0.0,76.33168301221342,0.0,391.2149103360303,0.6956069404235379,-2.427098140710347,-63.253716588992035,19.82969304107341,66.28913476900811,59.7251101106115,-2.427098140710347,13.077966423221383,19.82969304107341,0.0,0.0,0.0,0.0,1,1,1,1
957,0.9570000000000001,59.743127942446314,-2.410372269714424,23.672003451194527,14.404010703033501,27.70991287836303,59.10603046065535,0.0,76.72289792254945,0.0,396.1234882386154,0.6370974817909669,-2.410372269714424,-53.05089447135492,14.404010703033501,54.97156472708358,59.743127942446314,-2.410372269714424,23.672003451194527,14.404010703033501,0.0,0.0,0.0,0.0,1,1,1,1
958,0.9580000000000001,59.773762177255485,-2.396755630241752,38.18178178880187,13.57432443856314,40.5229656433368,59.18295142032202,0.0,77.11902141078806,0.0,399.49712659152215,0.5908107569334646,-2.396755630241752,-38.937239621986194,13.57432443856314,41.23555399583403,59.773762177255485,-2.396755630241752,38.18178178880187,13.57432443856314,0.0,0.0,0.0,0.0,1,1,1,1
959,0.9590000000000001,59.82050237728216,-2.381799059673395,55.71781048280876,17.01174355317567,58.25696373582481,59.260270190296104,0.0,77.51851853737959,0.0,401.11634076867114,0.560232186986056,-2.381799059673395,-21.800708054570833,17.01174355317567,27.652672391644963,59.82050237728216,-2.381799059673395,55.71781048280876,17.01174355317567,0.0,0.0,0.0,0.0,1,1,1,1
960,0.96,59.88584813349749,-2.3614830465108567,75.20088975142804,24.19105206523426,78.99608103842436,59.33798926700387,0.0,77.91963487814826,0.0,400.8545534308303,0.5478588664936197,-2.3614830465108567,-2.718745126720222,24.19105206523426,24.34334765571366,59.88584813349749,-2.3614830465108567,75.20088975142804,24.19105206523426,0.0,0.0,0.0,0.0,1,1,1,1
961,0.961,59.97115456364777,-2.332397139311794,95.43382893892529,34.42580638807305,101.45320030148454,59.416109329158736,0.0,78.32048943157909,0.0,398.6861499128465,0.555045234489036,-2.332397139311794,17.113339507346197,34.42580638807305,38.44479853715958,59.97115456364777,-2.332397139311794,95.43382893892529,34.42580638807305,0.0,0.0,0.0,0.0,1,1,1,1
962,0.962,60.07655268988792,-2.291880801207893,115.1787288534405,46.90999918209785,124.36513821629752,59.494629161665266,0.0,78.71917558149194,0.0,394.6878281540995,0.5819235282226529,-2.291880801207893,36.459553271948565,46.90999918209785,59.4125159209276,60.07655268988792,-2.291880801207893,115.1787288534405,46.90999918209785,0.0,0.0,0.0,0.0,1,1,1,1
963,0.963,60.20094795781414,-2.238120225666832,133.23520647972018,60.76408956022488,146.43734095433686,59.57354568116083,0.0,79.11386340964604,0.0,389.0333304439663,0.6274022766533065,-2.238120225666832,54.12134307007413,60.76408956022488,81.37195066969755,60.20094795781414,-2.238120225666832,133.23520647972018,60.76408956022488,0.0,0.0,0.0,0.0,1,1,1,1
964,0.964,60.34209553123487,-2.1701979182142512,148.5149740374021,75.08304076583197,166.41562584076595,59.6528540612357,0.0,79.50289674009001,0.0,381.98203839568396,0.6892414699991676,-2.1701979182142512,69.0120772973121,75.08304076583197,101.98102678211161,60.34209553123487,-2.1701979182142512,148.5149740374021,75.08304076583197,0.0,0.0,0.0,0.0,1,1,1,1
965,0.965,60.49674653634342,-2.0880942380690324,160.10848155485064,88.9839655899383,183.17443052432637,59.732547948994984,0.0,79.8848787784857,0.0,373.8622677286497,0.7641985873484387,-2.0880942380690324,80.22360277636494,88.9839655899383,119.8080655654339,60.49674653634342,-2.0880942380690324,160.10848155485064,88.9839655899383,0.0,0.0,0.0,0.0,1,1,1,1
966,0.966,60.66085538857797,-1.9926424644988159,167.33987069223198,101.6510568732281,195.79471312253855,59.81261975890733,0.0,80.25874104621435,0.0,365.0503958388902,0.8482356296706399,-1.9926424644988159,87.08112964601763,101.6510568732281,133.85088906641892,60.66085538857797,-1.9926424644988159,167.33987069223198,101.6510568732281,0.0,0.0,0.0,0.0,1,1,1,1
967,0.967,60.82983494007015,-1.885441189821231,169.80723204403546,112.37566934533459,203.6241319570666,59.89306102515147,0.0,80.62379144205325,0.0,355.9471769643401,0.9367739149186818,-1.885441189821231,89.18344060198221,112.37566934533459,143.4642015919625,60.82983494007015,-1.885441189821231,169.80723204403546,112.37566934533459,0.0,0.0,0.0,0.0,1,1,1,1
968,0.968,60.99884361859475,-1.7687298378654979,167.40606186616125,120.58970826375344,206.3169098466584,59.973862790182004,0.0,80.97973861901758,0.0,346.95273600563644,1.024980828412744,-1.7687298378654979,86.42632324714367,120.58970826375344,148.3623506458324,60.99884361859475,-1.7687298378654979,167.40606186616125,120.58970826375344,0.0,0.0,0.0,0.0,1,1,1,1
969,0.969,61.16308712258019,-1.6452347708428772,160.33482202476887,125.89085355218103,203.85230477434146,60.05501600516902,0.0,81.32669135502321,0.0,338.4417770631959,1.1080711174111642,-1.6452347708428772,79.00813066974565,125.89085355218103,148.629713449311,61.16308712258019,-1.6452347708428772,160.33482202476887,125.89085355218103,0.0,0.0,0.0,0.0,1,1,1,1
970,0.97,61.318116665385034,-1.5179947047106261,149.08255886336406,128.05858527387875,196.53144944154786,60.13651191741258,0.0,81.66513313208641,0.0,330.7404963195521,1.1816047479724574,-1.5179947047106261,67.41742573127765,128.05858527387875,144.72080207965823,61.318116665385034,-1.5179947047106261,149.08255886336406,128.05858527387875,0.0,0.0,0.0,0.0,1,1,1,1
971,0.971,61.46010623894927,-1.390174950624543,134.39957112663092,127.06045440555184,184.95297724764433,60.21834242079282,0.0,81.99587362840596,0.0,324.1065562133785,1.2417638181564499,-1.390174950624543,52.40369749822496,127.06045440555184,137.44273929615483,61.46010623894927,-1.390174950624543,134.39957112663092,127.06045440555184,0.0,0.0,0.0,0.0,1,1,1,1
972,0.972,61.58609284465167,-1.2648803091256975,117.25307475746152,123.04853752023794,169.96830918129493,60.300500347699334,0.0,82.31998018461934,0.0,318.7132690007023,1.285592496952333,-1.2648803091256975,34.93309457284218,123.04853752023794,127.91115542557084,61.58609284465167,-1.2648803091256975,117.25307475746152,123.04853752023794,0.0,0.0,0.0,0.0,1,1,1,1
973,0.973,61.69416601353279,-1.144976260212032,98.77063960566127,116.34650034407798,152.61765097925587,60.38297968451845,0.0,82.63869345362004,0.0,314.63886703136467,1.3111863290143333,-1.144976260212032,16.131946152041237,116.34650034407798,117.45955826992922,61.69416601353279,-1.144976260212032,98.77063960566127,116.34650034407798,0.0,0.0,0.0,0.0,1,1,1,1
974,0.974,61.78359605516468,-1.0329274367530488,80.17482479880675,107.42814935273532,134.04778925768588,60.46577569740558,0.0,82.9533323206514,0.0,311.86142184849683,1.3178203577590963,-1.0329274367530488,-2.778507521844645,107.42814935273532,107.46407482225189,61.78359605516468,-1.0329274367530488,80.17482479880675,107.42814935273532,0.0,0.0,0.0,0.0,1,1,1,1
975,0.975,61.8548941408598,-0.9306612840733436,62.7128817663313,96.88875086006524,115.41375820352461,60.54888496043716,0.0,83.26519374249989,0.0,310.2596341041061,1.3060091804226417,-0.9306612840733436,-20.55231197616859,96.88875086006524,99.04457365645811,61.8548941408598,-0.9306612840733436,62.7128817663313,96.88875086006524,0.0,0.0,0.0,0.0,1,1,1,1
976,0.976,61.90980132146598,-0.8394633584741876,47.58560556348365,85.41072482471084,97.77209096631779,60.63230528399671,0.0,83.57545337660399,0.0,309.61937172005526,1.2774960374692697,-0.8394633584741876,-35.98984781312034,85.41072482471084,92.68366123915283,61.90980132146598,-0.8394633584741876,47.58560556348365,85.41072482471084,0.0,0.0,0.0,0.0,1,1,1,1
977,0.977,61.95120766728152,-0.7599089821488603,35.87938890744735,73.72556128652394,81.99261512712503,60.71603554705917,0.0,83.88507274832405,0.0,309.6455048199205,1.2351721202223516,-0.7599089821488603,-48.0056838408767,73.72556128652394,87.97729291154171,61.95120766728152,-0.7599089821488603,35.87938890744735,73.72556128652394,0.0,0.0,0.0,0.0,1,1,1,1
978,0.978,61.983006661927256,-0.691834043823297,28.505275847048125,62.57395104199514,68.76081805885026,60.8000754425599,0.0,84.19471825314398,0.0,309.9782913208309,1.1829312193673545,-0.691834043823297,-55.68944240609585,62.57395104199514,83.76642134237245,61.983006661927256,-0.691834043823297,28.505275847048125,62.57395104199514,0.0,0.0,0.0,0.0,1,1,1,1
979,0.979,62.00989356096073,-0.6343457133592781,26.148343116706137,52.666164039723526,58.80017587055383,60.88442514995871,0.0,84.5046965444648,0.0,310.2133227694956,1.1254684110020179,-0.6343457133592781,-58.35635342775867,52.666164039723526,78.60781653273769,62.00989356096073,-0.6343457133592781,26.148343116706137,52.666164039723526,0.0,0.0,0.0,0.0,1,1,1,1
980,0.98,62.03711944315718,-0.5858718265697485,29.230088635523174,44.64464937907188,53.36237250929539,60.969084953164554,0.0,84.8149098672343,0.0,309.9238586954412,1.0680344899926268,-0.5858718265697485,-55.58482123171113,44.64464937907188,71.29387820522564,62.03711944315718,-0.5858718265697485,29.230088635523174,44.64464937907188,0.0,0.0,0.0,0.0,1,1,1,1
981,0.981,62.0702149779535,-0.5442457927885225,37.885719628748234,39.05067513789716,54.408482615431375,61.054054824961135,0.0,85.12483372592975,0.0,308.68426806478254,1.016160152992363,-0.5442457927885225,-47.23911409718151,39.05067513789716,61.29020418804389,62.0702149779535,-0.5442457927885225,37.885719628748234,39.05067513789716,0.0,0.0,0.0,0.0,1,1,1,1
982,0.982,62.11469939187474,-0.5068221737004996,51.95735582135525,36.296584609189935,63.37987754988962,61.139334000821094,0.0,85.43351799399453,0.0,306.09326256887897,0.9753653910536428,-0.5068221737004996,-33.47616217263928,36.296584609189935,49.377074519466305,62.11469939187474,-0.5068221737004996,51.95735582135525,36.296584609189935,0.0,0.0,0.0,0.0,1,1,1,1
983,0.983,62.175790675776504,-0.4706166568102569,71.00324846617922,36.644932003381115,79.9018919318085,61.224920565446375,0.0,85.7396112565634,0.0,301.79564817954184,0.9508701103301291,-0.4706166568102569,-14.736362790384192,36.644932003381115,39.4969800088848,62.175790675776504,-0.4706166568102569,71.00324846617922,36.644932003381115,0.0,0.0,0.0,0.0,1,1,1,1
984,0.984,62.25813272247394,-0.43246306414564667,94.32221688644007,40.1953926134161,102.52975268535131,61.31081107452703,0.0,86.04140690474294,0.0,295.5014340028469,0.9473216479469073,-0.43246306414564667,8.280809981697132,40.1953926134161,41.0395102468297,62.25813272247394,-0.43246306414564667,94.32221688644007,40.1953926134161,0.0,0.0,0.0,0.0,1,1,1,1
985,0.985,62.36555386221502,-0.38917934123405457,120.99167175106015,46.87993945932538,129.75636152738832,61.39700023214877,0.0,86.33690833874579,0.0,287.0013123865704,0.9685536300662534,-0.38917934123405457,34.65476341231437,46.87993945932538,58.29821052891328,62.36555386221502,-0.38917934123405457,120.99167175106015,46.87993945932538,0.0,0.0,0.0,0.0,1,1,1,1
986,0.986,62.50086926158467,-0.33773418760850454,149.91687431591896,56.46636137134636,160.19837443362064,61.48348064114371,0.0,86.62390965113235,0.0,276.1777495943682,1.0173886204409612,-0.33773418760850454,63.29296466478661,56.46636137134636,84.8200998736585,62.50086926158467,-0.33773418760850454,149.91687431591896,56.46636137134636,0.0,0.0,0.0,0.0,1,1,1,1
987,0.987,62.66573700208359,-0.2754061216485844,179.8885115136702,68.56978732639746,192.5141353474888,61.57024263966964,0.0,86.90008740072672,0.0,263.011187758324,1.0954943624139517,-0.2754061216485844,92.98842411294349,68.56978732639746,115.53641310425051,62.66573700208359,-0.2754061216485844,179.8885115136702,68.56978732639746,0.0,0.0,0.0,0.0,1,1,1,1
988,0.988,62.860574523552025,-0.19992730236517062,209.6452765077414,82.67149869973318,225.35686956307177,61.65727423266424,0.0,87.16309858848504,0.0,247.58114027841953,1.203300290887782,-0.19992730236517062,122.48217791925637,82.67149869973318,147.77165020769158,62.860574523552025,-0.19992730236517062,209.6452765077414,82.67149869973318,0.0,0.0,0.0,0.0,1,1,1,1
989,0.989,63.08453869352469,-0.1096053225224794,237.93795049523163,98.14397311228713,257.38435800206787,61.74456112182286,0.0,87.41067972876345,0.0,230.06224776250266,1.33997757170183,-0.1096053225224794,150.52727076646818,98.14397311228713,179.69612879154343,63.08453869352469,-0.1096053225224794,237.93795049523163,98.14397311228713,0.0,0.0,0.0,0.0,1,1,1,1
990,0.99,63.33556924672045,-0.003417388108313842,263.5914897091061,114.28082616769336,287.29876553274005,61.83208683267551,0.0,87.64074197652596,0.0,210.71563377492978,1.5034824140449459,-0.003417388108313842,175.95074773258014,114.28082616769336,209.80651290468703,63.33556924672045,-0.003417388108313842,263.5914897091061,114.28082616769336,0.0,0.0,0.0,0.0,1,1,1,1
991,0.991,63.61049192903782,0.11892725827432939,285.5618255171735,130.33011255106783,313.89726731890266,61.91983293246892,0.0,87.85145761030088,0.0,189.8761441621211,1.6906589965688994,0.11892725827432939,197.7103679068726,130.33011255106783,236.80229689647211,63.61049192903782,0.11892725827432939,285.5618255171735,130.33011255106783,0.0,0.0,0.0,0.0,1,1,1,1
992,0.992,63.90517456566372,0.25695920493530344,302.9844679627884,145.52932372118525,336.12255486569103,62.0077793281513,0.0,88.04133375446301,0.0,167.93625773275232,1.89739523751242,0.25695920493530344,214.9431342083254,145.52932372118525,259.5752973725422,63.90517456566372,0.25695920493530344,302.9844679627884,145.52932372118525,0.0,0.0,0.0,0.0,1,1,1,1
993,0.993,64.21472661894097,0.4094558746038297,315.21253702787635,159.1403795484365,353.1070714420355,62.09590463003463,0.0,88.20927001219576,0.0,145.32760954203061,2.1188219889063404,0.4094558746038297,227.0032670156806,159.1403795484365,277.22940615781147,64.21472661894097,0.4094558746038297,315.21253702787635,159.1403795484365,0.0,0.0,0.0,0.0,1,1,1,1
994,0.994,64.5337307430957,0.5744828214528703,321.84249644641864,170.4829552146003,364.2074004431629,62.1841865638516,0.0,88.3545976217378,0.0,122.50116416021274,2.3495441792441056,0.5744828214528703,233.48789882468083,170.4829552146003,289.10385143797,64.5337307430957,0.5744828214528703,321.84249644641864,170.4829552146003,0.0,0.0,0.0,0.0,1,1,1,1
995,0.995,64.85649347654093,0.7494668757699786,322.7265915844983,178.96460784005583,369.02680630964,62.27260241205541,0.0,88.47709878589801,0.0,99.90711180477015,2.5838910644855204,0.7494668757699786,234.24949279860027,178.96460784005583,294.7900197356526,64.85649347654093,0.7494668757699786,322.7265915844983,178.96460784005583,0.0,0.0,0.0,0.0,1,1,1,1
996,0.996,65.17730159276076,0.9312972463658413,317.9717521883696,184.10636120762902,367.42507729720336,62.361129464397216,0.0,88.57700589770278,0.0,77.97553536044988,2.81617212836354,0.9312972463658413,229.3947462906668,184.10636120762902,294.13789599926315,65.17730159276076,0.9312972463658413,317.9717521883696,184.10636120762902,0.0,0.0,0.0,0.0,1,1,1,1
997,0.997,65.490670768272,1.116449471312727,307.9254686921294,185.5626599457145,359.51577856249435,62.4497454580626,0.0,88.65498143306323,0.0,57.098814792481065,3.0409253102093956,1.116449471312727,219.2704872590662,185.5626599457145,287.25084394820703,65.490670768272,1.116449471312727,307.9254686921294,185.5626599457145,0.0,0.0,0.0,0.0,1,1,1,1
998,0.998,65.79157408824165,1.301126164809607,293.1498453904688,183.13490240950486,345.6518831613602,62.538428988903064,0.0,88.71208024785571,0.0,37.61660403395414,3.2531450993385818,1.301126164809607,204.43776514261307,183.13490240950486,274.46892774418944,65.79157408824165,1.301126164809607,293.1498453904688,183.13490240950486,0.0,0.0,0.0,0.0,1,1,1,1
999,0.999,66.07563942456457,1.4814078788957632,274.3856377006679,176.7780883010883,326.401548219045,62.62715987745294,0.0,88.74969685188967,0.0,19.804043416727886,3.4484795471116314,1.4814078788957632,185.63594084877826,176.7780883010883,256.34194943122066,66.07563942456457,1.4814078788957632,274.3856377006679,176.7780883010883,0.0,0.0,0.0,0.0,1,1,1,1
1000,1.0,66.33930678079007,1.6534071039164826,252.5085630139654,166.60045594605265,302.5165884985654,62.71591947632654,0.0,88.7695008953064,0.0,3.863669356674453,3.6233873044635274,1.6534071039164826,163.73906211865898,166.60045594605265,233.59407609126285,66.33930678079007,1.6534071039164826,252.5085630139654,166.60045594605265,0.0,0.0,0.0,0.0,1,1,1,1
1001,1.0010000000000001,66.57993916941423,1.8134184746884991,228.48051235437265,152.85631822092935,274.89706900178953,62.804690909056525,0.0,88.77336456466307,0.0,-10.078735258753378,3.7752482603577064,1.8134184746884991,139.70714778970958,152.85631822092935,207.08245015836994,66.57993916941423,1.8134184746884991,228.48051235437265,152.85631822092935,0.0,0.0,0.0,0.0,1,1,1,1
1002,1.002,66.79588331745508,1.9580586172870533,203.2984693761918,135.93261934453696,244.55662872342916,62.89345923425356,0.0,88.76328582940431,0.0,-21.97432881578866,3.9024240832015167,1.9580586172870533,114.5351835467875,135.93261934453696,177.75259568277218,66.79588331745508,1.9580586172870533,203.2984693761918,135.93261934453696,0.0,0.0,0.0,0.0,1,1,1,1
1003,1.0030000000000001,66.9864793245468,2.0843897360269033,177.943959831939,116.33001263503238,212.59521321125155,62.982211532918555,0.0,88.74131150058852,0.0,-31.847629419470817,4.004267791628251,2.0843897360269033,89.20264833135047,116.33001263503238,146.59394362999237,66.9864793245468,2.0843897360269033,177.943959831939,116.33001263503238,0.0,0.0,0.0,0.0,1,1,1,1
1004,1.004,67.15202116310626,2.19002195987987,153.33571365852328,94.63948966945075,180.1901054110983,63.07093692060444,0.0,88.70946387116905,0.0,-39.78955023104294,4.081084242501817,2.19002195987987,64.62624978735423,94.63948966945075,114.60010980130681,67.15202116310626,2.19002195987987,153.33571365852328,94.63948966945075,0.0,0.0,0.0,0.0,1,1,1,1
1005,1.0050000000000001,67.29367246112933,2.273190589737814,130.28793717643822,71.51576461048762,148.6252036550806,63.15962648970049,0.0,88.669674320938,0.0,-45.94760148532362,4.13404597142884,2.273190589737814,41.61826285550022,71.51576461048762,82.74408976435829,67.29367246112933,2.273190589737814,130.28793717643822,71.51576461048762,0.0,0.0,0.0,0.0,1,1,1,1
1006,1.006,67.4133442113916,2.3328056521485987,109.47618614451889,47.648727470922495,119.39613294553385,63.248273190220694,0.0,88.62372671945268,0.0,-50.51393474375864,4.16507102117091,2.3328056521485987,20.852459425066215,47.648727470922495,52.01178994874409,67.4133442113916,2.3328056521485987,109.47618614451889,47.648727470922495,0.0,0.0,0.0,0.0,1,1,1,1
1007,1.0070000000000001,67.51354279757622,2.3684725063337537,91.41232924653312,23.734323782615327,94.44327431688609,63.33687165997278,0.0,88.57321278470891,0.0,-53.711987559617526,4.176671137603442,2.3684725063337537,2.8391164618242044,23.734323782615327,23.903529189260333,67.51354279757622,2.3684725063337537,91.41232924653312,23.734323782615327,0.0,0.0,0.0,0.0,1,1,1,1
1008,1.008,67.59719793941835,2.3804836030327134,76.42952798040267,0.4461958898482692,76.43083041599948,63.42541801676371,0.0,88.51950079714929,0.0,-55.78252355620683,4.171779922654643,2.3804836030327134,-12.089972816746624,0.4461958898482692,12.098203729553813,67.59719793941835,2.3804836030327134,76.42952798040267,0.4461958898482692,0.0,0.0,0.0,0.0,1,1,1,1
1009,1.0090000000000001,67.66748078993194,2.3697827915961236,64.67756712869382,-21.59066353952126,68.18610152929634,63.513909626299075,0.0,88.46371827359309,0.0,-56.96985399990064,4.1535711636328685,2.3697827915961236,-23.786151144899264,-21.59066353952126,32.123787733777675,67.66748078993194,2.3697827915961236,64.67756712869382,-21.59066353952126,0.0,0.0,0.0,0.0,1,1,1,1
1010,1.01,67.72762245728278,2.337904756395144,56.12828448756444,-41.82313573091148,69.99684994257393,63.60234485964567,0.0,88.40674841959319,0.0,-57.508974917607006,4.125277597637108,2.337904756395144,-32.27846393202874,-41.82313573091148,52.83061533029428,67.72762245728278,2.337904756395144,56.12828448756444,-41.82313573091148,0.0,0.0,0.0,0.0,1,1,1,1
1011,1.0110000000000001,67.78074269476828,2.286893183394186,50.59030203124375,-59.789155217731434,78.32063419854596,63.6907228535778,0.0,88.34923944467558,0.0,-57.614263604158495,4.090019841190475,2.286893183394186,-37.75893741343182,-59.789155217731434,70.71407523429437,67.78074269476828,2.286893183394186,50.59030203124375,-59.789155217731434,0.0,0.0,0.0,0.0,1,1,1,1
1012,1.012,67.82969745859458,2.219202070957096,47.73178233586146,-75.13214557672013,89.0121471705942,63.77904328589067,0.0,88.29162518107141,0.0,-57.470256854205275,4.050654172703908,2.219202070957096,-40.55984284520995,-75.13214557672013,85.3811463415056,67.82969745859458,2.219202070957096,47.73178233586146,-75.13214557672013,0.0,0.0,0.0,0.0,1,1,1,1
1013,1.0130000000000001,67.87695255536306,2.1375851754933612,47.109547934981045,-87.61026022224766,99.47294709039352,63.86730617594332,0.0,88.23415492421721,0.0,-57.224888746161575,4.009646379419742,2.1375851754933612,-41.12460698923616,-87.61026022224766,96.78218325822725,67.87695255536306,2.1375851754933612,47.109547934981045,-87.61026022224766,0.0,0.0,0.0,0.0,1,1,1,1
1014,1.014,67.92448879104914,2.0449789048270377,48.202625134750576,-97.10023574670677,108.40640595438684,63.95551171842316,0.0,88.17693003547105,0.0,-56.98540751945948,3.9689770726259823,2.0449789048270377,-39.97430490072047,-97.10023574670677,105.00667042793899,67.92448879104914,2.0449789048270377,48.202625134750576,-97.10023574670677,0.0,0.0,0.0,0.0,1,1,1,1
1015,1.0150000000000001,67.97374200679185,1.9443840354934097,50.44811847880425,-103.5959223446624,115.22641964624603,64.04366015575486,0.0,88.11994462795158,0.0,-56.817028578643054,3.930081851036988,1.9443840354934097,-37.671826149147336,-103.5959223446624,110.23285178136734,67.97374200679185,1.9443840354934097,50.44811847880425,-103.5959223446624,0.0,0.0,0.0,0.0,1,1,1,1
1016,1.016,68.02557926716707,1.838751442420321,53.27729100213145,-107.20179900140334,119.71088273696373,64.13175169186853,0.0,88.06312759937293,0.0,-56.74422326894323,3.8938275752985447,1.838751442420321,-34.785836597241484,-107.20179900140334,112.7043927134487,68.02557926716707,1.838751442420321,53.27729100213145,-107.20179900140334,0.0,0.0,0.0,0.0,1,1,1,1
1017,1.0170000000000001,68.08031037680396,1.7308766101634578,56.149814927135495,-108.12199934851621,121.83254269476653,64.21978644735627,0.0,88.00638337610398,0.0,-56.754399401864,3.8605239294476945,1.7308766101634578,-31.85656844896849,-108.12199934851621,112.7173797444935,68.08031037680396,1.7308766101634578,56.149814927135495,-108.12199934851621,0.0,0.0,0.0,0.0,1,1,1,1
1018,1.018,68.13773195711256,1.6233070737891138,58.58435713941745,-106.64555805519701,121.67745047601552,64.30776445353267,0.0,87.94962897670212,0.0,-56.80360698070536,3.829967503579894,1.6233070737891138,-29.365271837284666,-106.64555805519701,110.61462038529093,68.13773195711256,1.6233070737891138,58.58435713941745,-106.64555805519701,0.0,0.0,0.0,0.0,1,1,1,1
1019,1.0190000000000001,68.19719961903796,1.5182661527049666,60.18395745543563,-103.12873006177738,119.40537550358707,64.39568568070588,0.0,87.89282536972141,0.0,-56.8238070477841,3.8015139383320786,1.5182661527049666,-27.708867914285776,-103.12873006177738,106.78631150688875,68.19719961903796,1.5182661527049666,60.18395745543563,-103.12873006177738,0.0,0.0,0.0,0.0,1,1,1,1
1020,1.02,68.25772240407183,1.417595436439751,60.65502457487648,-97.9753309215323,115.23106124375768,64.48355009417207,0.0,87.83600156267363,0.0,-56.73117710135943,3.774172309899754,1.417595436439751,-27.180976987797152,-97.9753309215323,101.6758131474488,68.25772240407183,1.417595436439751,60.65502457487648,-97.9753309215323,0.0,0.0,0.0,0.0,1,1,1,1
1021,1.0210000000000001,68.31807269564416,1.3227175054902038,59.819190699909555,-91.6160935090697,109.41592281681287,64.5713577301462,0.0,87.77927038557227,0.0,-56.434895214288616,3.746714965497958,1.3227175054902038,-27.96007968566272,-91.6160935090697,95.7876539324939,68.31807269564416,1.3227175054902038,59.819190699909555,-91.6160935090697,0.0,0.0,0.0,0.0,1,1,1,1
1022,1.022,68.37690426292808,1.2346193720751963,57.617705402578515,-84.48803435788459,102.26449983018257,64.65910878308416,0.0,87.72283549035798,0.0,-55.845846956884785,3.7177954798439146,1.2346193720751963,-30.105130087779465,-84.48803435788459,89.69139762129483,68.37690426292808,1.2346193720751963,57.617705402578515,-84.48803435788459,0.0,0.0,0.0,0.0,1,1,1,1
1023,1.0230000000000001,68.43287099954537,1.1538561529648967,54.10848657007969,-77.01477424197286,94.12228094583419,64.74680369565104,0.0,87.6669896434011,0.0,-54.88473272694984,3.6860673038943332,1.1538561529648967,-33.558503073321404,-77.01477424197286,84.00862205788266,68.43287099954537,1.1538561529648967,54.10848657007969,-77.01477424197286,0.0,0.0,0.0,0.0,1,1,1,1
1024,1.024,68.48473924587017,1.0805735840756348,49.456356611064166,-69.58866678730983,85.3727928234516,64.83444324292807,0.0,87.61210491067415,0.0,-53.48911467036435,3.650296002942099,1.0805735840756348,-38.15574829960998,-69.58866678730983,79.36273479120051,68.48473924587017,1.0805735840756348,49.456356611064166,-69.58866678730983,0.0,0.0,0.0,0.0,1,1,1,1
1025,1.025,68.53148729747873,1.0145471934075325,43.917353669166644,-62.55546217584535,76.43245254037242,64.92202860328142,0.0,87.55861579600378,0.0,-51.619027171022076,3.609458694197315,1.0145471934075325,-43.641262126837134,-62.55546217584535,76.2741477045593,68.53148729747873,1.0145471934075325,43.917353669166644,-62.55546217584535,0.0,0.0,0.0,0.0,1,1,1,1
1026,1.026,68.57238674557819,0.9552352972936582,37.818302236457995,-56.20207810367175,67.74140216455004,65.00956140956383,0.0,87.50699676883275,0.0,-49.26087696343946,3.562825336014356,0.9552352972936582,-49.688694532374754,-56.20207810367175,75.01759758551901,68.57238674557819,0.9552352972936582,37.818302236457995,-56.20207810367175,0.0,0.0,0.0,0.0,1,1,1,1
1027,1.027,68.60706159388235,0.9018424987126212,31.53304178346724,-50.74787577785385,59.746795898042734,65.09704377589418,0.0,87.4577358918693,0.0,-46.42947165682303,3.510017817988171,0.9018424987126212,-55.924694108402065,-50.74787577785385,75.51766884036361,68.60706159388235,0.9018424987126212,31.53304178346724,-50.74787577785385,0.0,0.0,0.0,0.0,1,1,1,1
1028,1.028,68.63552256535331,0.8533900604825854,25.456837486439767,-46.3396541048295,52.871675946259224,65.18447829705022,0.0,87.41130642021248,0.0,-43.16813196173675,3.451044268303093,0.8533900604825854,-61.954468933772716,-46.3396541048295,77.36743348089718,68.63552256535331,0.8533900604825854,25.456837486439767,-46.3396541048295,0.0,0.0,0.0,0.0,1,1,1,1
1029,1.029,68.65817556081207,0.8087894061067981,19.980530895443465,-43.05038960748615,47.461117351155174,65.27186801940445,0.0,87.36813828825075,0.0,-39.54695641261084,3.386307541407618,0.8087894061067981,-67.38760739280728,-43.05038960748615,79.9651528822617,68.65817556081207,0.8087894061067981,19.980530895443465,-43.05038960748615,0.0,0.0,0.0,0.0,1,1,1,0
1030,1.03,68.67580476869054,0.7669150633764725,15.46593281345963,-40.881571877917736,43.70924383925901,65.3592163842145,0.0,87.32859133183814,0.0,-35.65941161512422,3.3165883844760344,0.7669150633764725,-71.86265851837851,-40.881571877917736,82.67735245240037,68.67580476869054,0.7669150633764725,15.46593281345963,-40.881571877917736,0.0,0.0,0.0,0.0,1,1,1,0
1031,1.031,68.68953236506992,0.7266735985584118,12.223823031543986,-39.76882259061385,41.60506098721914,65.44652714584053,0.0,87.29293192022301,0.0,-31.61751058012635,3.2430052192293886,0.7266735985584118,-75.06910888867903,-39.76882259061385,84.9525182651113,68.68953236506992,0.7266735985584118,12.223823031543986,-39.76882259061385,0.0,0.0,0.0,0.0,1,1,1,0
1032,1.032,68.70075800903126,0.6870654725898719,10.495713444982542,-39.59034717183606,40.95797345945835,65.53380426900546,0.0,87.26131440964289,0.0,-27.545912191514084,3.1669537400258037,0.6870654725898719,-76.76560096466035,-39.59034717183606,86.37333547254019,68.70075800903126,0.6870654725898719,10.495713444982542,-39.59034717183606,0.0,0.0,0.0,0.0,1,1,1,0
1033,1.033,68.71108236697933,0.6472372594556906,10.440267432714009,-40.177657619818,41.51196641791265,65.62105181045901,0.0,87.23376849745138,0.0,-23.575323233160614,3.0900305565203183,0.6472372594556906,-76.79350106473737,-40.177657619818,86.66882933093731,68.71108236697933,0.6472372594556906,10.440267432714009,-40.177657619818,0.0,0.0,0.0,0.0,1,1,1,0
1034,1.034,68.72221964400025,0.6065222704353339,12.12496659580512,-41.32792654857162,43.069854048435325,65.70827379129484,0.0,87.21019317421822,0.0,-19.835608998848713,3.0139458527054046,0.6065222704353339,-75.0852265784131,-41.32792654857162,85.70757704623182,68.72221964400025,0.6065222704353339,12.12496659580512,-41.32792654857162,0.0,0.0,0.0,0.0,1,1,1,0
1035,1.035,68.73590453161965,0.5644682927950504,15.523294711887985,-42.81728841025214,45.54440542502275,65.79547406666455,0.0,87.19035756521937,0.0,-16.449019072584637,2.9404304649550994,0.5644682927950504,-71.66706285333139,-42.81728841025214,83.4834599476451,68.73590453161965,0.5644682927950504,15.523294711887985,-42.81728841025214,0.0,0.0,0.0,0.0,1,1,1,0
1036,1.036,68.75379908955767,0.5208518431220099,20.517386959620474,-44.414394419912625,48.92444786953011,65.88265619972023,0.0,87.17390854614679,0.0,-13.523912495988137,2.8711428898374436,0.5208518431220099,-66.65652158652631,-44.414394419912625,80.0982540490279,68.75379908955767,0.5208518431220099,20.51738695962048,-44.414394419912625,0.0,0.0,-7.105427357601002e-15,0.0,1,1,1,0
1037,1.037,68.77740487279314,0.4756790196786088,26.905788116465843,-45.893551672399695,53.19905562390535,65.96982334631014,0.0,87.1603846336508,0.0,-11.149323564308705,2.8075815264830055,0.4756790196786088,-60.254596517184964,-45.893551672399695,75.74189386697417,68.77740487279314,0.4756790196786088,26.905788116465843,-45.893551672399695,0.0,0.0,0.0,0.0,1,1,1,0
1038,1.038,68.80798512017911,0.42917368278581497,34.41569270957321,-47.046831488166255,58.29103068016281,66.056978156282,0.0,87.1492353100865,0.0,-9.390649279036058,2.7510069638971117,0.42917368278581497,-52.73354260051329,-47.046831488166255,70.66987242295023,68.80798512017911,0.42917368278581497,34.41569270957321,-47.046831488166255,0.0,0.0,0.0,0.0,1,1,1,0
1039,1.039,68.8465010776338,0.38175426871151924,42.71881652192899,-47.694613023102875,64.0286919783449,66.14412269626746,0.0,87.13984466080746,0.0,-8.28666619582107,2.7023783813663442,0.38175426871151924,-44.42102813887846,-47.694613023102875,65.17671250023713,68.8465010776338,0.38175426871151924,42.71881652192899,-47.694613023102875,0.0,0.0,0.0,0.0,1,1,1,0
1040,1.04,68.89356559012205,0.33400102690349814,51.44988266096948,-47.69413044766601,70.15568761680346,66.23125839759517,0.0,87.13155799461164,0.0,-7.848002728859368,2.6623071925268817,0.33400102690349814,-35.68167533364216,-47.69413044766601,59.56435203856775,68.89356559012205,0.33400102690349814,51.44988266096948,-47.69413044766601,0.0,0.0,0.0,0.0,1,1,1,0
1041,1.041,68.94941602321782,0.2866158443132305,60.22660312849458,-46.94570961413819,76.36192359790434,66.31838603158842,0.0,87.12370999188278,0.0,-8.264978078213831,2.631029991629404,0.2866158443132305,-26.897106863388196,-46.94570961413819,54.105027574112846,68.94941602321782,0.2866158443132305,60.22660312849458,-46.94570961413819,0.0,0.0,0.0,0.0,1,1,1,0
1042,1.042,69.01390743258297,0.2403770718155352,68.67000115891283,-45.39650673185691,82.31896429511622,66.40550560909126,0.0,87.11544501380456,0.0,-9.386697565519862,2.608401823491704,0.2403770718155352,-18.445443854891735,-45.39650673185691,49.00078797794473,69.01390743258297,0.2403770718155352,68.67000115891283,-45.39650673185691,0.0,0.0,0.0,0.0,1,1,1,0
1043,1.043,69.0865257545374,0.19609189059021725,76.42394935576985,-43.04169069944382,87.71092961199227,66.49261636075629,0.0,87.10605831623904,0.0,-11.122824644207126,2.593909393781118,0.19609189059021725,-10.682108960469193,-43.04169069944382,44.3474304792276,69.0865257545374,0.19609189059021725,76.42394935576985,-43.04169069944382,0.0,0.0,0.0,0.0,1,1,1,0
1044,1.044,69.16641970638423,0.1545487514187068,83.17288911754892,-39.923136151037724,92.2582586237914,66.5797168576602,0.0,87.09493549159484,0.0,-13.368689758963074,2.5867028487240304,0.1545487514187068,-3.9220463740459195,-39.923136151037724,40.11532435235271,69.16641970638423,0.1545487514187068,83.17288911754892,-39.923136151037724,0.0,0.0,0.0,0.0,1,1,1,0
1045,1.045,69.25244911828432,0.11647229381425643,88.6568401321095,-36.125810206687824,95.73457821132368,66.66680510880691,0.0,87.08156680183588,0.0,-16.0103644468676,2.585644009477406,0.11647229381425643,1.5752733302736175,-36.125810206687824,36.16013895375267,69.25244911828432,0.11647229381425643,88.6568401321095,-36.125810206687824,0.0,0.0,0.0,0.0,1,1,1,0
1046,1.046,69.3432466170622,0.08248291679746009,92.68299442559255,-31.77213736513704,97.97757992746891,66.75387867042653,0.0,87.065556437389,0.0,-18.930044922265083,2.589367946635676,0.08248291679746009,5.617437988203548,-31.77213736513704,32.26490852769383,69.3432466170622,0.08248291679746009,92.68299442559255,-31.77213736513704,0.0,0.0,0.0,0.0,1,1,1,0
1047,1.047,69.43728898277945,0.05306284555556309,95.13340533206645,-27.01470987260302,98.89468822730655,66.84093476184147,0.0,87.04662639246673,0.0,-22.011457069699162,2.5963542209379824,0.05306284555556309,8.08677893959971,-27.01470987260302,28.199123091310277,69.43728898277945,0.05306284555556309,95.13340533206645,-27.01470987260302,0.0,0.0,0.0,0.0,1,1,1,0
1048,1.048,69.53297412481537,0.028530138321192295,95.96851449795952,-22.02777226220675,98.46409764874053,66.92797038250539,0.0,87.02461493539704,0.0,-25.145005007999487,2.6050037423099752,0.028530138321192295,8.943899562562478,-22.02777226220675,23.774273705433156,69.53297412481537,0.028530138321192295,95.96851449795952,-22.02777226220675,0.0,0.0,0.0,0.0,1,1,1,0
1049,1.049,69.62869948560926,0.009021628114772593,95.22649607004281,-16.997946774822758,96.73166879743978,67.0149824249383,0.0,86.99946993038904,0.0,-28.232410092556417,2.6137170606709645,0.009021628114772593,8.227026139653773,-16.997946774822758,18.884230290436882,69.62869948560926,0.009021628114772593,95.22649607004281,-16.997946774822758,0.0,0.0,0.0,0.0,1,1,1,0
1050,1.05,69.72293777382133,-0.005514681735453308,93.01862344898433,-12.114680427634887,93.80420987465145,67.10196777866364,0.0,86.97123752029648,0.0,-31.19062438351469,2.6209699951576937,-0.005514681735453308,6.047385928687845,-12.114680427634887,13.540175716519029,69.72293777382133,-0.005514681735453308,93.01862344898433,-12.114680427634887,0.0,0.0,0.0,0.0,1,1,1,0
1051,1.051,69.81430623857662,-0.015317727367438265,89.52106852250833,-7.5608851381263555,89.83979459840484,67.18892342087175,0.0,86.94004689591297,0.0,-33.954849635180686,2.6253828177048746,-0.015317727367438265,2.5810216265953585,-7.5608851381263555,7.989283867086771,69.81430623857662,-0.015317727367438265,89.52106852250833,-7.5608851381263555,0.0,0.0,0.0,0.0,1,1,1,0
1052,1.052,69.90162619574647,-0.02080241608005957,84.96371600808773,-3.5042111598818404,85.03594847919334,67.27584649034284,0.0,86.90609204627779,0.0,-36.48054675525884,2.6257797054036303,-0.02080241608005957,-1.942376038190062,-3.5042111598818404,4.006534728013143,69.90162619574647,-0.02080241608005957,84.96371600808773,-3.5042111598818404,0.0,0.0,0.0,0.0,1,1,1,0
1053,1.053,69.98397016993627,-0.022540413114938138,79.61670857039239,-0.08934370656603174,79.61675869991629,67.36273434211574,0.0,86.86961149952253,0.0,-38.74437821465552,2.621235827820527,-0.022540413114938138,-7.252902929130144,-0.08934370656603174,7.253453191224686,69.98397016993627,-0.022540413114938138,79.61670857039239,-0.08934370656603174,0.0,0.0,0.0,0.0,1,1,1,0
1054,1.054,70.0606947794416,-0.021233874600463238,73.77552643676513,2.568353632496526,73.82021905550937,67.44958458142617,0.0,86.83086712130788,0.0,-40.74408379310333,2.6111101980154388,-0.021233874600463238,-13.055340684542742,2.568353632496526,13.305576303604255,70.0606947794416,-0.021233874600463238,73.77552643676513,2.568353632496526,0.0,0.0,0.0,0.0,1,1,1,0
1055,1.055,70.13145831940841,-0.01768360303348834,67.7454457451123,4.387603336796745,67.88738087630885,67.53639507650557,0.0,86.79012303751477,0.0,-42.49734519810429,2.595063242902839,-0.01768360303348834,-19.04467729240247,4.387603336796745,19.54356150277682,70.13145831940841,-0.01768360303348834,67.7454457451123,4.387603336796745,0.0,0.0,0.0,0.0,1,1,1,0
1056,1.056,70.1962228431026,-0.012753304498305286,61.8262129802372,5.324226877108981,62.05504011211806,67.62316395087049,0.0,86.74762569231667,0.0,-44.03974467393127,2.573058892232112,-0.012753304498305286,-24.921412712079473,5.324226877108981,25.483802765771163,70.1962228431026,-0.012753304498305286,61.8262129802372,5.324226877108981,0.0,0.0,0.0,0.0,1,1,1,0
1057,1.057,70.25524135632719,-0.007331741663733073,56.2977213222587,5.372335999065664,56.5534739884789,67.70988955669047,0.0,86.70358594764274,0.0,-45.42196434532444,2.5453517996367196,-0.007331741663733073,-30.405864625384034,5.372335999065664,30.876829463272895,70.25524135632719,-0.007331741663733073,56.2977213222587,5.372335999065664,0.0,0.0,0.0,0.0,1,1,1,0
1058,1.058,70.3090314833092,-0.0022946023414992947,51.40738357351189,4.563720476284557,51.609559487170976,67.79657043165594,0.0,86.65816398329741,0.0,-46.70640488779017,2.5124610516532613,-0.0022946023414992947,-35.25078040978552,4.563720476284557,35.5449724164273,70.3090314833092,-0.0022946023414992947,51.40738357351189,4.563720476284557,0.0,0.0,0.0,0.0,1,1,1,0
1059,1.059,70.35833759751353,0.0015321568632215155,47.359772477617554,2.965533560761493,47.45252826174496,67.88320524243679,0.0,86.61145757840963,0.0,-47.96342297362958,2.475132355076738,0.0015321568632215155,-39.25168510079207,2.965533560761493,39.36355132037435,70.35833759751353,0.0015321568632215155,47.359772477617554,2.965533560761493,0.0,0.0,0.0,0.0,1,1,1,0
1060,1.06,70.4040839092084,0.0034058715668013554,44.30895104688721,0.6764507538859531,44.31411432600092,67.96979271830371,0.0,86.563494155436,0.0,-49.26739625467433,2.4342911909046876,0.0034058715668013554,-42.254543108548795,0.6764507538859531,42.259957393904706,70.4040839092084,0.0034058715668013554,44.30895104688721,0.6764507538859531,0.0,0.0,0.0,0.0,1,1,1,0
1061,1.061,70.44732134343376,0.0026962230798995386,42.35375221451423,-2.178459830164973,42.40973961108594,68.05633157876102,0.0,86.51422675918133,0.0,-50.69282250359317,2.3909897646727387,0.0026962230798995386,-44.160474544667096,-2.178459830164973,44.2141741893008,70.44732134343376,0.0026962230798995386,42.35375221451423,-2.178459830164973,0.0,0.0,0.0,0.0,1,1,1,0
1062,1.062,70.48917121699309,-0.0010913640585548624,41.53609830869723,-5.453868655728534,41.89262639204779,68.14282045910895,0.0,86.46353393667773,0.0,-52.31064665123331,2.3463507578841387,-0.0010913640585548624,-44.92743562798051,-5.453868655728534,45.25725527935019,70.48917121699309,-0.0010913640585548624,41.53609830869723,-5.453868655728534,0.0,0.0,0.0,0.0,1,1,1,0
1063,1.063,70.53076873040956,-0.008298824201264295,41.84228589016858,-8.990997690007147,42.79737057315922,68.2292578377223,0.0,86.4112232900265,0.0,-54.184987074349706,2.3015108926872614,-0.008298824201264295,-44.568937399857916,-8.990997690007147,45.46678150489836,70.53076873040956,-0.008298824201264295,41.84228589016858,-8.990997690007147,0.0,0.0,0.0,0.0,1,1,1,0
1064,1.064,70.57320913874497,-0.019105566579221068,43.20700908526102,-12.624778622396038,45.013672027044585,68.31564196851879,0.0,86.35703830295215,0.0,-56.37040229797036,2.2575671702261815,-0.019105566579221068,-43.15002921769113,-12.624778622396038,44.95898193633955,70.57320913874497,-0.019105566579221068,43.20700908526102,-12.624778622396038,0.0,0.0,0.0,0.0,1,1,1,0
1065,1.065,70.61749917020144,-0.03352578143398565,45.51976223099472,-16.19101961892822,48.313537128498595,68.4019708216206,0.0,86.30066790065418,0.0,-58.909803301560764,2.215528348580847,-0.03352578143398565,-40.780905669659454,-16.19101961892822,43.87745871786766,70.61749917020144,-0.03352578143398565,45.51976223099472,-16.19101961892822,0.0,0.0,0.0,0.0,1,1,1,0
1066,1.066,70.66451584677453,-0.05141278215808674,48.63315648835455,-19.53325901522024,52.40927511210649,68.4882420346196,0.0,86.24175809735262,0.0,-61.83307708350778,2.176273812154932,-0.05141278215808674,-37.608601608998065,-19.53325901522024,42.37871072531601,70.66451584677453,-0.05141278215808674,48.63315648835455,-19.53325901522024,0.0,0.0,0.0,0.0,1,1,1,0
1067,1.067,70.71497435537214,-0.07246992120219085,52.372609400791475,-22.50901351499198,57.00478843804232,68.57445287617841,0.0,86.17992502026911,0.0,-65.1564463423162,2.1405214791937226,-0.07246992120219085,-33.807315619477635,-22.50901351499198,40.615148390878346,70.71497435537214,-0.07246992120219085,52.372609400791475,-22.50901351499198,0.0,0.0,0.0,0.0,1,1,1,0
1068,1.068,70.76940605261946,-0.09626734473286178,56.546823625089694,-24.995169571199895,61.82476659058277,68.66060022297552,0.0,86.1147685739268,0.0,-68.88255031785145,2.1088058296439414,-0.09626734473286178,-29.567944948837102,-24.995169571199895,38.7172038038712,70.76940605261946,-0.09626734473286178,56.546823625089694,-24.995169571199895,0.0,0.0,0.0,0.0,1,1,1,0
1069,1.069,70.82814709539454,-0.12226362430610745,60.95846177880664,-26.89231718423977,66.62680230940089,68.74668055027428,0.0,86.04588602360894,0.0,-73.00119507112906,2.0814665451202643,-0.12226362430610745,-25.087424244802307,-26.89231718423977,36.777378628396725,70.82814709539454,-0.12226362430610745,60.95846177880664,-26.89231718423977,0.0,0.0,0.0,0.0,1,1,1,0
1070,1.07,70.89133760494512,-0.14983113122588135,65.41444723389723,-28.127882552957796,71.20553127271303,68.83268993570036,0.0,85.97288482853781,0.0,-77.4906895600516,2.0586476692447633,-0.14983113122588135,-20.55843759464058,-28.127882552957796,34.84002200409349,70.89133760494512,-0.14983113122588135,65.41444723389723,-28.127882552957796,0.0,0.0,0.0,0.0,1,1,1,0
1071,1.071,70.95893072603981,-0.17828390595131458,69.73537277358207,-28.6579768964362,75.39430917295498,68.91862407518411,0.0,85.89539413897776,0.0,-82.31965822680918,2.0403066508556975,-0.17828390595131458,-16.160021365395693,-28.6579768964362,32.900242101338954,70.95893072603981,-0.17828390595131458,69.73537277358207,-28.6579768964362,0.0,0.0,0.0,0.0,1,1,1,0
1072,1.072,71.03071046112423,-0.2069067230912155,73.76357593660012,-28.467940351245186,79.06635670622889,69.00447830949398,0.0,85.81307448075096,0.0,-87.44920247088139,2.0262321516302535,-0.2069067230912155,-12.049498544150836,-28.467940351245186,30.913007666798567,71.03071046112423,-0.2069067230912155,73.76357593660012,-28.467940351245186,0.0,0.0,0.0,0.0,1,1,1,0
1073,1.073,71.10631676503638,-0.23498406144025083,77.36953611431241,-27.57161928773902,82.13549359863806,69.09024765937349,0.0,85.72562527828008,0.0,-92.83527291159031,2.0160691056628934,-0.23498406144025083,-8.356089163967667,-27.57161928773902,28.81004019893412,71.10631676503638,-0.23498406144025083,77.36953611431241,-27.57161928773902,0.0,0.0,0.0,0.0,1,1,1,0
1074,1.074,71.18527609475497,-0.2618277546949416,80.45635781099263,-26.009470077019035,84.55600538044487,69.17592686701532,0.0,85.63279000536849,0.0,-98.4311118640576,2.009349227739648,-0.2618277546949416,-5.176432194375863,-26.009470077019035,26.519577371261395,71.18527609475497,-0.2618277546949416,80.45635781099263,-26.009470077019035,0.0,0.0,0.0,0.0,1,1,1,0
1075,1.075,71.26703543072331,-0.28680221602934636,82.96222032687002,-23.845630029807808,86.32116816333406,69.26151044146475,0.0,85.53435889350443,0.0,-104.18963064384391,2.0055249892585607,-0.28680221602934636,-2.5721385666344077,-23.845630029807808,23.983952308250615,71.26703543072331,-0.28680221602934636,82.96222032687002,-23.845630029807808,0.0,0.0,0.0,0.0,1,1,1,0
1076,1.076,71.35099772470909,-0.3093462906702213,84.86078988732429,-21.164135112167898,87.46012963257428,69.34699270554295,0.0,85.43016926286059,0.0,-110.06559846586056,2.0040050191661436,-0.3093462906702213,-0.5693793755363004,-21.164135112167898,21.171792742216805,71.35099772470909,-0.3093462906702213,84.86078988732429,-21.164135112167898,0.0,0.0,0.0,0.0,1,1,1,0
1077,1.077,71.43655678067863,-0.32899098548397426,86.15969969476502,-18.064492812428906,88.03306056284984,69.43236784200657,0.0,85.32010366439472,0.0,-116.01753776484152,2.0041889386720584,-0.32899098548397426,0.8395960303703021,-18.064492812428906,18.083993531974876,71.43655678067863,-0.32899098548397426,86.15969969476502,-18.064492812428906,0.0,0.0,0.0,0.0,1,1,1,0
1078,1.078,71.52312973063654,-0.34537254282786256,86.89730097873687,-14.656836412925857,88.12470579255543,69.51762993690208,0.0,85.20408612662987,0.0,-122.00924343133613,2.005499793734458,-0.34537254282786256,1.6932148521069905,-14.656836412925857,14.75431564562264,71.52312973063654,-0.34537254282786256,86.89730097873687,-14.656836412925857,0.0,0.0,0.0,0.0,1,1,1,0
1079,1.079,71.61018551256323,-0.3582405564702725,87.13796926474437,-11.056893672665554,87.83666993501157,69.60277301840699,0.0,85.08207688319854,0.0,-128.0108692476876,2.0074124941562417,-0.3582405564702725,2.0558923815458314,-11.056893672665554,11.246403477251283,71.61018551256323,-0.3582405564702725,87.13796926474437,-11.056893672665554,0.0,0.0,0.0,0.0,1,1,1,0
1080,1.08,71.69726807419063,-0.36746105922506705,86.96631131413851,-7.380998836900163,87.27896910148502,69.68779108985557,0.0,84.95406601395085,0.0,-133.99955215814583,2.009476984335066,-0.36746105922506705,2.012245300187658,-7.380998836900163,7.650377440260636,71.69726807419063,-0.36746105922506705,86.96631131413851,-7.380998836900163,0.0,0.0,0.0,0.0,1,1,1,0
1081,1.081,71.78401339326858,-0.3730147345727711,86.48065731181266,-3.741362720816225,86.56154968628907,69.77267815609343,0.0,84.8200664617927,0.0,-139.95957235665787,2.011335237175146,-0.3730147345727711,1.6605908500199575,-3.741362720816225,4.093330792873133,71.78401339326858,-0.3730147345727711,86.48065731181266,-3.741362720816225,0.0,0.0,0.0,0.0,1,1,1,0
1082,1.082,71.87015979953965,-0.37499060843850524,85.7862390151407,-0.24179254930878713,85.78657976629998,69.85742824276905,0.0,84.68010688943605,0.0,-145.8820730568232,2.0127315567706034,-0.37499060843850524,1.1061321257046473,-0.24179254930878713,1.132250818686886,71.87015979953965,-0.37499060843850524,85.7862390151407,-0.24179254930878713,0.0,0.0,0.0,0.0,1,1,1,0
1083,1.083,71.95555148296171,-0.3735757543032646,84.98844813534656,3.0259772026886473,85.04230038331326,69.94203540862195,0.0,84.53422481637922,0.0,-151.76438691938728,2.013516074339762,-0.3735757543032646,0.4542233189673368,3.0259772026886473,3.0598785686175707,71.95555148296171,-0.3735757543032646,84.98844813534656,3.0259772026886473,0.0,0.0,0.0,0.0,1,1,1,0
1084,1.084,72.04013545493497,-0.3690416884405371,84.18654180627169,5.985217757476978,84.3990322983833,70.02649375124487,0.0,84.38246042945984,0.0,-157.60903538262625,2.013641703690098,-0.3690416884405371,-0.1959186231881489,5.985217757476978,5.988423474615809,72.04013545493497,-0.3690416884405371,84.18654180627169,5.985217757476978,0.0,0.0,0.0,0.0,1,1,1,0
1085,1.085,72.12395257466565,-0.36172823765805656,83.46811625383751,8.576317249670904,83.9075660982437,70.11079740715665,0.0,84.22485139407722,0.0,-163.42248177855743,2.013155167508998,-0.36172823765805656,-0.7567351402397122,8.576317249670904,8.609637950545673,72.12395257466565,-0.36172823765805656,83.46811625383751,8.576317249670904,0.0,0.0,0.0,0.0,1,1,1,0
1086,1.086,72.20712354469761,-0.3520257268223701,82.90460920386874,10.75802604426788,83.59969707849032,70.19494054730984,0.0,84.06142891229867,0.0,-169.2137286442542,2.012182997387768,-0.3520257268223701,-1.1568197084299214,10.75802604426788,10.820044186922615,72.20712354469761,-0.3520257268223701,82.90460920386874,10.75802604426788,0.0,0.0,0.0,0.0,1,1,1,0
1087,1.087,72.28983100523737,-0.34035635697718436,82.54802025604559,12.507833047330722,83.4902481475077,70.27891736935781,0.0,83.89221518365441,0.0,-174.99285390314319,2.010913635879561,-0.34035635697718436,-1.3441949276088252,12.507833047330722,12.579854829977483,72.28983100523737,-0.34035635697718436,82.54802025604559,12.507833047330722,0.0,0.0,0.0,0.0,1,1,1,0
1088,1.088,72.37229900766489,-0.32715562827025474,82.4289608604245,13.821508810921225,83.57970862799036,70.36272208811451,0.0,83.71722232975127,0.0,-180.7695797782422,2.0095769195503834,-0.32715562827025474,-1.2882614693267698,13.821508810921225,13.881416477569031,72.37229900766489,-0.32715562827025474,82.4289608604245,13.821508810921225,0.0,0.0,0.0,0.0,1,1,1,0
1089,1.089,72.4547712195517,-0.31285460816156907,82.55606620664324,14.71188635973817,83.85668528971027,70.44634892565438,0.0,83.53645274997302,0.0,-186.551962911704,2.0084222938973255,-0.31285460816156907,-0.9803865433297858,14.71188635973817,14.744516202174697,72.4547712195517,-0.31285460816156907,82.55606620664324,14.71188635973817,0.0,0.0,0.0,0.0,1,1,1,0
1090,1.09,72.53748920708804,-0.29786375899842116,82.91672466393176,15.206980625748827,84.29967668233473,70.52979210242289,0.0,83.34990078706132,0.0,-192.34528500958206,2.007697104665155,-0.29786375899842116,-0.4331761231295559,15.206980625748827,15.213148960867692,72.53748920708804,-0.29786375899842116,82.91672466393176,15.206980625748827,0.0,0.0,0.0,0.0,1,1,1,0
1091,1.091,72.62067206074289,-0.28255892574047436,83.4790103966466,15.34757109887068,84.87810739783447,70.61304583056744,0.0,83.15755550205174,0.0,-198.15121149631167,2.007626230175447,-0.28255892574047436,0.321454894594865,15.34757109887068,15.350937166314948,72.62067206074289,-0.28255892574047436,83.4790103966466,15.34757109887068,0.0,0.0,0.0,0.0,1,1,1,0
1092,1.092,72.70449848467715,-0.2672699510296516,84.19464484949832,15.184389059234409,85.55293035563044,70.69610431046375,0.0,82.95940429055543,0.0,-203.9672725033721,2.008394174213393,-0.2672699510296516,1.2352405589428912,15.184389059234409,15.23454923326106,72.70449848467715,-0.2672699510296516,84.19464484949832,15.184389059234409,0.0,0.0,0.0,0.0,1,1,1,0
1093,1.093,72.78909227138982,-0.2522722381058173,85.00276564056676,14.7750601792047,86.27730043206172,70.77896173111805,0.0,82.75543701805205,0.0,-209.7867076457483,2.010130540271774,-0.2522722381058173,2.247328622514715,14.7750601792047,14.94499545790143,72.78909227138982,-0.2522722381058173,85.00276564056676,14.7750601792047,0.0,0.0,0.0,0.0,1,1,1,0
1094,1.094,72.87451184407958,-0.23778142964093735,85.8342488727677,14.180955354584341,86.99780327296165,70.86161227478227,0.0,82.5456503104063,0.0,-215.5987053557562,2.0128995692973035,-0.23778142964093735,3.2885985623614005,14.180955354584341,14.557279116410449,72.87451184407958,-0.23778142964093735,85.8342488727677,14.180955354584341,0.0,0.0,0.0,0.0,1,1,1,0
1095,1.095,72.96074428543045,-0.22395121962152698,86.61631393842039,13.464097662722352,87.65653293480369,70.94405012574,0.0,82.33005160505054,0.0,-221.38906129077034,2.016694159690445,-0.22395121962152698,4.286262333369848,13.464097662722352,14.129896342924482,72.96074428543045,-0.22395121962152698,86.61631393842039,13.464097662722352,0.0,0.0,0.0,0.0,1,1,1,0
1096,1.096,73.04770399868228,-0.21087417269698208,87.27713861558857,12.684261971035523,88.1940441678151,71.02626948281441,0.0,82.10866254375978,0.0,-227.1412812265271,2.021434515867867,-0.21087417269698208,5.168476071828792,12.684261971035523,13.696848055480675,73.04770399868228,-0.21087417269698208,87.27713861558857,12.684261971035523,0.0,0.0,0.0,0.0,1,1,1,0
1097,1.097,73.13523588026084,-0.19858529692393107,87.75022585867825,11.89638681001248,88.5529567963853,71.10826457471757,0.0,81.88152126253325,0.0,-232.83816529955226,2.0269713055432703,-0.19858529692393107,5.868704596144994,11.89638681001248,13.265206849885617,73.13523588026084,-0.19858529692393107,87.75022585867825,11.89638681001248,0.0,0.0,0.0,0.0,1,1,1,0
1098,1.098,73.2231226370869,-0.18706800658273698,87.9782906290723,11.148396760133314,88.6818266181683,71.19002967689745,0.0,81.6486830972337,0.0,-238.46393692484406,2.0330929601894496,-0.18706800658273698,6.3296075318386045,11.148396760133314,12.819932988454307,73.2231226370869,-0.18706800658273698,87.9782906290723,11.148396760133314,0.0,0.0,0.0,0.0,1,1,1,0
1099,1.099,73.31109566825675,-0.17626202557589604,87.9164732184902,10.479509004532044,88.53884103687811,71.27155912802621,0.0,81.41021916030886,0.0,-244.00702723445596,2.039536540230543,-0.17626202557589604,6.506254058181341,10.479509004532044,12.334968619565652,73.31109566825675,-0.17626202557589604,87.9164732184902,10.479509004532044,0.0,0.0,0.0,0.0,1,1,1,0
1100,1.1,73.39884875995766,-0.16607272142506083,87.53473212896427,9.919071169546225,88.09493346246452,71.35284734367289,0.0,81.1662121330744,0.0,-249.46370292604078,2.046001416284767,-0.16607272142506083,6.368519995889869,9.919071169546225,11.787536630041588,73.39884875995766,-0.16607272142506083,87.53473212896427,9.919071169546225,0.0,0.0,0.0,0.0,1,1,1,0
