k,t,target_x,target_y,target_vx,target_vy,target_speed,axis_x,axis_y,axis_vx,axis_vy,axis_a,galvo_x,galvo_y,galvo_vx,galvo_vy,galvo_speed,synth_x,synth_y,synth_vx,synth_vy,error_x,error_y,error_vx,error_vy,galvo_in_square,galvo_speed_ok,axis_ok,laser_command,laser_on
0,0.0,0.0,0.0,65.0,0.0,65.0,0.0,0.0,65.0,0.0,-121.09766227634482,0.0,0.0,0.0,0.0,0.0,0.0,0.0,65.0,0.0,0.0,0.0,0.0,0.0,1,1,1,1,1
1,0.001,0.06498194945848376,0.0,65.0,0.0,65.0,0.06493945116886184,0.0,64.87890233772366,0.0,-119.9021445590517,4.249828962192559e-05,0.0,0.12109766227634111,0.0,0.12109766227634111,0.06498194945848376,0.0,65.0,0.0,0.0,0.0,0.0,0.0,1,1,1,1,1
2,0.002,0.12996389891696752,0.0,65.0,0.0,65.0,0.12975840243430597,0.0,64.75900019316461,0.0,-118.70674132711386,0.00020549648266154907,0.0,0.24099980683539002,0.0,0.24099980683539002,0.12996389891696752,0.0,65.0,0.0,0.0,0.0,0.0,0.0,1,1,1,1,1
3,0.003,0.19494584837545126,0.0,65.0,0.0,65.0,0.19445804925680701,0.0,64.6402934518375,0.0,-117.51156700739618,0.0004877991186442443,0.0,0.3597065481625066,0.0,0.3597065481625066,0.19494584837545126,0.0,65.0,0.0,0.0,0.0,0.0,0.0,1,1,1,1,1
4,0.004,0.25992779783393505,0.0,65.0,0.0,65.0,0.25903958692514084,0.0,64.5227818848301,0.0,-116.31673488438753,0.0008882109087942069,0.0,0.4772181151699044,0.0,0.4772181151699044,0.25992779783393505,0.0,65.0,0.0,0.0,0.0,0.0,0.0,1,1,1,1,1
5,0.005,0.3249097472924188,0.0,65.0,0.0,65.0,0.3235042104425287,0.0,64.4064651499457,0.0,-115.12235710043471,0.0014055368498900878,0.0,0.5935348500542972,0.0,0.5935348500542972,0.3249097472924188,0.0,65.0,0.0,0.0,0.0,0.0,0.0,1,1,1,1,1
6,0.006,0.3898916967509025,0.0,65.0,0.0,65.0,0.38785311441392417,0.0,64.29134279284527,0.0,-113.92854465608403,0.002038582336978345,0.0,0.7086572071547295,0.0,0.7086572071547295,0.3898916967509025,0.0,65.0,0.0,0.0,0.0,0.0,0.0,1,1,1,1,1
7,0.007,0.45487364620938625,0.0,65.0,0.0,65.0,0.4520874929344414,0.0,64.17741424818918,0.0,-112.73540741053048,0.002786153274944858,0.0,0.8225857518108199,0.0,0.8225857518108199,0.45487364620938625,0.0,65.0,0.0,0.0,0.0,0.0,0.0,1,1,1,1,1
8,0.008,0.5198555956678701,0.0,65.0,0.0,65.0,0.5162085394789253,0.0,64.06467884077865,0.0,-111.54305408217326,0.003647056188944786,0.0,0.9353211592213455,0.0,0.9353211592213455,0.5198555956678701,0.0,65.0,0.0,0.0,0.0,0.0,0.0,1,1,1,1,1
9,0.009000000000000001,0.5848375451263538,0.0,65.0,0.0,65.0,0.5802174467926628,0.0,63.95313578669648,0.0,-110.35159224927443,0.004620098333690925,0.0,1.0468642133035218,0.0,1.0468642133035218,0.5848375451263538,0.0,65.0,0.0,0.0,0.0,0.0,0.0,1,1,1,1,1
10,0.01,0.6498194945848376,0.0,65.0,0.0,65.0,0.6441154067832346,0.0,63.842784194447205,0.0,-109.16112835072366,0.0057040878016029195,0.0,1.157215805552795,0.0,1.157215805552795,0.6498194945848376,0.0,65.0,0.0,0.0,0.0,0.0,0.0,1,1,1,1,1
11,0.011,0.7148014440433214,0.0,65.0,0.0,65.0,0.7079036104135065,0.0,63.733623066096484,0.0,-107.97176768690339,0.006897833629814887,0.0,1.2663769339035156,0.0,1.2663769339035156,0.7148014440433214,0.0,65.0,0.0,0.0,0.0,0.0,0.0,1,1,1,1,1
12,0.012,0.779783393501805,0.0,65.0,0.0,65.0,0.7715832475957596,0.0,63.62565129840958,0.0,-106.78361442065705,0.008200145906045453,0.0,1.3743487015904208,0.0,1.3743487015904208,0.779783393501805,0.0,65.0,0.0,0.0,0.0,0.0,0.0,1,1,1,1,1
13,0.013000000000000001,0.8447653429602888,0.0,65.0,0.0,65.0,0.8351555070869588,0.0,63.51886768398892,0.0,-105.59677157835759,0.009609835873329975,0.0,1.4811323160110774,0.0,1.4811323160110774,0.8447653429602888,0.0,65.0,0.0,0.0,0.0,0.0,0.0,1,1,1,1,1
14,0.014,0.9097472924187725,0.0,65.0,0.0,65.0,0.8986215763851586,0.0,63.41327091241057,0.0,-104.41134105107442,0.011125716033613897,0.0,1.5867290875894327,0.0,1.5867290875894327,0.9097472924187725,0.0,65.0,0.0,0.0,0.0,0.0,0.0,1,1,1,1,1
15,0.015,0.9747292418772563,0.0,65.0,0.0,65.0,0.9619826416270436,0.0,63.30885957135949,0.0,-103.22742359583972,0.01274660025021268,0.0,1.6911404286405087,0.0,1.6911404286405087,0.9747292418772563,0.0,65.0,0.0,0.0,0.0,0.0,0.0,1,1,1,1,1
16,0.016,1.0397111913357402,0.0,65.0,0.0,65.0,1.0252398874866053,0.0,63.20563214776365,0.0,-102.0451188370119,0.014471303849134864,0.0,1.7943678522363484,0.0,1.7943678522363484,1.0397111913357402,0.0,65.0,0.0,0.0,0.0,0.0,0.0,1,1,1,1,1
17,0.017,1.1046931407942238,0.0,65.0,0.0,65.0,1.0883944970749504,0.0,63.10358702892664,0.0,-100.86452526773407,0.016298643719273365,0.0,1.8964129710733602,0.0,1.8964129710733602,1.1046931407942238,0.0,65.0,0.0,0.0,0.0,0.0,0.0,1,1,1,1,1
18,0.018000000000000002,1.1696750902527075,0.0,65.0,0.0,65.0,1.1514476518412433,0.0,63.00272250365891,0.0,-99.68574025148918,0.018227438411464236,0.0,1.9972774963410913,0.0,1.9972774963410913,1.1696750902527075,0.0,65.0,0.0,0.0,0.0,0.0,0.0,1,1,1,1,1
19,0.019,1.2346570397111913,0.0,65.0,0.0,65.0,1.2144005314747766,0.0,62.90303676340742,0.0,-98.50886002374789,0.020256508236414783,0.0,2.096963236592579,0.0,2.096963236592579,1.2346570397111913,0.0,65.0,0.0,0.0,0.0,0.0,0.0,1,1,1,1,1
20,0.02,1.2996389891696751,0.0,65.0,0.0,65.0,1.277254313808172,0.0,62.80452790338367,0.0,-97.33397969371,0.022384675361503126,0.0,2.195472096616328,0.0,2.195472096616328,1.2996389891696751,0.0,65.0,0.0,0.0,0.0,0.0,0.0,1,1,1,1,1
21,0.021,1.3646209386281587,0.0,65.0,0.0,65.0,1.3400101747217088,0.0,62.707193923689964,0.0,-96.16119324613744,0.024610763906449895,0.0,2.292806076310036,0.0,2.292806076310036,1.3646209386281587,0.0,65.0,0.0,0.0,0.0,0.0,0.0,1,1,1,1,1
22,0.022,1.4296028880866427,0.0,65.0,0.0,65.0,1.4026692880487759,0.0,62.611032730443824,0.0,-94.99059354327802,0.026933600037866823,0.0,2.3889672695561757,0.0,2.3889672695561757,1.4296028880866427,0.0,65.0,0.0,0.0,0.0,0.0,0.0,1,1,1,1,1
23,0.023,1.4945848375451263,0.0,65.0,0.0,65.0,1.465232825482448,0.0,62.516042136900545,0.0,-93.82227232687872,0.029352012062678234,0.0,2.483957863099455,0.0,2.483957863099455,1.4945848375451263,0.0,65.0,0.0,0.0,0.0,0.0,0.0,1,1,1,1,1
24,0.024,1.55956678700361,0.0,65.0,0.0,65.0,1.5277019564831853,0.0,62.42221986457366,0.0,-92.65632022028812,0.03186483052042477,0.0,2.5777801354263374,0.0,2.5777801354263374,1.55956678700361,0.0,65.0,0.0,0.0,0.0,0.0,0.0,1,1,1,1,1
25,0.025,1.6245487364620939,0.0,65.0,0.0,65.0,1.5900778481876487,0.0,62.32956354435338,0.0,-91.49282673064587,0.03447088827444511,0.0,2.670436455646623,0.0,2.670436455646623,1.6245487364620939,0.0,65.0,0.0,0.0,0.0,0.0,0.0,1,1,1,1,1
26,0.026000000000000002,1.6895306859205776,0.0,65.0,0.0,65.0,1.6523616653186368,0.0,62.23807071762273,0.0,-90.33188025115832,0.03716902060194083,0.0,2.7619292823772668,0.0,2.7619292823772668,1.6895306859205776,0.0,65.0,0.0,0.0,0.0,0.0,0.0,1,1,1,1,1
27,0.027,1.7545126353790614,0.0,65.0,0.0,65.0,1.714554570096134,0.0,62.14773883737158,0.0,-89.17356806346025,0.039958065282927446,0.0,2.852261162628423,0.0,2.852261162628423,1.7545126353790614,0.0,65.0,0.0,0.0,0.0,0.0,0.0,1,1,1,1,1
28,0.028,1.819494584837545,0.0,65.0,0.0,65.0,1.776657722149474,0.0,62.05856526930812,0.0,-88.0179763400608,0.042836862688071076,0.0,2.9414347306918813,0.0,2.9414347306918813,1.819494584837545,0.0,65.0,0.0,0.0,0.0,0.0,0.0,1,1,1,1,1
29,0.029,1.884476534296029,0.0,65.0,0.0,65.0,1.838672278430612,0.0,61.97054729296806,0.0,-86.86519014687208,0.04580425586541703,0.0,3.0294527070319432,0.0,3.0294527070319432,1.884476534296029,0.0,65.0,0.0,0.0,0.0,0.0,0.0,1,1,1,1,1
30,0.03,1.9494584837545126,0.0,65.0,0.0,65.0,1.9005993931285068,0.0,61.88368210282118,0.0,-85.71529344582066,0.0488590906260058,0.0,3.116317897178817,0.0,3.116317897178817,1.9494584837545126,0.0,65.0,0.0,0.0,0.0,0.0,0.0,1,1,1,1,1
31,0.031,2.014440433212996,0.0,65.0,0.0,65.0,1.9624402175846052,0.0,61.79796680937536,0.0,-84.56836909753989,0.05200021562839097,0.0,3.2020331906246398,0.0,3.2020331906246398,2.014440433212996,0.0,65.0,0.0,0.0,0.0,0.0,0.0,1,1,1,1,1
32,0.032,2.0794223826714804,0.0,65.0,0.0,65.0,2.0241959002094316,0.0,61.71339844027782,0.0,-83.42449886414215,0.055226482462048754,0.0,3.286601559722179,0.0,3.286601559722179,2.0794223826714804,0.0,65.0,0.0,0.0,0.0,0.0,0.0,1,1,1,1,1
33,0.033,2.1444043321299637,0.0,65.0,0.0,65.0,2.085867586400277,0.0,61.62997394141368,0.0,-82.28376341207058,0.05853674572968659,0.0,3.370026058586319,0.0,3.370026058586319,2.1444043321299637,0.0,65.0,0.0,0.0,0.0,0.0,0.0,1,1,1,1,1
34,0.034,2.2093862815884475,0.0,65.0,0.0,65.0,2.147456418459985,0.0,61.54769017800161,0.0,-81.1462423150286,0.0619298631284626,0.0,3.4523098219983908,0.0,3.4523098219983908,2.2093862815884475,0.0,65.0,0.0,0.0,0.0,0.0,0.0,1,1,1,1,1
35,0.035,2.2743682310469313,0.0,65.0,0.0,65.0,2.208963535516829,0.0,61.46654393568658,0.0,-80.01201405698586,0.06540469553010242,0.0,3.5334560643134196,0.0,3.5334560643134196,2.2743682310469313,0.0,65.0,0.0,0.0,0.0,0.0,0.0,1,1,1,1,1
36,0.036000000000000004,2.339350180505415,0.0,65.0,0.0,65.0,2.270390073445487,0.0,61.3865319216296,0.0,-78.88115603526126,0.06896010705992817,0.0,3.6134680783704027,0.0,3.6134680783704027,2.339350180505415,0.0,65.0,0.0,0.0,0.0,0.0,0.0,1,1,1,1,1
37,0.037,2.4043321299638993,0.0,65.0,0.0,65.0,2.3317371647890988,0.0,61.30765076559434,0.0,-77.75374456367975,0.07259496517480057,0.0,3.692349234405661,0.0,3.692349234405661,2.4043321299638993,0.0,65.0,0.0,0.0,0.0,0.0,0.0,1,1,1,1,1
38,0.038,2.4693140794223827,0.0,65.0,0.0,65.0,2.3930059386824114,0.0,61.22989702103066,0.0,-76.62985487580333,0.07630814073997128,0.0,3.7701029789693408,0.0,3.7701029789693408,2.4693140794223827,0.0,65.0,0.0,0.0,0.0,0.0,0.0,1,1,1,1,1
39,0.039,2.5342960288808665,0.0,65.0,0.0,65.0,2.4541975207760043,0.0,61.153267166154855,0.0,-75.50956112823489,0.08009850810486219,0.0,3.846732833845145,0.0,3.846732833845145,2.5342960288808665,0.0,65.0,0.0,0.0,0.0,0.0,0.0,1,1,1,1,1
40,0.04,2.5992779783393503,0.0,65.0,0.0,65.0,2.515313033161595,0.0,61.07775760502662,0.0,-74.39293640399377,0.0839649451777551,0.0,3.922242394973381,0.0,3.922242394973381,2.5992779783393503,0.0,65.0,0.0,0.0,0.0,0.0,0.0,1,1,1,1,1
41,0.041,2.6642599277978336,0.0,65.0,0.0,65.0,2.57635359429842,0.0,61.00336466862262,0.0,-73.28005271596206,0.08790633349941368,0.0,3.9966353313773766,0.0,3.9966353313773766,2.6642599277978336,0.0,65.0,0.0,0.0,0.0,0.0,0.0,1,1,1,1,1
42,0.042,2.7292418772563174,0.0,65.0,0.0,65.0,2.637320318940685,0.0,60.93008461590666,0.0,-72.17098101040062,0.09192155831563253,0.0,4.069915384093342,0.0,4.069915384093342,2.7292418772563174,0.0,65.0,0.0,0.0,0.0,0.0,0.0,1,1,1,1,1
43,0.043000000000000003,2.7942238267148016,0.0,65.0,0.0,65.0,2.6982143180660865,0.0,60.857913634896256,0.0,-71.06579117053363,0.09600950864871516,0.0,4.142086365103744,0.0,4.142086365103744,2.7942238267148016,0.0,65.0,0.0,0.0,0.0,0.0,0.0,1,1,1,1,1
44,0.044,2.8592057761732854,0.0,65.0,0.0,65.0,2.759036698805397,0.0,60.786847843725724,0.0,-69.96455202020093,0.10016907736788827,0.0,4.213152156274276,0.0,4.213152156274276,2.8592057761732854,0.0,65.0,0.0,0.0,0.0,0.0,0.0,1,1,1,1,1
45,0.045,2.924187725631769,0.0,65.0,0.0,65.0,2.8197885643731126,0.0,60.71688329170552,0.0,-68.86733132757702,0.10439916125865656,0.0,4.283116708294479,0.0,4.283116708294479,2.924187725631769,0.0,65.0,0.0,0.0,0.0,0.0,0.0,1,1,1,1,1
46,0.046,2.9891696750902526,0.0,65.0,0.0,65.0,2.8804710139991543,0.0,60.64801596037795,0.0,-67.77419580895562,0.10869866109109827,0.0,4.351984039622053,0.0,4.351984039622053,2.9891696750902526,0.0,65.0,0.0,0.0,0.0,0.0,0.0,1,1,1,1,1
47,0.047,3.0541516245487363,0.0,65.0,0.0,65.0,2.9410851428616276,0.0,60.58024176456899,0.0,-66.68521113259878,0.11306648168710876,0.0,4.419758235431011,0.0,4.419758235431011,3.0541516245487363,0.0,65.0,0.0,0.0,0.0,0.0,0.0,1,1,1,1,1
48,0.048,3.11913357400722,0.0,65.0,0.0,65.0,3.0016320420206304,0.0,60.51355655343639,0.0,-65.60044192264998,0.11750153198658975,0.0,4.486443446563612,0.0,4.486443446563612,3.11913357400722,0.0,65.0,0.0,0.0,0.0,0.0,0.0,1,1,1,1,1
49,0.049,3.184115523465704,0.0,65.0,0.0,65.0,3.0621127983531053,0.0,60.44795611151374,0.0,-64.51995176310938,0.12200272511259858,0.0,4.55204388848626,0.0,4.55204388848626,3.184115523465704,0.0,65.0,0.0,0.0,0.0,0.0,0.0,1,1,1,1,1
50,0.05,3.2490974729241877,0.0,65.0,0.0,65.0,3.1225284944887375,0.0,60.38343615975063,0.0,-63.44380320187071,0.12656897843545023,0.0,4.61656384024937,0.0,4.61656384024937,3.2490974729241877,0.0,65.0,0.0,0.0,0.0,0.0,0.0,1,1,1,1,1
51,0.051000000000000004,3.3140794223826715,0.0,65.0,0.0,65.0,3.1828802087468873,0.0,60.31999235654876,0.0,-62.37205775481943,0.13119921363578424,0.0,4.6800076434512405,0.0,4.6800076434512405,3.3140794223826715,0.0,65.0,0.0,0.0,0.0,0.0,0.0,1,1,1,1,1
52,0.052000000000000005,3.3790613718411553,0.0,65.0,0.0,65.0,3.2431690150745585,0.0,60.25762029879394,0.0,-61.304775909989644,0.13589235676659683,0.0,4.742379701206062,0.0,4.742379701206062,3.3790613718411553,0.0,65.0,0.0,0.0,0.0,0.0,0.0,1,1,1,1,1
53,0.053,3.444043321299639,0.0,65.0,0.0,65.0,3.3033959829853976,0.0,60.19631552288395,0.0,-60.24201713178043,0.14064733831424148,0.0,4.80368447711605,0.0,4.80368447711605,3.444043321299639,0.0,65.0,0.0,0.0,0.0,0.0,0.0,1,1,1,1,1
54,0.054,3.509025270758123,0.0,65.0,0.0,65.0,3.3635621774997153,0.0,60.13607350575217,0.0,-59.183839865228954,0.14546309325840756,0.0,4.863926494247828,0.0,4.863926494247828,3.509025270758123,0.0,65.0,0.0,0.0,0.0,0.0,0.0,1,1,1,1,1
55,0.055,3.574007220216606,0.0,65.0,0.0,65.0,3.4236686590855347,0.0,60.076889665886945,0.0,-58.130301540341634,0.15033856113107147,0.0,4.923110334113055,0.0,4.923110334113055,3.574007220216606,0.0,65.0,0.0,0.0,0.0,0.0,0.0,1,1,1,1,1
56,0.056,3.63898916967509,0.0,65.0,0.0,65.0,3.4837164836006513,0.0,60.0187593643466,0.0,-57.08145857647915,0.15527268607443867,0.0,4.9812406356534,0.0,4.9812406356534,3.63898916967509,0.0,65.0,0.0,0.0,0.0,0.0,0.0,1,1,1,1,1
57,0.057,3.7039711191335742,0.0,65.0,0.0,65.0,3.5437067022357094,0.0,59.961677905770124,0.0,-56.03736638679854,0.16026441689786486,0.0,5.038322094229876,0.0,5.038322094229876,3.7039711191335742,0.0,65.0,0.0,0.0,0.0,0.0,0.0,1,1,1,1,1
58,0.058,3.768953068592058,0.0,65.0,0.0,65.0,3.603640361458286,0.0,59.90564053938333,0.0,-54.998079382746454,0.1653127071337721,0.0,5.094359460616673,0.0,5.094359460616673,3.768953068592058,0.0,65.0,0.0,0.0,0.0,0.0,0.0,1,1,1,1,1
59,0.059000000000000004,3.8339350180505414,0.0,65.0,0.0,65.0,3.6635185029579778,0.0,59.85064246000058,0.0,-53.96365097860774,0.17041651509256361,0.0,5.149357539999421,0.0,5.149357539999421,3.8339350180505414,0.0,65.0,0.0,0.0,0.0,0.0,0.0,1,1,1,1,1
60,0.06,3.898916967509025,0.0,65.0,0.0,65.0,3.723342163592489,0.0,59.79667880902197,0.0,-52.93413359610375,0.17557480391653613,0.0,5.203321190978031,0.0,5.203321190978031,3.898916967509025,0.0,65.0,0.0,0.0,0.0,0.0,0.0,1,1,1,1,1
61,0.061,3.963898916967509,0.0,65.0,0.0,65.0,3.7831123753347127,0.0,59.743744675425866,0.0,-51.9095786690434,0.18078654163279628,0.0,5.256255324574134,0.0,5.256255324574134,3.963898916967509,0.0,65.0,0.0,0.0,0.0,0.0,0.0,1,1,1,1,1
62,0.062,4.028880866425992,0.0,65.0,0.0,65.0,3.842830165220804,0.0,59.691835096756826,0.0,-50.89003664802264,0.1860507012051884,0.0,5.308164903243174,0.0,5.308164903243174,4.028880866425992,0.0,65.0,0.0,0.0,0.0,0.0,0.0,1,1,1,1,1
63,0.063,4.093862815884477,0.0,65.0,0.0,65.0,3.902496555299237,0.0,59.640945060108805,0.0,-49.87555700517407,0.19136626058523998,0.0,5.359054939891195,0.0,5.359054939891195,4.093862815884477,0.0,65.0,0.0,0.0,0.0,0.0,0.0,1,1,1,1,1
64,0.064,4.158844765342961,0.0,65.0,0.0,65.0,3.962112562580843,0.0,59.59106950310363,0.0,-48.86618823896411,0.19673220276211767,0.0,5.408930496896367,0.0,5.408930496896367,4.158844765342961,0.0,65.0,0.0,0.0,0.0,0.0,0.0,1,1,1,1,1
65,0.065,4.223826714801444,0.0,65.0,0.0,65.0,4.021679198989827,0.0,59.54220331486467,0.0,-47.86197787903714,0.2021475158116166,0.0,5.457796685135328,0.0,5.457796685135328,4.223826714801444,0.0,65.0,0.0,0.0,0.0,0.0,0.0,1,1,1,1,1
66,0.066,4.2888086642599275,0.0,65.0,0.0,65.0,4.081197471315752,0.0,59.494341336985634,0.0,-46.862972491106554,0.2076111929441753,0.0,5.505658663014366,0.0,5.505658663014366,4.2888086642599275,0.0,65.0,0.0,0.0,0.0,0.0,0.0,1,1,1,1,1
67,0.067,4.353790613718411,0.0,65.0,0.0,65.0,4.140668381166492,0.0,59.44747836449453,0.0,-45.869217681890625,0.2131222325519193,0.0,5.552521635505471,0.0,5.552521635505471,4.353790613718411,0.0,65.0,0.0,0.0,0.0,0.0,0.0,1,1,1,1,1
68,0.068,4.418772563176895,0.0,65.0,0.0,65.0,4.200092924922146,0.0,59.40160914681264,0.0,-44.88075810409254,0.21867963825474934,0.0,5.598390853187361,0.0,5.598390853187361,4.418772563176895,0.0,65.0,0.0,0.0,0.0,0.0,0.0,1,1,1,1,1
69,0.069,4.483754512635379,0.0,65.0,0.0,65.0,4.259472093689906,0.0,59.35672838870855,0.0,-43.897637461424424,0.22428241894547263,0.0,5.643271611291453,0.0,5.643271611291453,4.483754512635379,0.0,65.0,0.0,0.0,0.0,0.0,0.0,1,1,1,1,1
70,0.07,4.548736462093863,0.0,65.0,0.0,65.0,4.318806873259884,0.0,59.31283075124712,0.0,-42.91989851367341,0.2299295888339783,0.0,5.68716924875288,0.0,5.68716924875288,4.548736462093863,0.0,65.0,0.0,0.0,0.0,0.0,0.0,1,1,1,1,1
71,0.07100000000000001,4.613718411552346,0.0,65.0,0.0,65.0,4.378098244061874,0.0,59.269910852733446,0.0,-41.9475830818098,0.2356201674904721,0.0,5.730089147266554,0.0,5.730089147266554,4.613718411552346,0.0,65.0,0.0,0.0,0.0,0.0,0.0,1,1,1,1,1
72,0.07200000000000001,4.67870036101083,0.0,65.0,0.0,65.0,4.437347181123067,0.0,59.22796326965164,0.0,-40.98073205313571,0.2413531798877635,0.0,5.772036730348361,0.0,5.772036730348361,4.67870036101083,0.0,65.0,0.0,0.0,0.0,0.0,0.0,1,1,1,1,1
73,0.073,4.743682310469315,0.0,65.0,0.0,65.0,4.496554654026692,0.0,59.1869825375985,0.0,-40.0193853864736,0.2471276564426228,0.0,5.813017462401497,0.0,5.813017462401497,4.743682310469315,0.0,65.0,0.0,0.0,0.0,0.0,0.0,1,1,1,1,1
74,0.074,4.808664259927799,0.0,65.0,0.0,65.0,4.555721626871597,0.0,59.14696315221203,0.0,-39.06358211739367,0.25294263305620124,0.0,5.853036847787969,0.0,5.853036847787969,4.808664259927799,0.0,65.0,0.0,0.0,0.0,0.0,0.0,1,1,1,1,1
75,0.075,4.873646209386282,0.0,65.0,0.0,65.0,4.6148490582327515,0.0,59.10789957009464,0.0,-38.11336036347952,0.2587971511535301,0.0,5.892100429905362,0.0,5.892100429905362,4.873646209386282,0.0,65.0,0.0,0.0,0.0,0.0,0.0,1,1,1,1,1
76,0.076,4.938628158844765,0.0,65.0,0.0,65.0,4.673937901122665,0.0,59.069786209731156,0.0,-37.16875732963057,0.2646902577221004,0.0,5.930213790268844,0.0,5.930213790268844,4.938628158844765,0.0,65.0,0.0,0.0,0.0,0.0,0.0,1,1,1,1,1
77,0.077,5.003610108303249,0.0,65.0,0.0,65.0,4.732989102953732,0.0,59.032617452401524,0.0,-36.22980931340167,0.2706210053495175,0.0,5.967382547598476,0.0,5.967382547598476,5.003610108303249,0.0,65.0,0.0,0.0,0.0,0.0,0.0,1,1,1,1,1
78,0.078,5.068592057761733,0.0,65.0,0.0,65.0,4.792003605501477,0.0,58.99638764308812,0.0,-35.29655171037705,0.2765884522602562,0.0,6.00361235691188,0.0,6.00361235691188,5.068592057761733,0.0,65.0,0.0,0.0,0.0,0.0,0.0,1,1,1,1,1
79,0.079,5.133574007220217,0.0,65.0,0.0,65.0,4.85098234486871,0.0,58.961091091377746,0.0,-34.36901901957962,0.282591662351507,0.0,6.038908908622254,0.0,6.038908908622254,5.133574007220217,0.0,65.0,0.0,0.0,0.0,0.0,0.0,1,1,1,1,1
80,0.08,5.1985559566787005,0.0,65.0,0.0,65.0,4.909926251450578,0.0,58.92672207235817,0.0,-33.447244848913726,0.28862970522812237,0.0,6.073277927641833,0.0,6.073277927641833,5.1985559566787005,0.0,65.0,0.0,0.0,0.0,0.0,0.0,1,1,1,1,1
81,0.081,5.263537906137184,0.0,65.0,0.0,65.0,4.968836249900511,0.0,58.89327482750925,0.0,-32.53126192064029,0.2947016562366729,0.0,6.106725172490748,0.0,6.106725172490748,5.263537906137184,0.0,65.0,0.0,0.0,0.0,0.0,0.0,1,1,1,1,1
82,0.082,5.328519855595667,0.0,65.0,0.0,65.0,5.027713259097061,0.0,58.86074356558861,0.0,-31.62110207688516,0.30080659649860664,0.0,6.1392564344113865,0.0,6.1392564344113865,5.328519855595667,0.0,65.0,0.0,0.0,0.0,0.0,0.0,1,1,1,1,1
83,0.083,5.393501805054151,0.0,65.0,0.0,65.0,5.086558192111611,0.0,58.82912246351173,0.0,-30.716796285177388,0.3069436129425398,0.0,6.17087753648827,0.0,6.17087753648827,5.393501805054151,0.0,65.0,0.0,0.0,0.0,0.0,0.0,1,1,1,1,1
84,0.084,5.458483754512635,0.0,65.0,0.0,65.0,5.14537195617698,0.0,58.798405667226554,0.0,-29.818374644018228,0.3131117983356546,0.0,6.201594332773446,0.0,6.201594332773446,5.458483754512635,0.0,65.0,0.0,0.0,0.0,0.0,0.0,1,1,1,1,1
85,0.085,5.523465703971119,0.0,65.0,0.0,65.0,5.2041554526568845,0.0,58.76858729258254,0.0,-28.925866388479715,0.3193102513142341,0.0,6.231412707417462,0.0,6.231412707417462,5.523465703971119,0.0,65.0,0.0,0.0,0.0,0.0,0.0,1,1,1,1,1
86,0.08600000000000001,5.588447653429603,0.0,65.0,0.0,65.0,5.262909577016273,0.0,58.73966142619406,0.0,-28.039299895832325,0.32553807641333066,0.0,6.260338573805939,0.0,6.260338573805939,5.588447653429603,0.0,65.0,0.0,0.0,0.0,0.0,0.0,1,1,1,1,1
87,0.08700000000000001,5.653429602888087,0.0,65.0,0.0,65.0,5.321635218792519,0.0,58.71162212629823,0.0,-27.15870269119933,0.33179438409556816,0.0,6.288377873701769,0.0,6.288377873701769,5.653429602888087,0.0,65.0,0.0,0.0,0.0,0.0,0.0,1,1,1,1,1
88,0.088,5.718411552346571,0.0,65.0,0.0,65.0,5.380333261567472,0.0,58.684463423607035,0.0,-26.284101453239188,0.3380782907790989,0.0,6.315536576392965,0.0,6.315536576392965,5.718411552346571,0.0,65.0,0.0,0.0,0.0,0.0,0.0,1,1,1,1,1
89,0.089,5.783393501805055,0.0,65.0,0.0,65.0,5.439004582940353,0.0,58.65817932215379,0.0,-25.41552201985353,0.344388918864702,0.0,6.341820677846208,0.0,6.341820677846208,5.783393501805055,0.0,65.0,0.0,0.0,0.0,0.0,0.0,1,1,1,1,1
90,0.09,5.848375451263538,0.0,65.0,0.0,65.0,5.497650054501497,0.0,58.63276380013394,0.0,-24.55298939392104,0.3507253967620416,0.0,6.367236199866063,0.0,6.367236199866063,5.848375451263538,0.0,65.0,0.0,0.0,0.0,0.0,0.0,1,1,1,1,1
91,0.091,5.913357400722022,0.0,65.0,0.0,65.0,5.556270541806933,0.0,58.60821081074002,0.0,-23.696527749055363,0.35708685891508907,0.0,6.391789189259981,0.0,6.391789189259981,5.913357400722022,0.0,65.0,0.0,0.0,0.0,0.0,0.0,1,1,1,1,1
92,0.092,5.978339350180505,0.0,65.0,0.0,65.0,5.614866904353798,0.0,58.584514282990966,0.0,-22.846160435387308,0.3634724458267069,0.0,6.415485717009034,0.0,6.415485717009034,5.978339350180505,0.0,65.0,0.0,0.0,0.0,0.0,0.0,1,1,1,1,1
93,0.093,6.043321299638989,0.0,65.0,0.0,65.0,5.6734399955565715,0.0,58.56166812255558,0.0,-22.001909985369625,0.3698813040824174,0.0,6.438331877444419,0.0,6.438331877444419,6.043321299638989,0.0,65.0,0.0,0.0,0.0,0.0,0.0,1,1,1,1,1
94,0.094,6.108303249097473,0.0,65.0,0.0,65.0,5.731990662724135,0.0,58.53966621257021,0.0,-21.163798119604085,0.37631258637333787,0.0,6.460333787429789,0.0,6.460333787429789,6.108303249097473,0.0,65.0,0.0,0.0,0.0,0.0,0.0,1,1,1,1,1
95,0.095,6.1732851985559565,0.0,65.0,0.0,65.0,5.790519747037645,0.0,58.51850241445061,0.0,-20.331845752690118,0.38276545151831165,0.0,6.481497585549391,0.0,6.481497585549391,6.1732851985559565,0.0,65.0,0.0,0.0,0.0,0.0,0.0,1,1,1,1,1
96,0.096,6.23826714801444,0.0,65.0,0.0,65.0,5.84902808352922,0.0,58.498170568697915,0.0,-19.506072999094417,0.3892390644852206,0.0,6.501829431302085,0.0,6.501829431302085,6.23826714801444,0.0,65.0,0.0,0.0,0.0,0.0,0.0,1,1,1,1,1
97,0.097,6.303249097472924,0.0,65.0,0.0,65.0,5.907516501061418,0.0,58.47866449569882,0.0,-18.686499179039508,0.3957325964115057,0.0,6.521335504301177,0.0,6.521335504301177,6.303249097472924,0.0,65.0,0.0,0.0,0.0,0.0,0.0,1,1,1,1,1
98,0.098,6.368231046931408,0.0,65.0,0.0,65.0,5.965985822307528,0.0,58.45997799651978,0.0,-17.873142824412145,0.4022452246238801,0.0,6.5400220034802174,0.0,6.5400220034802174,6.368231046931408,0.0,65.0,0.0,0.0,0.0,0.0,0.0,1,1,1,1,1
99,0.099,6.4332129963898925,0.0,65.0,0.0,65.0,6.024436863732635,0.0,58.44210485369537,0.0,-17.066021684690018,0.4087761326572572,0.0,6.557895146304631,0.0,6.557895146304631,6.4332129963898925,0.0,65.0,0.0,0.0,0.0,0.0,0.0,1,1,1,1,1
100,0.1,6.498194945848375,0.0,65.0,0.0,65.0,6.082870435575488,0.0,58.42503883201068,0.0,-16.26515273288593,0.4153245102728871,0.0,6.574961167989322,0.0,6.574961167989322,6.498194945848375,0.0,65.0,0.0,0.0,0.0,0.0,0.0,1,1,1,1,1
101,0.101,6.563176895306859,0.0,65.0,0.0,65.0,6.141287341831133,0.0,58.40877367927779,0.0,-15.4705521715089,0.4218895534757259,0.0,6.591226320722207,0.0,6.591226320722207,6.563176895306859,0.0,65.0,0.0,0.0,0.0,0.0,0.0,1,1,1,1,1
102,0.10200000000000001,6.628158844765343,0.0,65.0,0.0,65.0,6.199688380234326,0.0,58.393303127106286,0.0,-14.68223543854103,0.4284704645310171,0.0,6.606696872893714,0.0,6.606696872893714,6.628158844765343,0.0,65.0,0.0,0.0,0.0,0.0,0.0,1,1,1,1,1
103,0.10300000000000001,6.693140794223827,0.0,65.0,0.0,65.0,6.258074342243713,0.0,58.378620891667744,0.0,-13.90021721343011,0.43506645198011373,0.0,6.621379108332256,0.0,6.621379108332256,6.693140794223827,0.0,65.0,0.0,0.0,0.0,0.0,0.0,1,1,1,1,1
104,0.10400000000000001,6.758122743682311,0.0,65.0,0.0,65.0,6.316446013026774,0.0,58.36472067445431,0.0,-13.124511423097374,0.44167673065553625,0.0,6.635279325545689,0.0,6.635279325545689,6.758122743682311,0.0,65.0,0.0,0.0,0.0,0.0,0.0,1,1,1,1,1
105,0.105,6.823104693140794,0.0,65.0,0.0,65.0,6.3748041714455175,0.0,58.35159616303121,0.0,-12.355131247958008,0.4483005216952769,0.0,6.6484038369687894,0.0,6.6484038369687894,6.823104693140794,0.0,65.0,0.0,0.0,0.0,0.0,0.0,1,1,1,1,1
106,0.106,6.888086642599278,0.0,65.0,0.0,65.0,6.433149590042924,0.0,58.33924103178325,0.0,-11.592089127955612,0.4549370525563541,0.0,6.660758968216747,0.0,6.660758968216747,6.888086642599278,0.0,65.0,0.0,0.0,0.0,0.0,0.0,1,1,1,1,1
107,0.107,6.953068592057762,0.0,65.0,0.0,65.0,6.491483035030143,0.0,58.327648942655294,0.0,-10.835396768609382,0.46158555702761905,0.0,6.672351057344706,0.0,6.672351057344706,6.953068592057762,0.0,65.0,0.0,0.0,0.0,0.0,0.0,1,1,1,1,1
108,0.108,7.018050541516246,0.0,65.0,0.0,65.0,6.549805266274414,0.0,58.31681354588668,0.0,-10.085065147072363,0.46824527524183157,0.0,6.683186454113319,0.0,6.683186454113319,7.018050541516246,0.0,65.0,0.0,0.0,0.0,0.0,0.0,1,1,1,1,1
109,0.109,7.083032490974729,0.0,65.0,0.0,65.0,6.608117037287727,0.0,58.30672848073961,0.0,-9.341104518201162,0.47491545368700194,0.0,6.693271519260392,0.0,6.693271519260392,7.083032490974729,0.0,65.0,0.0,0.0,0.0,0.0,0.0,1,1,1,1,1
110,0.11,7.148014440433212,0.0,65.0,0.0,65.0,6.666419095216208,0.0,58.29738737622141,0.0,-8.603524420636521,0.48159534521700476,0.0,6.702612623778592,0.0,6.702612623778592,7.148014440433212,0.0,65.0,0.0,0.0,0.0,0.0,0.0,1,1,1,1,1
111,0.111,7.212996389891696,0.0,65.0,0.0,65.0,6.724712180830219,0.0,58.28878385180077,0.0,-7.872333682892534,0.4882842090614776,0.0,6.711216148199227,0.0,6.711216148199227,7.212996389891696,0.0,65.0,0.0,0.0,0.0,0.0,0.0,1,1,1,1,1
112,0.112,7.27797833935018,0.0,65.0,0.0,65.0,6.782997028515178,0.0,58.28091151811788,0.0,-7.147540429455676,0.4949813108350023,0.0,6.7190884818821175,0.0,6.7190884818821175,7.27797833935018,0.0,65.0,0.0,0.0,0.0,0.0,0.0,1,1,1,1,1
113,0.113,7.342960288808665,0.0,65.0,0.0,65.0,6.841274366263081,0.0,58.273763977688425,0.0,-6.429152086892357,0.5016859225455841,0.0,6.726236022311575,0.0,6.726236022311575,7.342960288808665,0.0,65.0,0.0,0.0,0.0,0.0,0.0,1,1,1,1,1
114,0.114,7.4079422382671485,0.0,65.0,0.0,65.0,6.899544915664725,0.0,58.26733482560153,0.0,-5.717175389963233,0.5083973226024234,0.0,6.73266517439847,0.0,6.73266517439847,7.4079422382671485,0.0,65.0,0.0,0.0,0.0,0.0,0.0,1,1,1,1,1
115,0.115,7.472924187725632,0.0,65.0,0.0,65.0,6.957809391902632,0.0,58.26161765021157,0.0,-5.01161638774567,0.515114795823,0.0,6.738382349788431,0.0,6.738382349788431,7.472924187725632,0.0,65.0,0.0,0.0,0.0,0.0,0.0,1,1,1,1,1
116,0.116,7.537906137184116,0.0,65.0,0.0,65.0,7.01606850374465,0.0,58.25660603382382,0.0,-4.312480449761156,0.5218376334394659,0.0,6.743393966176178,0.0,6.743393966176178,7.537906137184116,0.0,65.0,0.0,0.0,0.0,0.0,0.0,1,1,1,1,1
117,0.117,7.602888086642599,0.0,65.0,0.0,65.0,7.07432295353825,0.0,58.25229355337406,0.0,-3.619772272109742,0.5285651331043493,0.0,6.747706446625941,0.0,6.747706446625941,7.602888086642599,0.0,65.0,0.0,0.0,0.0,0.0,0.0,1,1,1,1,1
118,0.11800000000000001,7.667870036101083,0.0,65.0,0.0,65.0,7.132573437205488,0.0,58.24867378110195,0.0,-2.9334958836090665,0.5352965988955951,0.0,6.7513262188980505,0.0,6.7513262188980505,7.667870036101083,0.0,65.0,0.0,0.0,0.0,0.0,0.0,1,1,1,1,1
119,0.11900000000000001,7.7328519855595665,0.0,65.0,0.0,65.0,7.190820644238648,0.0,58.24574028521834,0.0,-2.253654651937207,0.5420313413209188,0.0,6.754259714781661,0.0,6.754259714781661,7.7328519855595665,0.0,65.0,0.0,0.0,0.0,0.0,0.0,1,1,1,1,1
120,0.12,7.79783393501805,0.0,65.0,0.0,65.0,7.24906525769654,0.0,58.2434866305664,0.0,-1.5802512897803525,0.5487686773215099,0.0,6.756513369433598,0.0,6.756513369433598,7.79783393501805,0.0,65.0,0.0,0.0,0.0,0.0,0.0,1,1,1,1,1
121,0.121,7.862815884476534,0.0,65.0,0.0,65.0,7.307307954201462,0.0,58.24190637927662,0.0,-0.9132878609823201,0.5555079302750725,0.0,6.758093620723379,0.0,6.758093620723379,7.862815884476534,0.0,65.0,0.0,0.0,0.0,0.0,0.0,1,1,1,1,1
122,0.122,7.927797833935018,0.0,65.0,0.0,65.0,7.365549403936807,0.0,58.24099309141564,0.0,-0.2527657866980652,0.5622484299982107,0.0,6.759006908584361,0.0,6.759006908584361,7.927797833935018,0.0,65.0,0.0,0.0,0.0,0.0,0.0,1,1,1,1,1
123,0.123,7.992779783393502,0.0,65.0,0.0,65.0,7.42379027064533,0.0,58.24074032562894,0.0,0.4013141484520949,0.5689895127481721,0.0,6.759259674371059,0.0,6.759259674371059,7.992779783393502,0.0,65.0,0.0,0.0,0.0,0.0,0.0,1,1,1,1,1
124,0.124,8.057761732851985,0.0,65.0,0.0,65.0,7.4820312116280325,0.0,58.241141639777396,0.0,1.0489517902269163,0.5757305212239521,0.0,6.758858360222604,0.0,6.758858360222604,8.057761732851985,0.0,65.0,0.0,0.0,0.0,0.0,0.0,1,1,1,1,1
125,0.125,8.12274368231047,0.0,65.0,0.0,65.0,7.540272877743704,0.0,58.24219059156762,0.0,1.690147608607174,0.582470804566765,0.0,6.757809408432379,0.0,6.757809408432379,8.12274368231047,0.0,65.0,0.0,0.0,0.0,0.0,0.0,1,1,1,1,1
126,0.126,8.187725631768954,0.0,65.0,0.0,65.0,7.598515913409076,0.0,58.24388073917623,0.0,2.3249026916389077,0.5892097183598777,0.0,6.756119260823773,0.0,6.756119260823773,8.187725631768954,0.0,65.0,0.0,0.0,0.0,0.0,0.0,1,1,1,1,1
127,0.127,8.252707581227437,0.0,65.0,0.0,65.0,7.656760956599598,0.0,58.24620564186787,0.0,2.9532187392779026,0.5959466246278389,0.0,6.753794358132133,0.0,6.753794358132133,8.252707581227437,0.0,65.0,0.0,0.0,0.0,0.0,0.0,1,1,1,1,1
128,0.128,8.317689530685922,0.0,65.0,0.0,65.0,7.715008638850835,0.0,58.249158860607146,0.0,3.5750980572344897,0.6026808918350861,0.0,6.750841139392854,0.0,6.750841139392854,8.317689530685922,0.0,65.0,0.0,0.0,0.0,0.0,0.0,1,1,1,1,1
129,0.129,8.382671480144404,0.0,65.0,0.0,65.0,7.773259585260472,0.0,58.25273395866438,0.0,4.19054355081997,0.6094118948839329,0.0,6.747266041335621,0.0,6.747266041335621,8.382671480144404,0.0,65.0,0.0,0.0,0.0,0.0,0.0,1,1,1,1,1
130,0.13,8.447653429602887,0.0,65.0,0.0,65.0,7.831514414490911,0.0,58.2569245022152,0.0,4.799558718796225,0.6161390151119761,0.0,6.743075497784801,0.0,6.743075497784801,8.447653429602887,0.0,65.0,0.0,0.0,0.0,0.0,0.0,1,1,1,1,1
131,0.131,8.512635379061372,0.0,65.0,0.0,65.0,7.889773738772486,0.0,58.26172406093399,0.0,5.402147647227062,0.6228616402888862,0.0,6.738275939066007,0.0,6.738275939066007,8.512635379061372,0.0,65.0,0.0,0.0,0.0,0.0,0.0,1,1,1,1,1
132,0.132,8.577617328519855,0.0,65.0,0.0,65.0,7.948038163907243,0.0,58.26712620858122,0.0,5.99831500333379,0.6295791646126121,0.0,6.732873791418783,0.0,6.732873791418783,8.577617328519855,0.0,65.0,0.0,0.0,0.0,0.0,0.0,1,1,1,1,1
133,0.133,8.64259927797834,0.0,65.0,0.0,65.0,8.006308289273326,0.0,58.27312452358455,0.0,6.588066029354298,0.6362909887050137,0.0,6.726875476415451,0.0,6.726875476415451,8.64259927797834,0.0,65.0,0.0,0.0,0.0,0.0,0.0,1,1,1,1,1
134,0.134,8.707581227436823,0.0,65.0,0.0,65.0,8.064584707829924,0.0,58.2797125896139,0.0,7.171406536407273,0.6429965196068981,0.0,6.720287410386099,0.0,6.720287410386099,8.707581227436823,0.0,65.0,0.0,0.0,0.0,0.0,0.0,1,1,1,1,1
135,0.135,8.772563176895307,0.0,65.0,0.0,65.0,8.122868006122808,0.0,58.28688399615031,0.0,7.748342898360419,0.6496951707724996,0.0,6.7131160038496915,0.0,6.7131160038496915,8.772563176895307,0.0,65.0,0.0,0.0,0.0,0.0,0.0,1,1,1,1,1
136,0.136,8.83754512635379,0.0,65.0,0.0,65.0,8.181158764290407,0.0,58.29463233904867,0.0,8.318882045706118,0.6563863620633832,0.0,6.705367660951332,0.0,6.705367660951332,8.83754512635379,0.0,65.0,0.0,0.0,0.0,0.0,0.0,1,1,1,1,1
137,0.137,8.902527075812275,0.0,65.0,0.0,65.0,8.239457556070478,0.0,58.302951221094375,0.0,8.883031459440542,0.6630695197417964,0.0,6.697048778905625,0.0,6.697048778905625,8.902527075812275,0.0,65.0,0.0,0.0,0.0,0.0,0.0,1,1,1,1,1
138,0.138,8.967509025270758,0.0,65.0,0.0,65.0,8.297764948807302,0.0,58.311834252553815,0.0,9.440799164952702,0.6697440764634557,0.0,6.688165747446185,0.0,6.688165747446185,8.967509025270758,0.0,65.0,0.0,0.0,0.0,0.0,0.0,1,1,1,1,1
139,0.139,9.032490974729242,0.0,65.0,0.0,65.0,8.356081503459437,0.0,58.32127505171877,0.0,9.992193725917815,0.676409471269805,0.0,6.6787249482812285,0.0,6.6787249482812285,9.032490974729242,0.0,65.0,0.0,0.0,0.0,0.0,0.0,1,1,1,1,1
140,0.14,9.097472924187725,0.0,65.0,0.0,65.0,8.41440777460802,0.0,58.33126724544469,0.0,10.537224238200288,0.683065149579706,0.0,6.6687327545553075,0.0,6.6687327545553075,9.097472924187725,0.0,65.0,0.0,0.0,0.0,0.0,0.0,1,1,1,1,1
141,0.14100000000000001,9.16245487364621,0.0,65.0,0.0,65.0,8.472744310465583,0.0,58.34180446968289,0.0,11.075900323764328,0.6897105631806273,0.0,6.6581955303171085,0.0,6.6581955303171085,9.16245487364621,0.0,65.0,0.0,0.0,0.0,0.0,0.0,1,1,1,1,1
142,0.14200000000000002,9.227436823104693,0.0,65.0,0.0,65.0,8.531091652885427,0.0,58.35288037000666,0.0,11.608232124592838,0.6963451702192653,0.0,6.647119629993341,0.0,6.647119629993341,9.227436823104693,0.0,65.0,0.0,0.0,0.0,0.0,0.0,1,1,1,1,1
143,0.14300000000000002,9.292418772563177,0.0,65.0,0.0,65.0,8.589450337371497,0.0,58.36448860213125,0.0,12.13423029661658,0.7029684351916803,0.0,6.635511397868747,0.0,6.635511397868747,9.292418772563177,0.0,65.0,0.0,0.0,0.0,0.0,0.0,1,1,1,1,1
144,0.14400000000000002,9.35740072202166,0.0,65.0,0.0,65.0,8.647820893088776,0.0,58.37662283242787,0.0,12.65390600365291,0.7095798289328847,0.0,6.62337716757213,0.0,6.62337716757213,9.35740072202166,0.0,65.0,0.0,0.0,0.0,0.0,0.0,1,1,1,1,1
145,0.145,9.422382671480145,0.0,65.0,0.0,65.0,8.706203842874206,0.0,58.389276738431526,0.0,13.167270911352729,0.7161788286059387,0.0,6.610723261568474,0.0,6.610723261568474,9.422382671480145,0.0,65.0,0.0,0.0,0.0,0.0,0.0,1,1,1,1,1
146,0.146,9.48736462093863,0.0,65.0,0.0,65.0,8.764599703248093,0.0,58.40244400934288,0.0,13.674337181162304,0.7227649176905366,0.0,6.597555990657121,0.0,6.597555990657121,9.48736462093863,0.0,65.0,0.0,0.0,0.0,0.0,0.0,1,1,1,1,1
147,0.147,9.552346570397113,0.0,65.0,0.0,65.0,8.823008984426027,0.0,58.416118346524044,0.0,14.175117464291821,0.729337585971086,0.0,6.583881653475956,0.0,6.583881653475956,9.552346570397113,0.0,65.0,0.0,0.0,0.0,0.0,0.0,1,1,1,1,1
148,0.148,9.617328519855597,0.0,65.0,0.0,65.0,8.881432190331283,0.0,58.430293463988335,0.0,14.66962489569888,0.7358963295243139,0.0,6.569706536011665,0.0,6.569706536011665,9.617328519855597,0.0,65.0,0.0,0.0,0.0,0.0,0.0,1,1,1,1,1
149,0.149,9.682310469314078,0.0,65.0,0.0,65.0,8.93986981860772,0.0,58.44496308888403,0.0,15.157873088082358,0.7424406507063583,0.0,6.55503691111597,0.0,6.55503691111597,9.682310469314078,0.0,65.0,0.0,0.0,0.0,0.0,0.0,1,1,1,1,1
150,0.15,9.747292418772563,0.0,65.0,0.0,65.0,8.998322360633148,0.0,58.460120961972116,0.0,15.639876125889728,0.748970058139415,0.0,6.539879038027884,0.0,6.539879038027884,9.747292418772563,0.0,65.0,0.0,0.0,0.0,0.0,0.0,1,1,1,1,1
151,0.151,9.812274368231046,0.0,65.0,0.0,65.0,9.056790301533182,0.0,58.475760838098005,0.0,16.115648559337437,0.7554840666978642,0.0,6.5242391619019955,0.0,6.5242391619019955,9.812274368231046,0.0,65.0,0.0,0.0,0.0,0.0,0.0,1,1,1,1,1
152,0.152,9.87725631768953,0.0,65.0,0.0,65.0,9.11527412019556,0.0,58.49187648665734,0.0,16.585205398443588,0.7619821974939711,0.0,6.50812351334266,0.0,6.50812351334266,9.87725631768953,0.0,65.0,0.0,0.0,0.0,0.0,0.0,1,1,1,1,1
153,0.153,9.942238267148014,0.0,65.0,0.0,65.0,9.173774289284916,0.0,58.50846169205578,0.0,17.048562107076627,0.7684639778630977,0.0,6.491538307944218,0.0,6.491538307944218,9.942238267148014,0.0,65.0,0.0,0.0,0.0,0.0,0.0,1,1,1,1,1
154,0.154,10.007220216606498,0.0,65.0,0.0,65.0,9.232291275258024,0.0,58.52551025416286,0.0,17.5057345970172,0.7749289413484739,0.0,6.47448974583714,0.0,6.47448974583714,10.007220216606498,0.0,65.0,0.0,0.0,0.0,0.0,0.0,1,1,1,1,1
155,0.155,10.072202166064981,0.0,65.0,0.0,65.0,9.290825538379487,0.0,58.543015988759876,0.0,17.95673922203423,0.7813766276854945,0.0,6.456984011240124,0.0,6.456984011240124,10.072202166064981,0.0,65.0,0.0,0.0,0.0,0.0,0.0,1,1,1,1,1
156,0.156,10.137184115523466,0.0,65.0,0.0,65.0,9.349377532737856,0.0,58.56097272798191,0.0,18.401592771978397,0.7878065827856098,0.0,6.4390272720180874,0.0,6.4390272720180874,10.137184115523466,0.0,65.0,0.0,0.0,0.0,0.0,0.0,1,1,1,1,1
157,0.157,10.202166064981949,0.0,65.0,0.0,65.0,9.407947706262224,0.0,58.57937432075389,0.0,18.840312466888346,0.7942183587197249,0.0,6.420625679246108,0.0,6.420625679246108,10.202166064981949,0.0,65.0,0.0,0.0,0.0,0.0,0.0,1,1,1,1,1
158,0.158,10.267148014440433,0.0,65.0,0.0,65.0,9.466536500739211,0.0,58.59821463322078,0.0,19.27291595111599,0.800611513701222,0.0,6.401785366779222,0.0,6.401785366779222,10.267148014440433,0.0,65.0,0.0,0.0,0.0,0.0,0.0,1,1,1,1,1
159,0.159,10.332129963898918,0.0,65.0,0.0,65.0,9.525144351830408,0.0,58.61748754917189,0.0,19.699421287466393,0.8069856120685106,0.0,6.382512450828109,0.0,6.382512450828109,10.332129963898918,0.0,65.0,0.0,0.0,0.0,0.0,0.0,1,1,1,1,1
160,0.16,10.397111913357401,0.0,65.0,0.0,65.0,9.583771689090224,0.0,58.63718697045936,0.0,20.119846951354692,0.8133402242671774,0.0,6.362813029540639,0.0,6.362813029540639,10.397111913357401,0.0,65.0,0.0,0.0,0.0,0.0,0.0,1,1,1,1,1
161,0.161,10.462093862815886,0.0,65.0,0.0,65.0,9.642418935984159,0.0,58.65730681741071,0.0,20.534211824981835,0.8196749268317269,0.0,6.3426931825892865,0.0,6.3426931825892865,10.462093862815886,0.0,65.0,0.0,0.0,0.0,0.0,0.0,1,1,1,1,1
162,0.162,10.527075812274369,0.0,65.0,0.0,65.0,9.701086509907482,0.0,58.677841029235694,0.0,20.942535191526076,0.825989302366887,0.0,6.322158970764306,0.0,6.322158970764306,10.527075812274369,0.0,65.0,0.0,0.0,0.0,0.0,0.0,1,1,1,1,1
163,0.163,10.592057761732853,0.0,65.0,0.0,65.0,9.759774822204312,0.0,58.69878356442722,0.0,21.344836729353506,0.8322829395285414,0.0,6.301216435572783,0.0,6.301216435572783,10.592057761732853,0.0,65.0,0.0,0.0,0.0,0.0,0.0,1,1,1,1,1
164,0.164,10.657039711191334,0.0,65.0,0.0,65.0,9.818484278187103,0.0,58.72012840115657,0.0,21.741136506247372,0.8385554330042311,0.0,6.279871598843428,0.0,6.279871598843428,10.657039711191334,0.0,65.0,0.0,0.0,0.0,0.0,0.0,1,1,1,1,1
165,0.165,10.722021660649819,0.0,65.0,0.0,65.0,9.877215277156514,0.0,58.74186953766282,0.0,22.131454973655714,0.8448063834933048,0.0,6.258130462337178,0.0,6.258130462337178,10.722021660649819,0.0,65.0,0.0,0.0,0.0,0.0,0.0,1,1,1,1,1
166,0.166,10.787003610108302,0.0,65.0,0.0,65.0,9.935968212421663,0.0,58.764000992636475,0.0,22.515812960958815,0.8510353976866387,0.0,6.2359990073635245,0.0,6.2359990073635245,10.787003610108302,0.0,65.0,0.0,0.0,0.0,0.0,0.0,1,1,1,1,1
167,0.167,10.851985559566787,0.0,65.0,0.0,65.0,9.994743471320781,0.0,58.78651680559744,0.0,22.894231669754834,0.8572420882460055,0.0,6.2134831944025635,0.0,6.2134831944025635,10.851985559566787,0.0,65.0,0.0,0.0,0.0,0.0,0.0,1,1,1,1,1
168,0.168,10.91696750902527,0.0,65.0,0.0,65.0,10.053541435242213,0.0,58.80941103726719,0.0,23.266732668167794,0.8634260737830566,0.0,6.190588962732811,0.0,6.190588962732811,10.91696750902527,0.0,65.0,0.0,0.0,0.0,0.0,0.0,1,1,1,1,1
169,0.169,10.981949458483754,0.0,65.0,0.0,65.0,10.112362479645814,0.0,58.83267776993536,0.0,23.63333788517315,0.8695869788379404,0.0,6.1673222300646415,0.0,6.1673222300646415,10.981949458483754,0.0,65.0,0.0,0.0,0.0,0.0,0.0,1,1,1,1,1
170,0.17,11.046931407942237,0.0,65.0,0.0,65.0,10.171206974084692,0.0,58.85631110782053,0.0,23.994069604946237,0.8757244338575454,0.0,6.143688892179469,0.0,6.143688892179469,11.046931407942237,0.0,65.0,0.0,0.0,0.0,0.0,0.0,1,1,1,1,1
171,0.171,11.111913357400722,0.0,65.0,0.0,65.0,10.230075282227315,0.0,58.88030517742548,0.0,24.348950461230505,0.8818380751734072,0.0,6.119694822574523,0.0,6.119694822574523,11.111913357400722,0.0,65.0,0.0,0.0,0.0,0.0,0.0,1,1,1,1,1
172,0.17200000000000001,11.176895306859207,0.0,65.0,0.0,65.0,10.28896776187997,0.0,58.90465412788671,0.0,24.69800343172757,0.8879275449792363,0.0,6.095345872113292,0.0,6.095345872113292,11.176895306859207,0.0,65.0,0.0,0.0,0.0,0.0,0.0,1,1,1,1,1
173,0.17300000000000001,11.24187725631769,0.0,65.0,0.0,65.0,10.347884765009573,0.0,58.92935213131844,0.0,25.041251832508575,0.8939924913081168,0.0,6.0706478686815615,0.0,6.0706478686815615,11.24187725631769,0.0,65.0,0.0,0.0,0.0,0.0,0.0,1,1,1,1,1
174,0.17400000000000002,11.306859205776174,0.0,65.0,0.0,65.0,10.406826637766807,0.0,58.95439338315095,0.0,25.378719312448244,0.900032568009367,0.0,6.045606616849049,0.0,6.045606616849049,11.306859205776174,0.0,65.0,0.0,0.0,0.0,0.0,0.0,1,1,1,1,1
175,0.17500000000000002,11.371841155234657,0.0,65.0,0.0,65.0,10.465793720509614,0.0,58.9797721024634,0.0,25.71042984768014,0.9060474347250427,0.0,6.0202278975366,0.0,6.0202278975366,11.371841155234657,0.0,65.0,0.0,0.0,0.0,0.0,0.0,1,1,1,1,1
176,0.176,11.436823104693142,0.0,65.0,0.0,65.0,10.524786347827002,0.0,59.00548253231108,0.0,26.036407736076054,0.91203675686614,0.0,5.994517467688922,0.0,5.994517467688922,11.436823104693142,0.0,65.0,0.0,0.0,0.0,0.0,0.0,1,1,1,1,1
177,0.177,11.501805054151625,0.0,65.0,0.0,65.0,10.583804848563181,0.0,59.03151894004716,0.0,26.35667759174661,0.9180002055884433,0.0,5.968481059952843,0.0,5.968481059952843,11.501805054151625,0.0,65.0,0.0,0.0,0.0,0.0,0.0,1,1,1,1,1
178,0.178,11.56678700361011,0.0,65.0,0.0,65.0,10.642849545842024,0.0,59.057875617638906,0.0,26.671264339567127,0.9239374577680852,0.0,5.942124382361094,0.0,5.942124382361094,11.56678700361011,0.0,65.0,0.0,0.0,0.0,0.0,0.0,1,1,1,1,1
179,0.179,11.631768953068592,0.0,65.0,0.0,65.0,10.701920757091832,0.0,59.084546881978476,0.0,26.98019320972468,0.9298481959767599,0.0,5.915453118021524,0.0,5.915453118021524,11.631768953068592,0.0,65.0,0.0,0.0,0.0,0.0,0.0,1,1,1,1,1
180,0.18,11.696750902527077,0.0,65.0,0.0,65.0,10.761018794070415,0.0,59.1115270751882,0.0,27.28348973229167,0.9357321084566621,0.0,5.888472924811801,0.0,5.888472924811801,11.696750902527077,0.0,65.0,0.0,0.0,0.0,0.0,0.0,1,1,1,1,1
181,0.181,11.76173285198556,0.0,65.0,0.0,65.0,10.82014396289047,0.0,59.13881056492049,0.0,27.58117973182083,0.9415888890950903,0.0,5.86118943507951,0.0,5.86118943507951,11.76173285198556,0.0,65.0,0.0,0.0,0.0,0.0,0.0,1,1,1,1,1
182,0.182,11.826714801444044,0.0,65.0,0.0,65.0,10.879296564045257,0.0,59.16639174465231,0.0,27.87328932196732,0.9474182373987876,0.0,5.833608255347691,0.0,5.833608255347691,11.826714801444044,0.0,65.0,0.0,0.0,0.0,0.0,0.0,1,1,1,1,1
183,0.183,11.891696750902526,0.0,65.0,0.0,65.0,10.93847689243457,0.0,59.194265033974276,0.0,28.159844900133475,0.9532198584679552,0.0,5.8057349660257245,0.0,5.8057349660257245,11.891696750902526,0.0,65.0,0.0,0.0,0.0,0.0,0.0,1,1,1,1,1
184,0.184,11.95667870036101,0.0,65.0,0.0,65.0,10.997685237390995,0.0,59.222424878874406,0.0,28.44087314213945,0.9589934629700156,0.0,5.777575121125594,0.0,5.777575121125594,11.95667870036101,0.0,65.0,0.0,0.0,0.0,0.0,0.0,1,1,1,1,1
185,0.185,12.021660649819495,0.0,65.0,0.0,65.0,11.056921882706439,0.0,59.250865752016544,0.0,28.71640099691913,0.9647387671130563,0.0,5.749134247983456,0.0,5.749134247983456,12.021660649819495,0.0,65.0,0.0,0.0,0.0,0.0,0.0,1,1,1,1,1
186,0.186,12.086642599277978,0.0,65.0,0.0,65.0,11.116187106658954,0.0,59.279582153013465,0.0,28.98645568124102,0.9704554926190241,0.0,5.720417846986535,0.0,5.720417846986535,12.086642599277978,0.0,65.0,0.0,0.0,0.0,0.0,0.0,1,1,1,1,1
187,0.187,12.151624548736462,0.0,65.0,0.0,65.0,11.175481182039809,0.0,59.308568608694706,0.0,29.251064674455975,0.9761433666966539,0.0,5.691431391305294,0.0,5.691431391305294,12.151624548736462,0.0,65.0,0.0,0.0,0.0,0.0,0.0,1,1,1,1,1
188,0.188,12.216606498194945,0.0,65.0,0.0,65.0,11.23480437618084,0.0,59.33781967336916,0.0,29.510255713270247,0.9818021220141055,0.0,5.662180326630839,0.0,5.662180326630839,12.216606498194945,0.0,65.0,0.0,0.0,0.0,0.0,0.0,1,1,1,1,1
189,0.189,12.28158844765343,0.0,65.0,0.0,65.0,11.294156950982066,0.0,59.36732992908243,0.0,29.764056786544263,0.9874314966713644,0.0,5.63267007091757,0.0,5.63267007091757,12.28158844765343,0.0,65.0,0.0,0.0,0.0,0.0,0.0,1,1,1,1,1
190,0.19,12.346570397111913,0.0,65.0,0.0,65.0,11.353539162939542,0.0,59.39709398586898,0.0,30.012496130119224,0.9930312341723706,0.0,5.6029060141310225,0.0,5.6029060141310225,12.346570397111913,0.0,65.0,0.0,0.0,0.0,0.0,0.0,1,1,1,1,1
191,0.191,12.411552346570398,0.0,65.0,0.0,65.0,11.412951263173476,0.0,59.4271064819991,0.0,30.25560222167016,0.9986010833969221,0.0,5.572893518000903,0.0,5.572893518000903,12.411552346570398,0.0,65.0,0.0,0.0,0.0,0.0,0.0,1,1,1,1,1
192,0.192,12.47653429602888,0.0,65.0,0.0,65.0,11.472393497456586,0.0,59.45736208422077,0.0,30.49340377558434,1.004140798572294,0.0,5.542637915779231,0.0,5.542637915779231,12.47653429602888,0.0,65.0,0.0,0.0,0.0,0.0,0.0,1,1,1,1,1
193,0.193,12.541516245487365,0.0,65.0,0.0,65.0,11.531866106242695,0.0,59.487855487996356,0.0,30.72592973787002,1.0096501392446697,0.0,5.512144512003644,0.0,5.512144512003644,12.541516245487365,0.0,65.0,0.0,0.0,0.0,0.0,0.0,1,1,1,1,1
194,0.194,12.606498194945848,0.0,65.0,0.0,65.0,11.59136932469556,0.0,59.518581417734225,0.0,30.953209281089958,1.0151288702502885,0.0,5.481418582265775,0.0,5.481418582265775,12.606498194945848,0.0,65.0,0.0,0.0,0.0,0.0,0.0,1,1,1,1,1
195,0.195,12.671480144404333,0.0,65.0,0.0,65.0,11.650903382717935,0.0,59.54953462701531,0.0,31.175271799323358,1.0205767616863977,0.0,5.450465372984688,0.0,5.450465372984688,12.671480144404333,0.0,65.0,0.0,0.0,0.0,0.0,0.0,1,1,1,1,1
196,0.196,12.736462093862816,0.0,65.0,0.0,65.0,11.71046850498085,0.0,59.58070989881463,0.0,31.39214690315671,1.0259935888819651,0.0,5.419290101185368,0.0,5.419290101185368,12.736462093862816,0.0,65.0,0.0,0.0,0.0,0.0,0.0,1,1,1,1,1
197,0.197,12.8014440433213,0.0,65.0,0.0,65.0,11.770064910953115,0.0,59.61210204571779,0.0,31.603864414701825,1.0313791323681851,0.0,5.387897954282209,0.0,5.387897954282209,12.8014440433213,0.0,65.0,0.0,0.0,0.0,0.0,0.0,1,1,1,1,1
198,0.198,12.866425992779785,0.0,65.0,0.0,65.0,11.82969281493104,0.0,59.64370591013249,0.0,31.810454362641885,1.0367331778487454,0.0,5.356294089867511,0.0,5.356294089867511,12.866425992779785,0.0,65.0,0.0,0.0,0.0,0.0,0.0,1,1,1,1,1
199,0.199,12.931407942238266,0.0,65.0,0.0,65.0,11.889352426068355,0.0,59.67551636449513,0.0,32.01194697730677,1.0420555161699117,0.0,5.324483635504869,0.0,5.324483635504869,12.931407942238266,0.0,65.0,0.0,0.0,0.0,0.0,0.0,1,1,1,1,1
200,0.2,12.99638989169675,0.0,65.0,0.0,65.0,11.949043948406338,0.0,59.70752831147244,0.0,32.208372685777626,1.0473459432904129,0.0,5.292471688527563,0.0,5.292471688527563,12.99638989169675,0.0,65.0,0.0,0.0,0.0,0.0,0.0,1,1,1,1,1
201,0.201,13.061371841155234,0.0,65.0,0.0,65.0,12.008767580904154,0.0,59.73973668415822,0.0,32.39976210701812,1.05260426025108,0.0,5.260263315841783,0.0,5.260263315841783,13.061371841155234,0.0,65.0,0.0,0.0,0.0,0.0,0.0,1,1,1,1,1
202,0.202,13.126353790613718,0.0,65.0,0.0,65.0,12.068523517469366,0.0,59.772136446265236,0.0,32.58614604703762,1.0578302731443525,0.0,5.227863553734764,0.0,5.227863553734764,13.126353790613718,0.0,65.0,0.0,0.0,0.0,0.0,0.0,1,1,1,1,1
203,0.203,13.191335740072201,0.0,65.0,0.0,65.0,12.128311946988655,0.0,59.804722592312274,0.0,32.76755549408136,1.0630237930835467,0.0,5.195277407687726,0.0,5.195277407687726,13.191335740072201,0.0,65.0,0.0,0.0,0.0,0.0,0.0,1,1,1,1,1
204,0.20400000000000001,13.256317689530686,0.0,65.0,0.0,65.0,12.188133053358715,0.0,59.837490147806356,0.0,32.94402161385136,1.0681846361719707,0.0,5.162509852193644,0.0,5.162509852193644,13.256317689530686,0.0,65.0,0.0,0.0,0.0,0.0,0.0,1,1,1,1,1
205,0.20500000000000002,13.321299638989169,0.0,65.0,0.0,65.0,12.24798701551733,0.0,59.87043416942021,0.0,33.11557574475688,1.073312623471839,0.0,5.129565830579793,0.0,5.129565830579793,13.321299638989169,0.0,65.0,0.0,0.0,0.0,0.0,0.0,1,1,1,1,1
206,0.20600000000000002,13.386281588447654,0.0,65.0,0.0,65.0,12.307874007474624,0.0,59.903549745164966,0.0,33.282249393193915,1.07840758097303,0.0,5.096450254835034,0.0,5.096450254835034,13.386281588447654,0.0,65.0,0.0,0.0,0.0,0.0,0.0,1,1,1,1,1
207,0.20700000000000002,13.451263537906136,0.0,65.0,0.0,65.0,12.367794198344486,0.0,59.93683199455816,0.0,33.444074228855726,1.0834693395616508,0.0,5.063168005441838,0.0,5.063168005441838,13.451263537906136,0.0,65.0,0.0,0.0,0.0,0.0,0.0,1,1,1,1,1
208,0.20800000000000002,13.516245487364621,0.0,65.0,0.0,65.0,12.42774775237616,0.0,59.970276068787015,0.0,33.60108208007223,1.0884977349884615,0.0,5.029723931212985,0.0,5.029723931212985,13.516245487364621,0.0,65.0,0.0,0.0,0.0,0.0,0.0,1,1,1,1,1
209,0.209,13.581227436823104,0.0,65.0,0.0,65.0,12.487734828985987,0.0,60.00387715086709,0.0,33.75330492918136,1.093492607837117,0.0,4.9961228491329095,0.0,4.9961228491329095,13.581227436823104,0.0,65.0,0.0,0.0,0.0,0.0,0.0,1,1,1,1,1
210,0.21,13.646209386281589,0.0,65.0,0.0,65.0,12.54775558278932,0.0,60.03763045579627,0.0,33.90077490792903,1.0984538034922693,0.0,4.962369544203732,0.0,4.962369544203732,13.646209386281589,0.0,65.0,0.0,0.0,0.0,0.0,0.0,1,1,1,1,1
211,0.211,13.711191335740072,0.0,65.0,0.0,65.0,12.60781016363257,0.0,60.071531230704196,0.0,34.04352429290105,1.1033811721075022,0.0,4.9284687692958045,0.0,4.9284687692958045,13.711191335740072,0.0,65.0,0.0,0.0,0.0,0.0,0.0,1,1,1,1,1
212,0.212,13.776173285198556,0.0,65.0,0.0,65.0,12.66789871662542,0.0,60.10557475499709,0.0,34.18158550098507,1.1082745685731368,0.0,4.894425245002907,0.0,4.894425245002907,13.776173285198556,0.0,65.0,0.0,0.0,0.0,0.0,0.0,1,1,1,1,1
213,0.213,13.841155234657041,0.0,65.0,0.0,65.0,12.728021382173168,0.0,60.13975634049808,0.0,34.3149910848636,1.1131338524838732,0.0,4.8602436595019185,0.0,4.8602436595019185,13.841155234657041,0.0,65.0,0.0,0.0,0.0,0.0,0.0,1,1,1,1,1
214,0.214,13.906137184115524,0.0,65.0,0.0,65.0,12.788178296009207,0.0,60.174071331582944,0.0,34.44377372853849,1.1179588881063172,0.0,4.825928668417056,0.0,4.825928668417056,13.906137184115524,0.0,65.0,0.0,0.0,0.0,0.0,0.0,1,1,1,1,1
215,0.215,13.971119133574009,0.0,65.0,0.0,65.0,12.848369589227653,0.0,60.208515105311484,0.0,34.56796624288503,1.1227495443463553,0.0,4.791484894688516,0.0,4.791484894688516,13.971119133574009,0.0,65.0,0.0,0.0,0.0,0.0,0.0,1,1,1,1,1
216,0.216,14.036101083032491,0.0,65.0,0.0,65.0,12.908595388316085,0.0,60.243083071554366,0.0,34.68760156123953,1.1275056947164064,0.0,4.756916928445634,0.0,4.756916928445634,14.036101083032491,0.0,65.0,0.0,0.0,0.0,0.0,0.0,1,1,1,1,1
217,0.217,14.101083032490976,0.0,65.0,0.0,65.0,12.968855815188421,0.0,60.277770673115604,0.0,29.567479395901515,1.132227217302555,0.0,4.722229326884396,0.0,4.722229326884396,14.101083032490976,0.0,65.0,0.0,0.0,0.0,0.0,0.0,1,1,1,1,1
218,0.218,14.166064981949457,0.0,65.0,0.0,65.0,13.029148369601234,0.0,60.307338152511505,0.0,28.77602078204395,1.136916612348223,0.0,4.692661847488495,0.0,4.692661847488495,14.166064981949457,0.0,65.0,0.0,0.0,0.0,0.0,0.0,1,1,1,1,1
219,0.219,14.231046931407942,0.0,65.0,0.0,65.0,13.089470095764137,0.0,60.33611417329355,0.0,27.942116868800344,1.1415768356438054,0.0,4.663885826706448,0.0,4.663885826706448,14.231046931407942,0.0,65.0,0.0,0.0,0.0,0.0,0.0,1,1,1,1,1
220,0.22,14.296028880866425,0.0,65.0,0.0,65.0,13.149820180995865,0.0,60.36405629016235,0.0,27.06694183907078,1.1462086998705594,0.0,4.6359437098376475,0.0,4.6359437098376475,14.296028880866425,0.0,65.0,0.0,0.0,0.0,0.0,0.0,1,1,1,1,1
221,0.221,14.36101083032491,0.0,65.0,0.0,65.0,13.210197770756947,0.0,60.391123232001426,0.0,26.15164326794158,1.1508130595679624,0.0,4.608876767998574,0.0,4.608876767998574,14.36101083032491,0.0,65.0,0.0,0.0,0.0,0.0,0.0,1,1,1,1,1
222,0.222,14.425992779783392,0.0,65.0,0.0,65.0,13.270601969810583,0.0,60.41727487526937,0.0,25.197347528652156,1.1553908099728094,0.0,4.582725124730629,0.0,4.582725124730629,14.425992779783392,0.0,65.0,0.0,0.0,0.0,0.0,0.0,1,1,1,1,1
223,0.223,14.490974729241877,0.0,65.0,0.0,65.0,13.331031843359616,0.0,60.442472222798024,0.0,24.205163517732608,1.159942885882261,0.0,4.557527777201976,0.0,4.557527777201976,14.490974729241877,0.0,65.0,0.0,0.0,0.0,0.0,0.0,1,1,1,1,1
224,0.224,14.55595667870036,0.0,65.0,0.0,65.0,13.391486418164172,0.0,60.46667738631576,0.0,23.176185236857265,1.1644702605361879,0.0,4.533322613684241,0.0,4.533322613684241,14.55595667870036,0.0,65.0,0.0,0.0,0.0,0.0,0.0,1,1,1,1,1
225,0.225,14.620938628158845,0.0,65.0,0.0,65.0,13.451964683643107,0.0,60.489853571552615,0.0,22.11149359725328,1.1689739445157379,0.0,4.510146428447385,0.0,4.510146428447385,14.620938628158845,0.0,65.0,0.0,0.0,0.0,0.0,0.0,1,1,1,1,1
226,0.226,14.68592057761733,0.0,65.0,0.0,65.0,13.512465592961458,0.0,60.511965065149866,0.0,21.01215769563996,1.173454984655871,0.0,4.488034934850134,0.0,4.488034934850134,14.68592057761733,0.0,65.0,0.0,0.0,0.0,0.0,0.0,1,1,1,1,1
227,0.227,14.750902527075812,0.0,65.0,0.0,65.0,13.572988064105456,0.0,60.5329772228455,0.0,19.87923573113422,1.1779144629703566,0.0,4.467022777154497,0.0,4.467022777154497,14.750902527075812,0.0,65.0,0.0,0.0,0.0,0.0,0.0,1,1,1,1,1
228,0.228,14.815884476534297,0.0,65.0,0.0,65.0,13.633530980946166,0.0,60.552856458576635,0.0,18.713775678428146,1.1823534955881314,0.0,4.447143541423365,0.0,4.447143541423365,14.815884476534297,0.0,65.0,0.0,0.0,0.0,0.0,0.0,1,1,1,1,1
229,0.229,14.88086642599278,0.0,65.0,0.0,65.0,13.69409319429258,0.0,60.57157023425506,0.0,17.516815795707345,1.186773231700199,0.0,4.428429765744937,0.0,4.428429765744937,14.88086642599278,0.0,65.0,0.0,0.0,0.0,0.0,0.0,1,1,1,1,1
230,0.23,14.945848375451265,0.0,65.0,0.0,65.0,13.754673522934734,0.0,60.58908705005077,0.0,16.289385020704128,1.1911748525165304,0.0,4.410912949949228,0.0,4.410912949949228,14.945848375451265,0.0,65.0,0.0,0.0,0.0,0.0,0.0,1,1,1,1,1
231,0.231,15.010830324909747,0.0,65.0,0.0,65.0,13.815270754677295,0.0,60.60537643507148,0.0,15.032503291225952,1.1955595702324526,0.0,4.394623564928523,0.0,4.394623564928523,15.010830324909747,0.0,65.0,0.0,0.0,0.0,0.0,0.0,1,1,1,1,1
232,0.232,15.075812274368232,0.0,65.0,0.0,65.0,13.875883647364013,0.0,60.6204089383627,0.0,13.747181814893892,1.199928627004219,0.0,4.379591061637299,0.0,4.379591061637299,15.075812274368232,0.0,65.0,0.0,0.0,0.0,0.0,0.0,1,1,1,1,1
233,0.233,15.140794223826713,0.0,65.0,0.0,65.0,13.936510929893283,0.0,60.63415612017759,0.0,12.434423304941289,1.2042832939334307,0.0,4.365843879822407,0.0,4.365843879822407,15.140794223826713,0.0,65.0,0.0,0.0,0.0,0.0,0.0,1,1,1,1,1
234,0.234,15.205776173285198,0.0,65.0,0.0,65.0,13.997151303225113,0.0,60.64659054348253,0.0,11.095222193564776,1.2086248700600848,0.0,4.353409456517468,0.0,4.353409456517468,15.205776173285198,0.0,65.0,0.0,0.0,0.0,0.0,0.0,1,1,1,1,1
235,0.23500000000000001,15.27075812274368,0.0,65.0,0.0,65.0,14.057803441379694,0.0,60.6576857656761,0.0,9.730564830702853,1.2129546813639873,0.0,4.342314234323901,0.0,4.342314234323901,15.27075812274368,0.0,65.0,0.0,0.0,0.0,0.0,0.0,1,1,1,1,1
236,0.23600000000000002,15.335740072202166,0.0,65.0,0.0,65.0,14.118465992427785,0.0,60.6674163305068,0.0,8.341429673675844,1.2172740797743806,0.0,4.3325836694931965,0.0,4.3325836694931965,15.335740072202166,0.0,65.0,0.0,0.0,0.0,0.0,0.0,1,1,1,1,1
237,0.23700000000000002,15.400722021660648,0.0,65.0,0.0,65.0,14.179137579473128,0.0,60.67575776018048,0.0,6.928787471509604,1.2215844421875204,0.0,4.324242239819519,0.0,4.324242239819519,15.400722021660648,0.0,65.0,0.0,0.0,0.0,0.0,0.0,1,1,1,1,1
238,0.23800000000000002,15.465703971119133,0.0,65.0,0.0,65.0,14.239816801627043,0.0,60.68268654765199,0.0,5.493601446736915,1.2258871694920899,0.0,4.31731345234801,0.0,4.31731345234801,15.465703971119133,0.0,65.0,0.0,0.0,0.0,0.0,0.0,1,1,1,1,1
239,0.23900000000000002,15.530685920577618,0.0,65.0,0.0,65.0,14.300502234975419,0.0,60.68818014909873,0.0,4.036827476855848,1.2301836856021993,0.0,4.311819850901273,0.0,4.311819850901273,15.530685920577618,0.0,65.0,0.0,0.0,0.0,0.0,0.0,1,1,1,1,1
240,0.24,15.5956678700361,0.0,65.0,0.0,65.0,14.361192433538255,0.0,60.69221697657558,0.0,2.559414277361314,1.2344754364978456,0.0,4.30778302342442,0.0,4.30778302342442,15.5956678700361,0.0,65.0,0.0,0.0,0.0,0.0,0.0,1,1,1,1,1
241,0.241,15.660649819494585,0.0,65.0,0.0,65.0,14.421885930221968,0.0,60.694776390852944,0.0,1.062303588277166,1.238763889272617,0.0,4.305223609147056,0.0,4.305223609147056,15.660649819494585,0.0,65.0,0.0,0.0,0.0,0.0,0.0,1,1,1,1,1
242,0.242,15.725631768953068,0.0,65.0,0.0,65.0,14.482581237764617,0.0,60.69583869444122,0.0,-0.45356963355532587,1.2430505311884517,0.0,4.304161305558779,0.0,4.304161305558779,15.725631768953068,0.0,65.0,0.0,0.0,0.0,0.0,0.0,1,1,1,1,1
243,0.243,15.790613718411553,0.0,65.0,0.0,65.0,14.54327684967424,0.0,60.695385124807665,0.0,-1.987277013522253,1.247336868737312,0.0,4.304614875192335,0.0,4.304614875192335,15.790613718411553,0.0,65.0,0.0,0.0,0.0,0.0,0.0,1,1,1,1,1
244,0.244,15.855595667870036,0.0,65.0,0.0,65.0,14.603971241160542,0.0,60.693397847794145,0.0,-3.537896545594625,1.251624426709494,0.0,4.306602152205855,0.0,4.306602152205855,15.855595667870036,0.0,65.0,0.0,0.0,0.0,0.0,0.0,1,1,1,1,1
245,0.245,15.92057761732852,0.0,65.0,0.0,65.0,14.664662870060063,0.0,60.68985995124855,0.0,-5.104512360262451,1.2559147472684575,0.0,4.31014004875145,0.0,4.31014004875145,15.92057761732852,0.0,65.0,0.0,0.0,0.0,0.0,0.0,1,1,1,1,1
246,0.246,15.985559566787003,0.0,65.0,0.0,65.0,14.72535017775513,0.0,60.68475543888829,0.0,-6.686214465730089,1.260209389031873,0.0,4.315244561111712,0.0,4.315244561111712,15.985559566787003,0.0,65.0,0.0,0.0,0.0,0.0,0.0,1,1,1,1,1
247,0.247,16.050541516245488,0.0,65.0,0.0,65.0,14.786031590086786,0.0,60.67806922442256,0.0,-8.282098450218633,1.264509926158702,0.0,4.321930775577442,0.0,4.321930775577442,16.050541516245488,0.0,65.0,0.0,0.0,0.0,0.0,0.0,1,1,1,1,1
248,0.248,16.11552346570397,0.0,65.0,0.0,65.0,14.846705518261984,0.0,60.66978712597234,0.0,-9.891265127560214,1.2688179474419847,0.0,4.330212874027659,0.0,4.330212874027659,16.11552346570397,0.0,65.0,0.0,0.0,0.0,0.0,0.0,1,1,1,1,1
249,0.249,16.180505415162454,0.0,65.0,0.0,65.0,14.907370359755394,0.0,60.659895860844784,0.0,-11.51282009992812,1.2731350554070602,0.0,4.3401041391552155,0.0,4.3401041391552155,16.180505415162454,0.0,65.0,0.0,0.0,0.0,0.0,0.0,1,1,1,1,1
250,0.25,16.24548736462094,0.0,65.0,0.0,65.0,14.968024499206187,0.0,60.648383040744854,0.0,-13.145873199279677,1.2774628654147513,0.0,4.351616959255146,0.0,4.351616959255146,16.24548736462094,0.0,65.0,0.0,0.0,0.0,0.0,0.0,1,1,1,1,1
251,0.251,16.310469314079423,0.0,65.0,0.0,65.0,15.028666309310331,0.0,60.635237167545576,0.0,-14.78953775105477,1.2818030047690918,0.0,4.364762832454424,0.0,4.364762832454424,16.310469314079423,0.0,65.0,0.0,0.0,0.0,0.0,0.0,1,1,1,1,1
252,0.252,16.375451263537908,0.0,65.0,0.0,65.0,15.089294151709002,0.0,60.62044762979452,0.0,-16.442929577170386,1.2861571118289064,0.0,4.379552370205481,0.0,4.379552370205481,16.375451263537908,0.0,65.0,0.0,0.0,0.0,0.0,0.0,1,1,1,1,1
253,0.253,16.44043321299639,0.0,65.0,0.0,65.0,15.149906377874007,0.0,60.60400470021735,0.0,-18.105165616414766,1.2905268351223818,0.0,4.395995299782648,0.0,4.395995299782648,16.44043321299639,0.0,65.0,0.0,0.0,0.0,0.0,0.0,1,1,1,1,1
254,0.254,16.505415162454874,0.0,65.0,0.0,65.0,15.210501329991416,0.0,60.58589953460094,0.0,-19.775361983115562,1.2949138324634575,0.0,4.414100465399059,0.0,4.414100465399059,16.505415162454874,0.0,65.0,0.0,0.0,0.0,0.0,0.0,1,1,1,1,1
255,0.255,16.57039711191336,0.0,65.0,0.0,65.0,15.271077341845025,0.0,60.566124172617826,0.0,-21.452631200889172,1.2993197700683332,0.0,4.433875827382174,0.0,4.433875827382174,16.57039711191336,0.0,65.0,0.0,0.0,0.0,0.0,0.0,1,1,1,1,1
256,0.256,16.635379061371843,0.0,65.0,0.0,65.0,15.331632739702043,0.0,60.54467154141694,0.0,-23.136078224742743,1.3037463216698004,0.0,4.455328458583061,0.0,4.455328458583061,16.635379061371843,0.0,65.0,0.0,0.0,0.0,0.0,0.0,1,1,1,1,1
257,0.257,16.700361010830324,0.0,65.0,0.0,65.0,15.392165843204348,0.0,60.521535463192194,0.0,-24.824794683297025,1.3081951676259767,0.0,4.478464536807806,0.0,4.478464536807806,16.700361010830324,0.0,65.0,0.0,0.0,0.0,0.0,0.0,1,1,1,1,1
258,0.258,16.76534296028881,0.0,65.0,0.0,65.0,15.452674966270198,0.0,60.496710668508896,0.0,-26.517850506216917,1.3126679940186108,0.0,4.5032893314911036,0.0,4.5032893314911036,16.76534296028881,0.0,65.0,0.0,0.0,0.0,0.0,0.0,1,1,1,1,1
259,0.259,16.83032490974729,0.0,65.0,0.0,65.0,15.513158418013454,0.0,60.47019281800268,0.0,-28.2142817100989,1.3171664917338362,0.0,4.52980718199732,0.0,4.52980718199732,16.83032490974729,0.0,65.0,0.0,0.0,0.0,0.0,0.0,1,1,1,1,1
260,0.26,16.895306859205775,0.0,65.0,0.0,65.0,15.573614503690601,0.0,60.44197853629258,0.0,-29.913072540352577,1.3216923555151734,0.0,4.558021463707419,0.0,4.558021463707419,16.895306859205775,0.0,65.0,0.0,0.0,0.0,0.0,0.0,1,1,1,1,1
261,0.261,16.96028880866426,0.0,65.0,0.0,65.0,15.634041525690623,0.0,60.41206546375223,0.0,-31.613129320710833,1.326247282973636,0.0,4.587934536247772,0.0,4.587934536247772,16.96028880866426,0.0,65.0,0.0,0.0,0.0,0.0,0.0,1,1,1,1,1
262,0.262,17.025270758122744,0.0,65.0,0.0,65.0,15.694437784589717,0.0,60.38045233443152,0.0,-33.313242119143716,1.3308329735330275,0.0,4.619547665568483,0.0,4.619547665568483,17.025270758122744,0.0,65.0,0.0,0.0,0.0,0.0,0.0,1,1,1,1,1
263,0.263,17.090252707581225,0.0,65.0,0.0,65.0,15.754801580303088,0.0,60.347139092312375,0.0,-35.01202851281668,1.3354511272781373,0.0,4.652860907687625,0.0,4.652860907687625,17.090252707581225,0.0,65.0,0.0,0.0,0.0,0.0,0.0,1,1,1,1,1
264,0.264,17.15523465703971,0.0,65.0,0.0,65.0,15.815131213381145,0.0,60.31212706379956,0.0,-36.70785105162934,1.340103443658565,0.0,4.687872936200442,0.0,4.687872936200442,17.15523465703971,0.0,65.0,0.0,0.0,0.0,0.0,0.0,1,1,1,1,1
265,0.265,17.220216606498195,0.0,65.0,0.0,65.0,15.875424986519418,0.0,60.27541921274793,0.0,-38.398696077596085,1.3447916199787766,0.0,4.724580787252073,0.0,4.724580787252073,17.220216606498195,0.0,65.0,0.0,0.0,0.0,0.0,0.0,1,1,1,1,1
266,0.266,17.28519855595668,0.0,65.0,0.0,65.0,15.935681206384128,0.0,60.237020516670334,0.0,-40.08199576500998,1.349517349572551,0.0,4.762979483329666,0.0,4.762979483329666,17.28519855595668,0.0,65.0,0.0,0.0,0.0,0.0,0.0,1,1,1,1,1
267,0.267,17.350180505415164,0.0,65.0,0.0,65.0,15.995898185902917,0.0,60.19693852090533,0.0,-41.75436673571857,1.3542823195122473,0.0,4.803061479094673,0.0,4.803061479094673,17.350180505415164,0.0,65.0,0.0,0.0,0.0,0.0,0.0,1,1,1,1,1
268,0.268,17.415162454873645,0.0,65.0,0.0,65.0,16.056074247240456,0.0,60.15518415416961,0.0,-43.41122609930539,1.3590882076331887,0.0,4.844815845830389,0.0,4.844815845830389,17.415162454873645,0.0,65.0,0.0,0.0,0.0,0.0,0.0,1,1,1,1,1
269,0.269,17.48014440433213,0.0,65.0,0.0,65.0,16.116207725781575,0.0,60.1117729280703,0.0,-45.04622739518049,1.3639366785505551,0.0,4.888227071929698,0.0,4.888227071929698,17.48014440433213,0.0,65.0,0.0,0.0,0.0,0.0,0.0,1,1,1,1,1
270,0.27,17.545126353790614,0.0,65.0,0.0,65.0,16.17629697559595,0.0,60.06672670067512,0.0,-46.65043191865682,1.3688293781946648,0.0,4.933273299324881,0.0,4.933273299324881,17.545126353790614,0.0,65.0,0.0,0.0,0.0,0.0,0.0,1,1,1,1,1
271,0.271,17.6101083032491,0.0,65.0,0.0,65.0,16.236340377080666,0.0,60.02007626875646,0.0,-48.21109124971324,1.3737679261684335,0.0,4.979923731243538,0.0,4.979923731243538,17.6101083032491,0.0,65.0,0.0,0.0,0.0,0.0,0.0,1,1,1,1,1
272,0.272,17.67509025270758,0.0,65.0,0.0,65.0,16.2963363478038,0.0,59.97186517750675,0.0,-49.7098585262151,1.3787539049037818,0.0,5.02813482249325,0.0,5.02813482249325,17.67509025270758,0.0,65.0,0.0,0.0,0.0,0.0,0.0,1,1,1,1,1
273,0.273,17.740072202166065,0.0,65.0,0.0,65.0,16.356283358052043,0.0,59.922155318980536,0.0,-51.12016037765491,1.3837888441140223,0.0,5.077844681019464,0.0,5.077844681019464,17.740072202166065,0.0,65.0,0.0,0.0,0.0,0.0,0.0,1,1,1,1,1
274,0.274,17.80505415162455,0.0,65.0,0.0,65.0,16.416179953290833,0.0,59.87103515860288,0.0,-52.403335626599365,1.388874198333717,0.0,5.128964841397121,0.0,5.128964841397121,17.80505415162455,0.0,65.0,0.0,0.0,0.0,0.0,0.0,1,1,1,1,1
275,0.275,17.870036101083034,0.0,65.0,0.0,65.0,16.476024786781622,0.0,59.81863182297628,0.0,-53.502962015375715,1.3940113143014123,0.0,5.181368177023721,0.0,5.181368177023721,17.870036101083034,0.0,65.0,0.0,0.0,0.0,0.0,0.0,1,1,1,1,1
276,0.276,17.935018050541515,0.0,65.0,0.0,65.0,16.53581666712359,0.0,59.76512886096091,0.0,-54.336520617966094,1.3992013834179247,0.0,5.234871139039093,0.0,5.234871139039093,17.935018050541515,0.0,65.0,0.0,0.0,0.0,0.0,0.0,1,1,1,1,1
277,0.277,18.0,0.0,49.93438317382944,41.61198597819119,65.0,16.59555462772424,0.0,59.71079234034294,0.0,-54.783148541715654,1.4044453722757595,0.0,-9.776409166513503,41.61198597819119,42.74500617897101,18.0,0.0,49.93438317382944,41.61198597819119,0.0,0.0,0.0,0.0,1,1,1,1,1
278,0.278,18.049586776859503,0.04132231404958678,49.93438317382944,41.61198597819119,65.0,16.655238028490313,0.0,59.656009191801225,0.0,-55.22010859764403,1.3943487483691897,0.04132231404958678,-9.721626017971786,41.61198597819119,42.73250974939907,18.049586776859503,0.04132231404958678,49.93438317382944,41.61198597819119,0.0,0.0,0.0,0.0,1,1,1,1,1
279,0.279,18.09917355371901,0.08264462809917356,49.93438317382944,41.61198597819119,65.0,16.714866427627815,0.0,59.60078908320358,0.0,-55.64745319849744,1.384307126091194,0.08264462809917356,-9.666405909374141,41.61198597819119,42.71998104229406,18.09917355371901,0.08264462809917356,49.93438317382944,41.61198597819119,0.0,0.0,0.0,0.0,1,1,1,1,1
280,0.28,18.14876033057851,0.12396694214876033,49.93438317382944,41.61198597819119,65.0,16.774439392984416,0.0,59.545141630005084,0.0,-56.06523517332698,1.3743209375940957,0.12396694214876033,-9.610758456175645,41.61198597819119,42.707423888033006,18.14876033057851,0.12396694214876033,49.93438317382944,41.61198597819119,0.0,0.0,0.0,0.0,1,1,1,1,1
281,0.281,18.198347107438018,0.1652892561983471,49.93438317382944,41.61198597819119,65.0,16.833956501996834,0.0,59.489076394831756,0.0,-56.47350775830638,1.3643906054411836,0.1652892561983471,-9.554693221002317,41.61198597819119,42.694842072510916,18.198347107438018,0.1652892561983471,49.93438317382944,41.61198597819119,0.0,0.0,0.0,0.0,1,1,1,1,1
282,0.28200000000000003,18.24793388429752,0.2066115702479339,49.93438317382944,41.61198597819119,65.0,16.893417341637786,0.0,59.43260288707345,0.0,-56.87232458759944,1.3545165426597343,0.2066115702479339,-9.498219713244012,41.61198597819119,42.68223933640593,18.24793388429752,0.2066115702479339,49.93438317382944,41.61198597819119,0.0,0.0,0.0,0.0,1,1,1,1,1
283,0.28300000000000003,18.297520661157026,0.24793388429752067,49.93438317382944,41.61198597819119,65.0,16.952821508362568,0.0,59.37573056248585,0.0,-57.26173968428059,1.3446991527944583,0.24793388429752067,-9.44134738865641,41.61198597819119,42.6696193744738,18.297520661157026,0.24793388429752067,49.93438317382944,41.61198597819119,0.0,0.0,0.0,0.0,1,1,1,1,1
284,0.28400000000000003,18.34710743801653,0.2892561983471075,49.93438317382944,41.61198597819119,65.0,17.012168608055212,0.0,59.31846882280157,0.0,-57.641807451304295,1.3349388299613167,0.2892561983471075,-9.384085648972132,41.61198597819119,42.65698583487147,18.34710743801653,0.2892561983471075,49.93438317382944,41.61198597819119,0.0,0.0,0.0,0.0,1,1,1,1,1
285,0.28500000000000003,18.39669421487603,0.3305785123966942,49.93438317382944,41.61198597819119,65.0,17.07145825597429,0.0,59.260827015350266,0.0,-58.012582662528565,1.325235958901743,0.3305785123966942,-9.326443841520828,41.61198597819119,42.64434231850952,18.39669421487603,0.3305785123966942,49.93438317382944,41.61198597819119,0.0,0.0,0.0,0.0,1,1,1,1,1
286,0.28600000000000003,18.446280991735538,0.371900826446281,49.93438317382944,41.61198597819119,65.0,17.130690076698308,0.0,59.20281443268774,0.0,-58.37412045378865,1.3155909150372302,0.371900826446281,-9.2684312588583,41.61198597819119,42.63169237843323,18.446280991735538,0.371900826446281,49.93438317382944,41.61198597819119,0.0,0.0,0.0,0.0,1,1,1,1,1
287,0.28700000000000003,18.49586776859504,0.4132231404958678,49.93438317382944,41.61198597819119,65.0,17.189863704070767,0.0,59.14444031223395,0.0,-58.72647631402415,1.3060040645242736,0.4132231404958678,-9.210057138404508,41.61198597819119,42.61903951923197,18.49586776859504,0.4132231404958678,49.93438317382944,41.61198597819119,0.0,0.0,0.0,0.0,1,1,1,1,1
288,0.28800000000000003,18.545454545454547,0.4545454545454546,49.93438317382944,41.61198597819119,65.0,17.248978781144846,0.0,59.085713835919925,0.0,-59.0697060764589,1.296475764309701,0.4545454545454546,-9.151330662090487,41.61198597819119,42.60638719647675,18.545454545454547,0.4545454545454546,49.93438317382944,41.61198597819119,0.0,0.0,0.0,0.0,1,1,1,1,1
289,0.28900000000000003,18.59504132231405,0.49586776859504134,49.93438317382944,41.61198597819119,65.0,17.308034960127728,0.0,59.02664412984347,0.0,-59.40386590983189,1.2870063621863217,0.49586776859504134,-9.09226095601403,41.61198597819119,42.59373881618562,18.59504132231405,0.49586776859504134,49.93438317382944,41.61198597819119,0.0,0.0,0.0,0.0,1,1,1,1,1
290,0.29000000000000004,18.644628099173552,0.5371900826446281,49.93438317382944,41.61198597819119,65.0,17.367031902324616,0.0,58.96724026393364,0.0,-59.72901230968537,1.2775961968489362,0.5371900826446281,-9.032857090104201,41.61198597819119,42.58109773431664,18.644628099173552,0.5371900826446281,49.93438317382944,41.61198597819119,0.0,0.0,0.0,0.0,1,1,1,1,1
291,0.29100000000000004,18.694214876033058,0.578512396694215,49.93438317382944,41.61198597819119,65.0,17.425969278082395,0.0,58.90751125162395,0.0,-60.04520208970348,1.2682455979506635,0.578512396694215,-8.973128077794513,41.61198597819119,42.56846725628825,18.694214876033058,0.578512396694215,49.93438317382944,41.61198597819119,0.0,0.0,0.0,0.0,1,1,1,1,1
292,0.29200000000000004,18.74380165289256,0.6198347107438017,49.93438317382944,41.61198597819119,65.0,17.484846766732975,0.0,58.84746604953425,0.0,-60.3524923731061,1.2589548861595858,0.6198347107438017,-8.91308287570481,41.61198597819119,42.555850636526614,18.74380165289256,0.6198347107438017,49.93438317382944,41.61198597819119,0.0,0.0,0.0,0.0,1,1,1,1,1
293,0.29300000000000004,18.793388429752067,0.6611570247933884,49.93438317382944,41.61198597819119,65.0,17.543664056536322,0.0,58.78711355716114,0.0,-60.65094058409671,1.249724373215745,0.6611570247933884,-8.852730383331703,41.61198597819119,42.543251078039916,18.793388429752067,0.6611570247933884,49.93438317382944,41.61198597819119,0.0,0.0,0.0,0.0,1,1,1,1,1
294,0.29400000000000004,18.84297520661157,0.7024793388429752,49.93438317382944,41.61198597819119,65.0,17.602420844623193,0.0,58.726462616577045,0.0,-60.94060443936603,1.2405543619883765,0.7024793388429752,-8.792079442747607,41.61198597819119,42.530671732019066,18.84297520661157,0.7024793388429752,49.93438317382944,41.61198597819119,0.0,0.0,0.0,0.0,1,1,1,1,1
295,0.29500000000000004,18.892561983471076,0.743801652892562,49.93438317382944,41.61198597819119,65.0,17.66111683693755,0.0,58.66552201213768,0.0,-61.22154193964788,1.2314451465335274,0.743801652892562,-8.73113883830824,41.61198597819119,42.51811569746471,18.892561983471076,0.743801652892562,49.93438317382944,41.61198597819119,0.0,0.0,0.0,0.0,1,1,1,1,1
296,0.29600000000000004,18.94214876033058,0.7851239669421488,49.93438317382944,41.61198597819119,65.0,17.719751748178716,0.0,58.604300470198034,0.0,-61.493811361334515,1.2223970121518626,0.7851239669421488,-8.669917296368595,41.61198597819119,42.50558602084027,18.94214876033058,0.7851239669421488,49.93438317382944,41.61198597819119,0.0,0.0,0.0,0.0,1,1,1,1,1
297,0.29700000000000004,18.99173553719008,0.8264462809917356,49.93438317382944,41.61198597819119,65.0,17.778325301743234,0.0,58.542806658836696,0.0,-61.75747124814268,1.2134102354468475,0.8264462809917356,-8.608423485007258,41.61198597819119,42.49308569575061,18.99173553719008,0.8264462809917356,49.93438317382944,41.61198597819119,0.0,0.0,0.0,0.0,1,1,1,1,1
298,0.29800000000000004,19.041322314049587,0.8677685950413223,49.93438317382944,41.61198597819119,65.0,17.836837229666443,0.0,58.48104918758855,0.0,-62.01258040283844,1.204485084383144,0.8677685950413223,-8.546666013759115,41.61198597819119,42.48061766264617,19.041322314049587,0.8677685950413223,49.93438317382944,41.61198597819119,0.0,0.0,0.0,0.0,1,1,1,1,1
299,0.29900000000000004,19.09090909090909,0.9090909090909092,49.93438317382944,41.61198597819119,65.0,17.89528727256383,0.0,58.41903660718572,0.0,-62.25919787901821,1.1956218183452592,0.9090909090909092,-8.484653433356279,41.61198597819119,42.46818480855221,19.09090909090909,0.9090909090909092,49.93438317382944,41.61198597819119,0.0,0.0,0.0,0.0,1,1,1,1,1
300,0.30000000000000004,19.140495867768596,0.9504132231404959,49.93438317382944,41.61198597819119,65.0,17.953675179572077,0.0,58.3567774093067,0.0,-62.49738297294278,1.1868206881965193,0.9504132231404959,-8.422394235477263,41.61198597819119,42.45578996682291,19.140495867768596,0.9504132231404959,49.93438317382944,41.61198597819119,0.0,0.0,0.0,0.0,1,1,1,1,1
301,0.30100000000000005,19.1900826446281,0.9917355371900827,49.93438317382944,41.61198597819119,65.0,18.0120007082899,0.0,58.29428002633376,0.0,-62.72719521543229,1.1780819363381987,0.9917355371900827,-8.35989685250432,41.61198597819119,42.44343591691997,19.1900826446281,0.9917355371900827,49.93438317382944,41.61198597819119,0.0,0.0,0.0,0.0,1,1,1,1,1
302,0.30200000000000005,19.239669421487605,1.0330578512396695,49.93438317382944,41.61198597819119,65.0,18.070263624718628,0.0,58.23155283111833,0.0,-62.948694363813686,1.1694057967689773,1.0330578512396695,-8.29716965728889,41.61198597819119,42.431125384215484,19.239669421487605,1.0330578512396695,49.93438317382944,41.61198597819119,0.0,0.0,0.0,0.0,1,1,1,1,1
303,0.30300000000000005,19.289256198347108,1.0743801652892562,49.93438317382944,41.61198597819119,65.0,18.128463703202563,0.0,58.16860413675452,0.0,-63.16194039392817,1.1607924951445447,1.0743801652892562,-8.234220962925079,41.61198597819119,42.41886103981878,19.289256198347108,1.0743801652892562,49.93438317382944,41.61198597819119,0.0,0.0,0.0,0.0,1,1,1,1,1
304,0.30400000000000005,19.33884297520661,1.115702479338843,49.93438317382944,41.61198597819119,65.0,18.186600726369118,0.0,58.10544219636059,0.0,-63.36699349219502,1.1522422488374922,1.115702479338843,-8.171059022531153,41.61198597819119,42.4066455004268,19.33884297520661,1.115702479338843,49.93438317382944,41.61198597819119,0.0,0.0,0.0,0.0,1,1,1,1,1
305,0.30500000000000005,19.388429752066116,1.15702479338843,49.93438317382944,41.61198597819119,65.0,18.24467448506873,0.0,58.042075202868396,0.0,-63.563914047731714,1.1437552669973847,1.15702479338843,-8.107692029038958,41.61198597819119,42.39448132819792,19.388429752066116,1.15702479338843,49.93438317382944,41.61198597819119,0.0,0.0,0.0,0.0,1,1,1,1,1
306,0.30600000000000005,19.43801652892562,1.1983471074380165,49.93438317382944,41.61198597819119,65.0,18.30268477831458,0.0,57.97851128882066,0.0,-63.752762644532375,1.1353317506110407,1.1983471074380165,-8.044128114991224,41.61198597819119,42.38237103064873,19.43801652892562,1.1983471074380165,49.93438317382944,41.61198597819119,0.0,0.0,0.0,0.0,1,1,1,1,1
307,0.30700000000000005,19.487603305785125,1.2396694214876034,49.93438317382944,41.61198597819119,65.0,18.360631413222077,0.0,57.91475852617613,0.0,-63.93360005370313,1.1269718925630485,1.2396694214876034,-7.980375352346691,41.61198597819119,42.37031706057347,19.487603305785125,1.2396694214876034,49.93438317382944,41.61198597819119,0.0,0.0,0.0,0.0,1,1,1,1,1
308,0.30800000000000005,19.537190082644628,1.28099173553719,49.93438317382944,41.61198597819119,65.0,18.418514204948227,0.0,57.85082492612243,0.0,-64.10648722575807,1.1186758776964005,1.28099173553719,-7.9164417522929895,41.61198597819119,42.35832181598591,19.537190082644628,1.28099173553719,49.93438317382944,41.61198597819119,0.0,0.0,0.0,0.0,1,1,1,1,1
309,0.30900000000000005,19.586776859504134,1.322314049586777,49.93438317382944,41.61198597819119,65.0,18.47633297663074,0.0,57.78671843889667,0.0,-64.27148528296944,1.110443882873394,1.322314049586777,-7.852335265067232,41.61198597819119,42.34638764008329,19.586776859504134,1.322314049586777,49.93438317382944,41.61198597819119,0.0,0.0,0.0,0.0,1,1,1,1,1
310,0.31000000000000005,19.636363636363637,1.3636363636363635,49.93438317382944,41.61198597819119,65.0,18.534087559326995,0.0,57.7224469536137,0.0,-64.42865551177842,1.1022760770366418,1.3636363636363635,-7.78806377978426,41.61198597819119,42.334516821231915,19.636363636363637,1.3636363636363635,49.93438317382944,41.61198597819119,0.0,0.0,0.0,0.0,1,1,1,1,1
311,0.31100000000000005,19.68595041322314,1.4049586776859504,49.93438317382944,41.61198597819119,65.0,18.59177779195285,0.0,57.65801829810192,0.0,-64.57805935526497,1.094172621270289,1.4049586776859504,-7.723635124272484,41.61198597819119,42.32271159297424,19.68595041322314,1.4049586776859504,49.93438317382944,41.61198597819119,0.0,0.0,0.0,0.0,1,1,1,1,1
312,0.31200000000000006,19.735537190082646,1.446280991735537,49.93438317382944,41.61198597819119,65.0,18.649403521221274,0.0,57.59344023874666,0.0,-64.71975840567474,1.0861336688613719,1.446280991735537,-7.659057064917221,41.61198597819119,42.31097413405698,19.735537190082646,1.446280991735537,49.93438317382944,41.61198597819119,0.0,0.0,0.0,0.0,1,1,1,1,1
313,0.31300000000000006,19.785123966942148,1.487603305785124,49.93438317382944,41.61198597819119,65.0,18.706964601580818,0.0,57.528720480340986,0.0,-64.85381439700463,1.07815936536133,1.487603305785124,-7.594337306511548,41.61198597819119,42.29930656847998,19.785123966942148,1.487603305785124,49.93438317382944,41.61198597819119,0.0,0.0,0.0,0.0,1,1,1,1,1
314,0.314,19.834710743801654,1.5289256198347108,49.93438317382944,41.61198597819119,65.0,18.764460895153963,0.0,57.46386666594398,0.0,-64.98028919764839,1.0702498486476912,1.5289256198347108,-7.529483492114544,41.61198597819119,42.287710965565466,19.834710743801654,1.5289256198347108,49.93438317382944,41.61198597819119,0.0,0.0,0.0,0.0,1,1,1,1,1
315,0.315,19.884297520661157,1.5702479338842976,49.93438317382944,41.61198597819119,65.0,18.82189227167531,0.0,57.39888637674633,0.0,-65.09924480309994,1.062405248985847,1.5702479338842976,-7.4645032029168945,41.61198597819119,42.276189340047395,19.884297520661157,1.5702479338842976,49.93438317382944,41.61198597819119,0.0,0.0,0.0,0.0,1,1,1,1,1
316,0.316,19.93388429752066,1.6115702479338843,49.93438317382944,41.61198597819119,65.0,18.879258608429655,0.0,57.33378713194323,0.0,-65.21074332871773,1.0546256890910044,1.6115702479338843,-7.399403958113794,41.61198597819119,42.264743652180485,19.93388429752066,1.6115702479338843,49.93438317382944,41.61198597819119,0.0,0.0,0.0,0.0,1,1,1,1,1
317,0.317,19.983471074380166,1.6528925619834711,49.93438317382944,41.61198597819119,65.0,18.936559790189932,0.0,57.26857638861451,0.0,-65.31484700254606,1.0469112841902337,1.6528925619834711,-7.334193214785074,41.61198597819119,42.25337580786865,19.983471074380166,1.6528925619834711,49.93438317382944,41.61198597819119,0.0,0.0,0.0,0.0,1,1,1,1,1
318,0.318,20.03305785123967,1.6942148760330578,49.93438317382944,41.61198597819119,65.0,18.993795709155048,0.0,57.203261541611965,0.0,-65.41161815819869,1.0392621420846204,1.6942148760330578,-7.268878367782527,41.61198597819119,42.24208765881247,20.03305785123967,1.6942148760330578,49.93438317382944,41.61198597819119,0.0,0.0,0.0,0.0,1,1,1,1,1
319,0.319,20.082644628099175,1.7355371900826446,49.93438317382944,41.61198597819119,65.0,19.05096626488758,0.0,57.137849923453764,0.0,-65.50111922779713,1.0316783632115936,1.7355371900826446,-7.203466749624326,41.61198597819119,42.230881002675325,20.082644628099175,1.7355371900826446,49.93438317382944,41.61198597819119,0.0,0.0,0.0,0.0,1,1,1,1,1
320,0.32,20.132231404958677,1.7768595041322313,49.93438317382944,41.61198597819119,65.0,19.10807136425142,0.0,57.07234880422597,0.0,-65.58341273497426,1.0241600407072582,1.7768595041322313,-7.137965630396529,41.61198597819119,42.21975758326784,20.132231404958677,1.7768595041322313,49.93438317382944,41.61198597819119,0.0,0.0,0.0,0.0,1,1,1,1,1
321,0.321,20.18181818181818,1.8181818181818183,49.93438317382944,41.61198597819119,65.0,19.165110921349278,0.0,57.006765391490994,0.0,-65.65856128793413,1.0167072604689018,1.8181818181818183,-7.072382217661556,41.61198597819119,42.208719090750385,20.18181818181818,1.8181818181818183,49.93438317382944,41.61198597819119,0.0,0.0,0.0,0.0,1,1,1,1,1
322,0.322,20.231404958677686,1.8595041322314048,49.93438317382944,41.61198597819119,65.0,19.222084857460125,0.0,56.94110683020306,0.0,-65.72662757257156,1.0093201012175612,1.8595041322314048,-7.006723656373623,41.61198597819119,42.19776716185308,20.231404958677686,1.8595041322314048,49.93438317382944,41.61198597819119,0.0,0.0,0.0,0.0,1,1,1,1,1
323,0.323,20.28099173553719,1.9008264462809918,49.93438317382944,41.61198597819119,65.0,19.27899310097654,0.0,56.87538020263049,0.0,-65.78767434565282,1.0019986345606497,1.9008264462809918,-6.94099702880105,41.61198597819119,42.186903380113186,20.28099173553719,1.9008264462809918,49.93438317382944,41.61198597819119,0.0,0.0,0.0,0.0,1,1,1,1,1
324,0.324,20.330578512396695,1.9421487603305785,49.93438317382944,41.61198597819119,65.0,19.335835587341997,0.0,56.80959252828484,0.0,-65.84176442805656,0.9947429250546982,1.9421487603305785,-6.8752093544554,41.61198597819119,42.1761292761293,20.330578512396695,1.9421487603305785,49.93438317382944,41.61198597819119,0.0,0.0,0.0,0.0,1,1,1,1,1
325,0.325,20.380165289256198,1.9834710743801653,49.93438317382944,41.61198597819119,65.0,19.39261225898807,0.0,56.74375076385678,0.0,-65.88896069807217,0.9875530302681277,1.9834710743801653,-6.8093675900273425,41.61198597819119,42.165446327832164,20.380165289256198,1.9834710743801653,49.93438317382944,41.61198597819119,0.0,0.0,0.0,0.0,1,1,1,1,1
326,0.326,20.429752066115704,2.024793388429752,49.93438317382944,41.61198597819119,65.0,19.449323065271578,0.0,56.677861803158706,0.0,-65.92932608476103,0.9804290008441257,2.024793388429752,-6.7434786293292674,41.61198597819119,42.1548559607716,20.429752066115704,2.024793388429752,49.93438317382944,41.61198597819119,0.0,0.0,0.0,0.0,1,1,1,1,1
327,0.327,20.479338842975206,2.066115702479339,49.93438317382944,41.61198597819119,65.0,19.505967962411695,0.0,56.61193247707394,0.0,-65.96292356137668,0.9733708805635111,2.066115702479339,-6.677549303244504,41.61198597819119,42.14435954841931,20.479338842975206,2.066115702479339,49.93438317382944,41.61198597819119,0.0,0.0,0.0,0.0,1,1,1,1,1
328,0.328,20.52892561983471,2.1074380165289255,49.93438317382944,41.61198597819119,65.0,19.56254691342699,0.0,56.54596955351256,0.0,-65.98981613884477,0.9663787064077205,2.1074380165289255,-6.611586379683125,41.61198597819119,42.13395841248709,20.52892561983471,2.1074380165289255,49.93438317382944,41.61198597819119,0.0,0.0,0.0,0.0,1,1,1,1,1
329,0.329,20.578512396694215,2.1487603305785123,49.93438317382944,41.61198597819119,65.0,19.61905988807243,0.0,56.47997973737372,0.0,-66.01006685930423,0.9594525086217836,2.1487603305785123,-6.545596563544279,41.61198597819119,42.12365382326019,20.578512396694215,2.1487603305785123,49.93438317382944,41.61198597819119,0.0,0.0,0.0,0.0,1,1,1,1,1
330,0.33,20.628099173553718,2.190082644628099,49.93438317382944,41.61198597819119,65.0,19.675506862776377,0.0,56.41396967051441,0.0,-66.02373878970731,0.9525923107773409,2.190082644628099,-6.479586496684973,41.61198597819119,42.11344699994531,20.628099173553718,2.190082644628099,49.93438317382944,41.61198597819119,0.0,0.0,0.0,0.0,1,1,1,1,1
331,0.331,20.677685950413224,2.231404958677686,49.93438317382944,41.61198597819119,65.0,19.731887820577498,0.0,56.3479459317247,0.0,-66.03089501548101,0.9457981298357261,2.231404958677686,-6.413562757895264,41.61198597819119,42.10333911103301,20.677685950413224,2.231404958677686,49.93438317382944,41.61198597819119,0.0,0.0,0.0,0.0,1,1,1,1,1
332,0.332,20.727272727272727,2.2727272727272725,49.93438317382944,41.61198597819119,65.0,19.788202751061718,0.0,56.28191503670922,0.0,-66.03159863424852,0.9390699762110088,2.2727272727272725,-6.347531862879784,41.61198597819119,42.09333127467407,20.727272727272727,2.2727272727272725,49.93438317382944,41.61198597819119,0.0,0.0,0.0,0.0,1,1,1,1,1
333,0.333,20.776859504132233,2.31404958677686,49.93438317382944,41.61198597819119,65.0,19.84445165029911,0.0,56.215883438074975,0.0,-66.02591274960997,0.9324078538331229,2.31404958677686,-6.281500264245537,41.61198597819119,42.08342455906954,20.776859504132233,2.31404958677686,49.93438317382944,41.61198597819119,0.0,0.0,0.0,0.0,1,1,1,1,1
334,0.334,20.826446280991735,2.355371900826446,49.93438317382944,41.61198597819119,65.0,19.90063452078081,0.0,56.149857525325366,0.0,-66.01390046498547,0.9258117602109266,2.355371900826446,-6.215474351495928,41.61198597819119,42.07361998287388,20.826446280991735,2.355371900826446,49.93438317382944,41.61198597819119,0.0,0.0,0.0,0.0,1,1,1,1,1
335,0.335,20.876033057851238,2.396694214876033,49.93438317382944,41.61198597819119,65.0,19.956751371355903,0.0,56.08384362486038,0.0,-65.99562487751686,0.919281686495335,2.396694214876033,-6.14946045103094,41.61198597819119,42.06391851561114,20.876033057851238,2.396694214876033,49.93438317382944,41.61198597819119,0.0,0.0,0.0,0.0,1,1,1,1,1
336,0.336,20.925619834710744,2.43801652892562,49.93438317382944,41.61198597819119,65.0,20.012802217168325,0.0,56.01784799998286,0.0,-65.97114907202968,0.9128176175424194,2.43801652892562,-6.083464826153424,41.61198597819119,42.05432107810357,20.925619834710744,2.43801652892562,49.93438317382944,41.61198597819119,0.0,0.0,0.0,0.0,1,1,1,1,1
337,0.337,20.975206611570247,2.479338842975207,49.93438317382944,41.61198597819119,65.0,20.068787079593772,0.0,55.951876850910836,0.0,-65.9405361150567,0.906419531976475,2.479338842975207,-6.017493677081397,41.61198597819119,42.04482854291233,20.975206611570247,2.479338842975207,49.93438317382944,41.61198597819119,0.0,0.0,0.0,0.0,1,1,1,1,1
338,0.338,21.024793388429753,2.520661157024793,49.93438317382944,41.61198597819119,65.0,20.124705986176625,0.0,55.88593631479578,0.0,-65.18605659481935,0.9000874022531278,2.520661157024793,-5.95155314096634,41.61198597819119,42.03544173479002,21.024793388429753,2.520661157024793,49.93438317382944,41.61198597819119,0.0,0.0,0.0,0.0,1,1,1,1,1
339,0.339,21.074380165289256,2.56198347107438,49.93438317382944,41.61198597819119,65.0,20.180559329463122,0.0,55.82075025820096,0.0,-65.01836509933194,0.8938208358261335,2.56198347107438,-5.886367084371521,41.61198597819119,42.0262619620298,21.074380165289256,2.56198347107438,49.93438317382944,41.61198597819119,0.0,0.0,0.0,0.0,1,1,1,1,1
340,0.34,21.123966942148762,2.6033057851239674,49.93438317382944,41.61198597819119,65.0,20.236347570538772,0.0,55.755731893101625,0.0,-64.83877090210366,0.8876193716099898,2.6033057851239674,-5.821348719272187,41.61198597819119,42.01720454719177,21.123966942148762,2.6033057851239674,49.93438317382944,41.61198597819119,0.0,0.0,0.0,0.0,1,1,1,1,1
341,0.341,21.173553719008265,2.644628099173554,49.93438317382944,41.61198597819119,65.0,20.29207088304642,0.0,55.69089312219952,0.0,-64.64751295896546,0.8814828359618438,2.644628099173554,-5.756509948370081,41.61198597819119,42.008270421845076,21.173553719008265,2.644628099173554,49.93438317382944,41.61198597819119,0.0,0.0,0.0,0.0,1,1,1,1,1
342,0.342,21.223140495867767,2.68595041322314,49.93438317382944,41.61198597819119,65.0,20.347729452412143,0.0,55.626245609240556,0.0,-64.44482640564671,0.8754110434556246,2.68595041322314,-5.691862435411117,41.61198597819119,41.99946041359132,21.223140495867767,2.68595041322314,49.93438317382944,41.61198597819119,0.0,0.0,0.0,0.0,1,1,1,1,1
343,0.343,21.272727272727273,2.727272727272727,49.93438317382944,41.61198597819119,65.0,20.40332347560818,0.0,55.56180078283491,0.0,-64.23094329418942,0.8694037971190944,2.727272727272727,-5.6274176090054695,41.61198597819119,41.99077524880108,21.272727272727273,2.727272727272727,49.93438317382944,41.61198597819119,0.0,0.0,0.0,0.0,1,1,1,1,1
344,0.34400000000000003,21.322314049586776,2.7685950413223144,49.93438317382944,41.61198597819119,65.0,20.458853160919368,0.0,55.497569839540716,0.0,-64.00609309921256,0.863460888667408,2.7685950413223144,-5.563186665711278,41.61198597819119,41.982215555241105,21.322314049586776,2.7685950413223144,49.93438317382944,41.61198597819119,0.0,0.0,0.0,0.0,1,1,1,1,1
345,0.34500000000000003,21.371900826446282,2.809917355371901,49.93438317382944,41.61198597819119,65.0,20.51431872771236,0.0,55.43356374644151,0.0,-63.77050306765794,0.8575820987339213,2.809917355371901,-5.499180572612069,41.61198597819119,41.973781864628,21.371900826446282,2.809917355371901,49.93438317382944,41.61198597819119,0.0,0.0,0.0,0.0,1,1,1,1,1
346,0.34600000000000003,21.421487603305785,2.8512396694214877,49.93438317382944,41.61198597819119,65.0,20.569720406207267,0.0,55.36979324337385,0.0,-63.52439846213986,0.8517671970985177,2.8512396694214877,-5.43541006954441,41.61198597819119,41.96547461513196,21.421487603305785,2.8512396694214877,49.93438317382944,41.61198597819119,0.0,0.0,0.0,0.0,1,1,1,1,1
347,0.34700000000000003,21.47107438016529,2.892561983471074,49.93438317382944,41.61198597819119,65.0,20.625058437251408,0.0,55.306268844911706,0.0,-63.26800273200288,0.8460159429138834,2.892561983471074,-5.371885671082268,41.61198597819119,41.95729415384599,21.47107438016529,2.892561983471074,49.93438317382944,41.61198597819119,0.0,0.0,0.0,0.0,1,1,1,1,1
348,0.34800000000000003,21.520661157024794,2.9338842975206614,49.93438317382944,41.61198597819119,65.0,20.680333072094953,0.0,55.243000842179704,0.0,-63.001537635298114,0.8403280849298405,2.9338842975206614,-5.308617668350266,41.61198597819119,41.949240739230326,21.520661157024794,2.9338842975206614,49.93438317382944,41.61198597819119,0.0,0.0,0.0,0.0,1,1,1,1,1
349,0.34900000000000003,21.570247933884296,2.975206611570248,49.93438317382944,41.61198597819119,65.0,20.735544572168315,0.0,55.1799993045444,0.0,-62.72522332747105,0.8347033617159809,2.975206611570248,-5.245616130714964,41.61198597819119,41.94131454353806,21.570247933884296,2.975206611570248,49.93438317382944,41.61198597819119,0.0,0.0,0.0,0.0,1,1,1,1,1
350,0.35000000000000003,21.619834710743802,3.0165289256198347,49.93438317382944,41.61198597819119,65.0,20.790693208861196,0.0,55.117274081216934,0.0,-62.439278427513806,0.8291415018826065,3.0165289256198347,-5.182890907387495,41.61198597819119,41.93351565522572,21.619834710743802,3.0165289256198347,49.93438317382944,41.61198597819119,0.0,0.0,0.0,0.0,1,1,1,1,1
351,0.35100000000000003,21.669421487603305,3.0578512396694215,49.93438317382944,41.61198597819119,65.0,20.845779263303196,0.0,55.05483480278942,0.0,-62.14392006889035,0.8236422243001087,3.0578512396694215,-5.120451628959984,41.61198597819119,41.92584408135034,21.669421487603305,3.0578512396694215,49.93438317382944,41.61198597819119,0.0,0.0,0.0,0.0,1,1,1,1,1
352,0.35200000000000004,21.71900826446281,3.0991735537190084,49.93438317382944,41.61198597819119,65.0,20.90080302614595,0.0,54.99269088272053,0.0,-61.83936394021615,0.8182052383168603,3.0991735537190084,-5.058307708891093,41.61198597819119,41.918299749954166,21.71900826446281,3.0991735537190084,49.93438317382944,41.61198597819119,0.0,0.0,0.0,0.0,1,1,1,1,1
353,0.35300000000000004,21.768595041322314,3.1404958677685952,49.93438317382944,41.61198597819119,65.0,20.955764797346703,0.0,54.930851518780315,0.0,-61.52582431907497,0.8128302439756112,3.1404958677685952,-4.996468344950877,41.61198597819119,41.91088251243675,21.768595041322314,3.1404958677685952,49.93438317382944,41.61198597819119,0.0,0.0,0.0,0.0,1,1,1,1,1
354,0.35400000000000004,21.81818181818182,3.1818181818181817,49.93438317382944,41.61198597819119,65.0,21.01066488595332,0.0,54.86932569446124,0.0,-61.20351410128334,0.8075169322284985,3.1818181818181817,-4.9349425206318,41.61198597819119,41.903592145914175,21.81818181818182,3.1818181818181817,49.93438317382944,41.61198597819119,0.0,0.0,0.0,0.0,1,1,1,1,1
355,0.35500000000000004,21.867768595041323,3.2231404958677685,49.93438317382944,41.61198597819119,65.0,21.065503609890733,0.0,54.80812218035995,0.0,-60.87264482717672,0.8022649851505896,3.2231404958677685,-4.8737390065305135,41.61198597819119,41.8964283555646,21.867768595041323,3.2231404958677685,49.93438317382944,41.61198597819119,0.0,0.0,0.0,0.0,1,1,1,1,1
356,0.35600000000000004,21.917355371900825,3.2644628099173554,49.93438317382944,41.61198597819119,65.0,21.12028129574868,0.0,54.747249535532774,0.0,-60.533426705989676,0.7970740761521462,3.2644628099173554,-4.812866361703335,41.61198597819119,41.88939077695922,21.917355371900825,3.2644628099173554,49.93438317382944,41.61198597819119,0.0,0.0,0.0,0.0,1,1,1,1,1
357,0.35700000000000004,21.96694214876033,3.3057851239669422,49.93438317382944,41.61198597819119,65.0,21.17499827857086,0.0,54.686716108826786,0.0,-60.18606863907954,0.7919438701894705,3.3057851239669422,-4.752332934997348,41.61198597819119,41.88247897837759,21.96694214876033,3.3057851239669422,49.93438317382944,41.61198597819119,0.0,0.0,0.0,0.0,1,1,1,1,1
358,0.35800000000000004,22.016528925619834,3.347107438016529,49.93438317382944,41.61198597819119,65.0,21.229654901645368,0.0,54.62653004018771,0.0,-59.83077824251112,0.786874023974466,3.347107438016529,-4.6921468663582715,41.61198597819119,41.87569246310628,22.016528925619834,3.347107438016529,49.93438317382944,41.61198597819119,0.0,0.0,0.0,0.0,1,1,1,1,1
359,0.35900000000000004,22.066115702479337,3.3884297520661155,49.93438317382944,41.61198597819119,65.0,21.284251516296436,0.0,54.566699261945196,0.0,-59.467761869388696,0.7818641861829008,3.3884297520661155,-4.632316088115758,41.61198597819119,41.8690306717196,22.066115702479337,3.3884297520661155,49.93438317382944,41.61198597819119,0.0,0.0,0.0,0.0,1,1,1,1,1
360,0.36000000000000004,22.115702479338843,3.429752066115703,49.93438317382944,41.61198597819119,65.0,21.338788481677444,0.0,54.507231500075804,0.0,-59.097224632226535,0.7769139976613992,3.429752066115703,-4.5728483262463655,41.61198597819119,41.86249298434142,22.115702479338843,3.429752066115703,49.93438317382944,41.61198597819119,0.0,0.0,0.0,0.0,1,1,1,1,1
361,0.36100000000000004,22.16528925619835,3.4710743801652892,49.93438317382944,41.61198597819119,65.0,21.3932661645652,0.0,54.44813427544358,0.0,-58.71937042562707,0.7720230916331481,3.4710743801652892,-4.51375110161414,41.61198597819119,41.85607872288688,22.16528925619835,3.4710743801652892,49.93438317382944,41.61198597819119,0.0,0.0,0.0,0.0,1,1,1,1,1
362,0.36200000000000004,22.214876033057852,3.512396694214876,49.93438317382944,41.61198597819119,65.0,21.44768493915543,0.0,54.38941490501795,0.0,-58.33440194952126,0.7671910939024222,3.512396694214876,-4.455031731188512,41.61198597819119,41.84978715328283,22.214876033057852,3.512396694214876,49.93438317382944,41.61198597819119,0.0,0.0,0.0,0.0,1,1,1,1,1
363,0.36300000000000004,22.264462809917354,3.5537190082644625,49.93438317382944,41.61198597819119,65.0,21.502045186859473,0.0,54.33108050306843,0.0,-57.9425207332863,0.7624176230578819,3.5537190082644625,-4.3966973292389895,41.61198597819119,41.843617487666116,22.264462809917354,3.5537190082644625,49.93438317382944,41.61198597819119,0.0,0.0,0.0,0.0,1,1,1,1,1
364,0.36400000000000005,22.31404958677686,3.59504132231405,49.93438317382944,41.61198597819119,65.0,21.556347296102174,0.0,54.27313798233514,0.0,-57.543927161132665,0.7577022906746862,3.59504132231405,-4.338754808505705,41.61198597819119,41.83756888655831,22.31404958677686,3.59504132231405,49.93438317382944,41.61198597819119,0.0,0.0,0.0,0.0,1,1,1,1,1
365,0.365,22.363636363636363,3.6363636363636367,49.93438317382944,41.61198597819119,65.0,21.610591662120928,0.0,54.21559405517401,0.0,-57.13882049931563,0.7530447015154351,3.6363636363636367,-4.28121088134457,41.61198597819119,41.83164046101615,22.363636363636363,3.6363636363636367,49.93438317382944,41.61198597819119,0.0,0.0,0.0,0.0,1,1,1,1,1
366,0.366,22.413223140495866,3.677685950413223,49.93438317382944,41.61198597819119,65.0,21.66477868676585,0.0,54.15845523467469,0.0,-56.72739892595031,0.7484444537300163,3.677685950413223,-4.224072060845252,41.61198597819119,41.82583127475644,22.413223140495866,3.677685950413223,49.93438317382944,41.61198597819119,0.0,0.0,0.0,0.0,1,1,1,1,1
367,0.367,22.462809917355372,3.7190082644628095,49.93438317382944,41.61198597819119,65.0,21.71890877830106,0.0,54.10172783574874,0.0,-56.309859564575014,0.7439011390543122,3.7190082644628095,-4.1673446619193015,41.61198597819119,41.82014034625431,22.462809917355372,3.7190082644628095,49.93438317382944,41.61198597819119,0.0,0.0,0.0,0.0,1,1,1,1,1
368,0.368,22.51239669421488,3.760330578512397,49.93438317382944,41.61198597819119,65.0,21.772982351207027,0.0,54.04541797618416,0.0,-55.886398523119546,0.7394143430078515,3.760330578512397,-4.111034802354723,41.61198597819119,41.81456665081383,22.51239669421488,3.760330578512397,49.93438317382944,41.61198597819119,0.0,0.0,0.0,0.0,1,1,1,1,1
369,0.369,22.56198347107438,3.8016528925619837,49.93438317382944,41.61198597819119,65.0,21.82699982598395,0.0,53.98953157766104,0.0,-55.457210940725886,0.7349836450904306,3.8016528925619837,-4.055148403831602,41.61198597819119,41.80910912260961,22.56198347107438,3.8016528925619837,49.93438317382944,41.61198597819119,0.0,0.0,0.0,0.0,1,1,1,1,1
370,0.37,22.611570247933884,3.84297520661157,49.93438317382944,41.61198597819119,65.0,21.88096162895614,0.0,53.93407436672032,0.0,-55.022491045999566,0.7306086189777439,3.84297520661157,-3.9996911928908787,41.61198597819119,41.803766656698166,22.611570247933884,3.84297520661157,49.93438317382944,41.61198597819119,0.0,0.0,0.0,0.0,1,1,1,1,1
371,0.371,22.66115702479339,3.884297520661157,49.93438317382944,41.61198597819119,65.0,21.934868192077335,0.0,53.879051875674314,0.0,-54.5824322319586,0.7262888327160546,3.884297520661157,-3.9446687018448756,41.61198597819119,41.79853811099731,22.66115702479339,3.884297520661157,49.93438317382944,41.61198597819119,0.0,0.0,0.0,0.0,1,1,1,1,1
372,0.372,22.710743801652892,3.9256198347107443,49.93438317382944,41.61198597819119,65.0,21.988719952736894,0.0,53.824469443442354,0.0,-54.13722715541234,0.7220238489159989,3.9256198347107443,-3.8900862696129153,41.61198597819119,41.79342230823185,22.710743801652892,3.9256198347107443,49.93438317382944,41.61198597819119,0.0,0.0,0.0,0.0,1,1,1,1,1
373,0.373,22.760330578512395,3.9669421487603307,49.93438317382944,41.61198597819119,65.0,22.04251735356676,0.0,53.77033221628694,0.0,-53.68706787213869,0.7178132249456368,3.9669421487603307,-3.8359490424575,41.61198597819119,41.78841803784287,22.760330578512395,3.9669421487603307,49.93438317382944,41.61198597819119,0.0,0.0,0.0,0.0,1,1,1,1,1
374,0.374,22.8099173553719,4.008264462809917,49.93438317382944,41.61198597819119,65.0,22.096260842249112,0.0,53.7166451484148,0.0,-53.23214602456313,0.713656513122789,4.008264462809917,-3.78226197458536,41.61198597819119,41.78352405785772,22.8099173553719,4.008264462809917,49.93438317382944,41.61198597819119,0.0,0.0,0.0,0.0,1,1,1,1,1
375,0.375,22.859504132231404,4.049586776859504,49.93438317382944,41.61198597819119,65.0,22.149950871324517,0.0,53.663413002390236,0.0,-52.77265310648036,0.7095532609068869,4.049586776859504,-3.7290298285607975,41.61198597819119,41.77873909671612,22.859504132231404,4.049586776859504,49.93438317382944,41.61198597819119,0.0,0.0,0.0,0.0,1,1,1,1,1
376,0.376,22.90909090909091,4.090909090909091,49.93438317382944,41.61198597819119,65.0,22.203587898000354,0.0,53.610640349283756,0.0,-52.308780840887906,0.7055030110905562,4.090909090909091,-3.6762571754543174,41.61198597819119,41.774061855046604,22.90909090909091,4.090909090909091,49.93438317382944,41.61198597819119,0.0,0.0,0.0,0.0,1,1,1,1,1
377,0.377,22.958677685950413,4.132231404958678,49.93438317382944,41.61198597819119,65.0,22.25717238395922,0.0,53.55833156844287,0.0,-51.84072172391977,0.7015053019911939,4.132231404958678,-3.6239483946134285,41.61198597819119,41.76949100738482,22.958677685950413,4.132231404958678,49.93438317382944,41.61198597819119,0.0,0.0,0.0,0.0,1,1,1,1,1
378,0.378,23.00826446280992,4.1735537190082646,49.93438317382944,41.61198597819119,65.0,22.3107047951668,0.0,53.50649084671895,0.0,-51.36866981274383,0.6975596676431195,4.1735537190082646,-3.5721076728895085,41.61198597819119,41.76502520382211,23.00826446280992,4.1735537190082646,49.93438317382944,41.61198597819119,0.0,0.0,0.0,0.0,1,1,1,1,1
379,0.379,23.05785123966942,4.214876033057851,49.93438317382944,41.61198597819119,65.0,22.36418560167861,0.0,53.4551221769062,0.0,-50.89282187183421,0.6936656379908115,4.214876033057851,-3.5207390030767627,41.61198597819119,41.76066307156732,23.05785123966942,4.214876033057851,49.93438317382944,41.61198597819119,0.0,0.0,0.0,0.0,1,1,1,1,1
380,0.38,23.107438016528924,4.256198347107438,49.93438317382944,41.61198597819119,65.0,22.41761527744458,0.0,53.40422935503437,0.0,-50.41337904571439,0.6898227390843452,4.256198347107438,-3.469846181204929,41.61198597819119,41.75640321639788,23.107438016528924,4.256198347107438,49.93438317382944,41.61198597819119,0.0,0.0,0.0,0.0,1,1,1,1,1
381,0.381,23.15702479338843,4.297520661157025,49.93438317382944,41.61198597819119,65.0,22.470994300110092,0.0,53.35381597598865,0.0,-49.93054930516309,0.6860304932783379,4.297520661157025,-3.419432802159214,41.61198597819119,41.752244223965526,23.15702479338843,4.297520661157025,49.93438317382944,41.61198597819119,0.0,0.0,0.0,0.0,1,1,1,1,1
382,0.382,23.206611570247933,4.338842975206612,49.93438317382944,41.61198597819119,65.0,22.52432315081143,0.0,53.303885426683486,0.0,-49.44455102978773,0.6822884194365031,4.338842975206612,-3.3695022528540477,41.61198597819119,41.748184660906745,23.206611570247933,4.338842975206612,49.93438317382944,41.61198597819119,0.0,0.0,0.0,0.0,1,1,1,1,1
383,0.383,23.256198347107436,4.380165289256198,49.93438317382944,41.61198597819119,65.0,22.577602313962597,0.0,53.2544408756537,0.0,-48.955618260179335,0.6785960331448386,4.380165289256198,-3.320057701824261,41.61198597819119,41.74422307568585,23.256198347107436,4.380165289256198,49.93438317382944,41.61198597819119,0.0,0.0,0.0,0.0,1,1,1,1,1
384,0.384,23.305785123966942,4.421487603305786,49.93438317382944,41.61198597819119,65.0,22.63083227702912,0.0,53.20548525739352,0.0,-48.46400840309656,0.6749528469378205,4.421487603305786,-3.271102083564081,41.61198597819119,41.740357999067015,23.305785123966942,4.421487603305786,49.93438317382944,41.61198597819119,0.0,0.0,0.0,0.0,1,1,1,1,1
385,0.385,23.355371900826448,4.462809917355372,49.93438317382944,41.61198597819119,65.0,22.684013530282314,0.0,53.157021248990425,0.0,-47.97001354079008,0.6713583705441337,4.462809917355372,-3.2226380751609867,41.61198597819119,41.73658794406483,23.355371900826448,4.462809917355372,49.93438317382944,41.61198597819119,0.0,0.0,0.0,0.0,1,1,1,1,1
386,0.386,23.40495867768595,4.5041322314049586,49.93438317382944,41.61198597819119,65.0,22.737146566524533,0.0,53.109051235449634,0.0,-47.473977035798676,0.6678121111614175,4.5041322314049586,-3.1746680616201957,41.61198597819119,41.73291140515662,23.40495867768595,4.5041322314049586,49.93438317382944,41.61198597819119,0.0,0.0,0.0,0.0,1,1,1,1,1
387,0.387,23.454545454545453,4.545454545454545,49.93438317382944,41.61198597819119,65.0,22.790231880771465,0.0,53.061577258413834,0.0,-46.97631791625549,0.6643135737739883,4.545454545454545,-3.1271940845843957,41.61198597819119,41.72932685644282,23.454545454545453,4.545454545454545,49.93438317382944,41.61198597819119,0.0,0.0,0.0,0.0,1,1,1,1,1
388,0.388,23.50413223140496,4.586776859504132,49.93438317382944,41.61198597819119,65.0,22.84326996987092,0.0,53.01460094049758,0.0,-46.47756669296126,0.6608622615340387,4.586776859504132,-3.0802177666681416,41.61198597819119,41.72583274830208,23.50413223140496,4.586776859504132,49.93438317382944,41.61198597819119,0.0,0.0,0.0,0.0,1,1,1,1,1
389,0.389,23.553719008264462,4.62809917355372,49.93438317382944,41.61198597819119,65.0,22.89626133202807,0.0,52.968123373804616,0.0,-45.97841797297711,0.6574576762363904,4.62809917355372,-3.0337401999751776,41.61198597819119,41.72242750188591,23.553719008264462,4.62809917355372,49.93438317382944,41.61198597819119,0.0,0.0,0.0,0.0,1,1,1,1,1
390,0.39,23.603305785123965,4.669421487603306,49.93438317382944,41.61198597819119,65.0,22.94920646619289,0.0,52.92214495583164,0.0,-45.47980775210788,0.654099318931074,4.669421487603306,-2.9877617820022024,41.61198597819119,41.71910950050556,23.603305785123965,4.669421487603306,49.93438317382944,41.61198597819119,0.0,0.0,0.0,0.0,1,1,1,1,1
391,0.391,23.65289256198347,4.710743801652892,49.93438317382944,41.61198597819119,65.0,23.002105871244847,0.0,52.87666514807953,0.0,-44.98302696776418,0.6507866907386237,4.710743801652892,-2.9422819742500934,41.61198597819119,41.715877076542185,23.65289256198347,4.710743801652892,49.93438317382944,41.61198597819119,0.0,0.0,0.0,0.0,1,1,1,1,1
392,0.392,23.702479338842977,4.75206611570248,49.93438317382944,41.61198597819119,65.0,23.054960044879444,0.0,52.83168212111177,0.0,-44.489888328763406,0.6475192939635335,4.75206611570248,-2.89729894728233,41.61198597819119,41.71272849190165,23.702479338842977,4.75206611570248,49.93438317382944,41.61198597819119,0.0,0.0,0.0,0.0,1,1,1,1,1
393,0.393,23.75206611570248,4.793388429752066,49.93438317382944,41.61198597819119,65.0,23.10776948205639,0.0,52.787192232783006,0.0,-44.00297142431289,0.6442966336460891,4.793388429752066,-2.852809058953568,41.61198597819119,41.70966190915515,23.75206611570248,4.793388429752066,49.93438317382944,41.61198597819119,0.0,0.0,0.0,0.0,1,1,1,1,1
394,0.394,23.801652892561982,4.8347107438016526,49.93438317382944,41.61198597819119,65.0,23.160534672803465,0.0,52.743189261358694,0.0,-43.52598284771044,0.6411182197585177,4.8347107438016526,-2.8088060875292555,41.61198597819119,41.706675349235425,23.801652892561982,4.8347107438016526,49.93438317382944,41.61198597819119,0.0,0.0,0.0,0.0,1,1,1,1,1
395,0.395,23.85123966942149,4.87603305785124,49.93438317382944,41.61198597819119,65.0,23.2132560990734,0.0,52.69966327851098,0.0,-43.06428530988049,0.6379835703480872,4.87603305785124,-2.765280104681544,41.61198597819119,41.70376662972456,23.85123966942149,4.87603305785124,49.93438317382944,41.61198597819119,0.0,0.0,0.0,0.0,1,1,1,1,1
396,0.396,23.90082644628099,4.917355371900827,49.93438317382944,41.61198597819119,65.0,23.265934230209258,0.0,52.6565989932011,0.0,-42.625675047812415,0.6348922160717336,4.917355371900827,-2.7222158193716623,41.61198597819119,41.70093327512488,23.90082644628099,4.917355371900827,49.93438317382944,41.61198597819119,0.0,0.0,0.0,0.0,1,1,1,1,1
397,0.397,23.950413223140494,4.958677685950414,49.93438317382944,41.61198597819119,65.0,23.318569516364935,0.0,52.61397331815329,0.0,-42.221524049968714,0.6318437067755589,4.958677685950414,-2.6795901443238535,41.61198597819119,41.69817238669745,23.950413223140494,4.958677685950414,49.93438317382944,41.61198597819119,0.0,0.0,0.0,0.0,1,1,1,1,1
398,0.398,24.0,5.0,52.0,-39.0,65.0,23.371162378921063,0.0,52.57175179410332,0.0,-41.86845830327825,0.6288376210789366,5.0,-0.5717517941033208,-39.0,39.00419080193897,24.0,5.0,52.0,-39.0,0.0,0.0,0.0,0.0,1,1,1,1,1
399,0.399,24.051948051948052,4.961038961038961,52.0,-39.0,65.0,23.423713196486016,0.0,52.529883335800044,0.0,-41.51480209696367,0.6282348554620363,4.961038961038961,-0.5298833358000437,-39.0,39.003599530678684,24.051948051948052,4.961038961038961,52.0,-39.0,0.0,0.0,0.0,0.0,1,1,1,1,1
400,0.4,24.103896103896105,4.922077922077922,52.0,-39.0,65.0,23.476222322420767,0.0,52.48836853370308,0.0,-41.16059539609049,0.6276737814753375,4.922077922077922,-0.4883685337030812,-39.0,39.003057621482846,24.103896103896105,4.922077922077922,52.0,-39.0,0.0,0.0,0.0,0.0,1,1,1,1,1
401,0.401,24.155844155844157,4.883116883116883,52.0,-39.0,65.0,23.528690110656772,0.0,52.44720793830699,0.0,-40.8058778276737,0.6271540451873854,4.883116883116883,-0.44720793830698824,-39.0,39.00256395341317,24.155844155844157,4.883116883116883,52.0,-39.0,0.0,0.0,0.0,0.0,1,1,1,1,1
402,0.402,24.207792207792206,4.8441558441558445,52.0,-39.0,65.0,23.581116915656164,0.0,52.406402060479316,0.0,-40.450688680156524,0.6266752921360421,4.8441558441558445,-0.4064020604793157,-39.0,39.002117412196505,24.207792207792206,4.8441558441558445,52.0,-39.0,0.0,0.0,0.0,0.0,1,1,1,1,1
403,0.403,24.25974025974026,4.805194805194805,52.0,-39.0,65.0,23.633503092372305,0.0,52.365951371799156,0.0,-40.095066902927954,0.6262371673679539,4.805194805194805,-0.3659513717991558,-39.0,39.00171689049755,24.25974025974026,4.805194805194805,52.0,-39.0,0.0,0.0,0.0,0.0,1,1,1,1,1
404,0.404,24.31168831168831,4.766233766233766,52.0,-39.0,65.0,23.685848996210655,0.0,52.32585630489623,0.0,-39.739051105876605,0.6258393154776556,4.766233766233766,-0.3258563048962273,-39.0,39.00136128818378,24.31168831168831,4.766233766233766,52.0,-39.0,0.0,0.0,0.0,0.0,1,1,1,1,1
405,0.405,24.363636363636363,4.7272727272727275,52.0,-39.0,65.0,23.73815498299,0.0,52.28611725379035,0.0,-39.38267955898218,0.625481380646363,4.7272727272727275,-0.28611725379035136,-39.0,39.00104951258256,24.363636363636363,4.7272727272727275,52.0,-39.0,0.0,0.0,0.0,0.0,1,1,1,1,1
406,0.406,24.415584415584416,4.688311688311688,52.0,-39.0,65.0,23.79042140890401,0.0,52.24673457423137,0.0,-39.02599019194491,0.6251630066804061,4.688311688311688,-0.24673457423136824,-39.0,39.000780478730434,24.415584415584416,4.688311688311688,52.0,-39.0,0.0,0.0,0.0,0.0,1,1,1,1,1
407,0.40700000000000003,24.467532467532468,4.64935064935065,52.0,-39.0,65.0,23.842648630483147,0.0,52.20770858403942,0.0,-38.669020593851315,0.624883837049321,4.64935064935065,-0.20770858403942327,-39.0,39.000553109614785,24.467532467532468,4.64935064935065,52.0,-39.0,0.0,0.0,0.0,0.0,1,1,1,1,1
408,0.40800000000000003,24.51948051948052,4.6103896103896105,52.0,-39.0,65.0,23.894837004556887,0.0,52.16903956344557,0.0,-38.311808012872554,0.6246435149236333,4.6103896103896105,-0.16903956344557258,-39.0,39.00036633640779,24.51948051948052,4.6103896103896105,52.0,-39.0,0.0,0.0,0.0,0.0,1,1,1,1,1
409,0.40900000000000003,24.571428571428573,4.571428571428571,52.0,-39.0,65.0,23.946986888216326,0.0,52.1307277554327,0.0,-37.95438935600536,0.6244416832122468,4.571428571428571,-0.13072775543270154,-39.0,39.000219098692774,24.571428571428573,4.571428571428571,52.0,-39.0,0.0,0.0,0.0,0.0,1,1,1,1,1
410,0.41000000000000003,24.623376623376622,4.532467532467533,52.0,-39.0,65.0,23.99909863877708,0.0,52.0927733660767,0.0,-37.59680118884179,0.6242779845995408,4.532467532467533,-0.09277336607669895,-39.0,39.000110344683044,24.623376623376622,4.532467532467533,52.0,-39.0,0.0,0.0,0.0,0.0,1,1,1,1,1
411,0.41100000000000003,24.675324675324674,4.4935064935064934,52.0,-39.0,65.0,24.051172613742562,0.0,52.05517656488786,0.0,-37.23907973537856,0.6241520615821123,4.4935064935064934,-0.055176564887858603,-39.0,39.0000390314332,24.675324675324674,4.4935064935064934,52.0,-39.0,0.0,0.0,0.0,0.0,1,1,1,1,1
412,0.41200000000000003,24.727272727272727,4.454545454545455,52.0,-39.0,65.0,24.10320917076758,0.0,52.01793748515248,0.0,-36.88126087785958,0.6240635565051456,4.454545454545455,-0.017937485152479837,-39.0,39.000004125043034,24.727272727272727,4.454545454545455,52.0,-39.0,0.0,0.0,0.0,0.0,1,1,1,1,1
413,0.41300000000000003,24.77922077922078,4.415584415584416,52.0,-39.0,65.0,24.155208667622297,0.0,51.98105622427462,0.0,-36.52338015665381,0.624012111598482,4.415584415584416,0.01894377572538275,-39.0,39.00000460085407,24.77922077922078,4.415584415584416,52.0,-39.0,0.0,0.0,0.0,0.0,1,1,1,1,1
414,0.41400000000000003,24.83116883116883,4.376623376623376,52.0,-39.0,65.0,24.207171462156495,0.0,51.944532844117965,0.0,-36.165472770165664,0.6239973690123364,4.376623376623376,0.05546715588203455,-39.0,39.00003944363879,24.83116883116883,4.376623376623376,52.0,-39.0,0.0,0.0,0.0,0.0,1,1,1,1,1
415,0.41500000000000004,24.883116883116884,4.337662337662337,52.0,-39.0,65.0,24.259097912264227,0.0,51.9083673713478,0.0,-35.80757357478198,0.6240189708526565,4.337662337662337,0.09163262865219934,-39.0,39.000107647782635,24.883116883116884,4.337662337662337,52.0,-39.0,0.0,0.0,0.0,0.0,1,1,1,1,1
416,0.41600000000000004,24.935064935064936,4.298701298701299,52.0,-39.0,65.0,24.310988375848787,0.0,51.87255979777302,0.0,-35.44971708485032,0.6240765592161495,4.298701298701299,0.12744020222697827,-39.0,39.000208217458834,24.935064935064936,4.298701298701299,52.0,-39.0,0.0,0.0,0.0,0.0,1,1,1,1,1
417,0.41700000000000004,24.98701298701299,4.259740259740259,52.0,-39.0,65.0,24.362843210788018,0.0,51.83711008068817,0.0,-35.091937472692244,0.6241697762249707,4.259740259740259,0.16288991931183006,-39.0,39.00034016679616,24.98701298701299,4.259740259740259,52.0,-39.0,0.0,0.0,0.0,0.0,1,1,1,1,1
418,0.41800000000000004,25.038961038961038,4.220779220779221,52.0,-39.0,65.0,24.41466277489997,0.0,51.80201814321548,0.0,-34.73426856864771,0.6242982640610677,4.220779220779221,0.19798185678452285,-39.0,39.00050252003961,25.038961038961038,4.220779220779221,52.0,-39.0,0.0,0.0,0.0,0.0,1,1,1,1,1
419,0.41900000000000004,25.09090909090909,4.181818181818182,52.0,-39.0,65.0,24.466447425908903,0.0,51.76728387464683,0.0,-34.376743861153834,0.6244616650001866,4.181818181818182,0.23271612535317132,-39.0,39.00069431170424,25.09090909090909,4.181818181818182,52.0,-39.0,0.0,0.0,0.0,0.0,1,1,1,1,1
420,0.42000000000000004,25.142857142857142,4.142857142857143,52.0,-39.0,65.0,24.51819752141162,0.0,51.73290713078568,0.0,-34.01939649685414,0.6246596214455238,4.142857142857143,0.2670928692143235,-39.0,39.000914586722004,25.142857142857142,4.142857142857143,52.0,-39.0,0.0,0.0,0.0,0.0,1,1,1,1,1
421,0.42100000000000004,25.194805194805195,4.103896103896104,52.0,-39.0,65.0,24.569913418844155,0.0,51.698887734288824,0.0,-33.66225928074226,0.6248917759610393,4.103896103896104,0.30111226571117555,-39.0,39.001162400581876,25.194805194805195,4.103896103896104,52.0,-39.0,0.0,0.0,0.0,0.0,1,1,1,1,1
422,0.42200000000000004,25.246753246753247,4.064935064935065,52.0,-39.0,65.0,24.621595475448803,0.0,51.665225475008086,0.0,-33.305364676334754,0.625157771304444,4.064935064935065,0.3347745249919143,-39.0,39.00143681946325,25.246753246753247,4.064935064935065,52.0,-39.0,0.0,0.0,0.0,0.0,1,1,1,1,1
423,0.42300000000000004,25.2987012987013,4.025974025974026,52.0,-39.0,65.0,24.673244048241475,0.0,51.63192011033175,0.0,-32.948744805876736,0.6254572504598244,4.025974025974026,0.3680798896682518,-39.0,39.00173692036264,25.2987012987013,4.025974025974026,52.0,-39.0,0.0,0.0,0.0,0.0,1,1,1,1,1
424,0.42400000000000004,25.350649350649352,3.987012987012987,52.0,-39.0,65.0,24.724859493979405,0.0,51.59897136552587,0.0,-32.59243145057715,0.6257898566699467,3.987012987012987,0.4010286344741303,-39.0,39.00206179121391,25.350649350649352,3.987012987012987,52.0,-39.0,0.0,0.0,0.0,0.0,1,1,1,1,1
425,0.42500000000000004,25.4025974025974,3.948051948051948,52.0,-39.0,65.0,24.776442169129204,0.0,51.566378934075296,0.0,-32.23645605087675,0.6261552334681966,3.948051948051948,0.4336210659247044,-39.0,39.00241053100197,25.4025974025974,3.948051948051948,52.0,-39.0,0.0,0.0,0.0,0.0,1,1,1,1,1
426,0.42600000000000005,25.454545454545453,3.909090909090909,52.0,-39.0,65.0,24.827992429835255,0.0,51.53414247802442,0.0,-31.880849706744975,0.6265530247101978,3.909090909090909,0.46585752197557895,-39.0,39.00278224987009,25.454545454545453,3.909090909090909,52.0,-39.0,0.0,0.0,0.0,0.0,1,1,1,1,1
427,0.42700000000000005,25.506493506493506,3.87012987012987,52.0,-39.0,65.0,24.87951063188843,0.0,51.502261628317676,0.0,-31.52564317800647,0.6269828746050763,3.87012987012987,0.49773837168232404,-39.0,39.003176069220885,25.506493506493506,3.87012987012987,52.0,-39.0,0.0,0.0,0.0,0.0,1,1,1,1,1
428,0.42800000000000005,25.558441558441558,3.8311688311688314,52.0,-39.0,65.0,24.930997130695157,0.0,51.47073598513967,0.0,-31.17086688469758,0.6274444277464006,3.8311688311688314,0.5292640148603311,-39.0,39.003591121811155,25.558441558441558,3.8311688311688314,52.0,-39.0,0.0,0.0,0.0,0.0,1,1,1,1,1
429,0.42900000000000005,25.61038961038961,3.792207792207792,52.0,-39.0,65.0,24.982452281246857,0.0,51.43956511825497,0.0,-30.816550907454634,0.6279373291427532,3.792207792207792,0.5604348817450315,-39.0,39.004026551840475,25.61038961038961,3.792207792207792,52.0,-39.0,0.0,0.0,0.0,0.0,1,1,1,1,1
430,0.43000000000000005,25.662337662337663,3.7532467532467533,52.0,-39.0,65.0,25.03387643808966,0.0,51.408748567347516,0.0,-30.462724987926382,0.628461224248003,3.7532467532467533,0.5912514326524843,-39.0,39.0044815150338,25.662337662337663,3.7532467532467533,52.0,-39.0,0.0,0.0,0.0,0.0,1,1,1,1,1
431,0.43100000000000005,25.714285714285715,3.7142857142857144,52.0,-39.0,65.0,25.085269955294514,0.0,51.37828584235959,0.0,-30.109418529219397,0.6290157589912013,3.7142857142857144,0.6217141576404117,-39.0,39.004955178718134,25.714285714285715,3.7142857142857144,52.0,-39.0,0.0,0.0,0.0,0.0,1,1,1,1,1
432,0.43200000000000005,25.766233766233768,3.675324675324675,52.0,-39.0,65.0,25.13663318642761,0.0,51.34817642383037,0.0,-29.75666059637042,0.6296005798061586,3.675324675324675,0.6518235761696332,-39.0,39.00544672189322,25.766233766233768,3.675324675324675,52.0,-39.0,0.0,0.0,0.0,0.0,1,1,1,1,1
433,0.43300000000000005,25.81818181818182,3.6363636363636362,52.0,-39.0,65.0,25.18796648452114,0.0,51.318419763234,0.0,-29.404479916846107,0.6302153336606793,3.6363636363636362,0.6815802367660027,-39.0,39.005955335296555,25.81818181818182,3.6363636363636362,52.0,-39.0,0.0,0.0,0.0,0.0,1,1,1,1,1
434,0.43400000000000005,25.87012987012987,3.5974025974025974,52.0,-39.0,65.0,25.239270202044416,0.0,51.28901528331715,0.0,-29.052904881071175,0.6308596680854528,3.5974025974025974,0.7109847166828516,-39.0,39.006480221462645,25.87012987012987,3.5974025974025974,52.0,-39.0,0.0,0.0,0.0,0.0,1,1,1,1,1
435,0.435,25.92207792207792,3.5584415584415585,52.0,-39.0,65.0,25.290544690875294,0.0,51.25996237843608,0.0,-28.701963542984355,0.6315332312026278,3.5584415584415585,0.7400376215639213,-39.0,39.007020594776655,25.92207792207792,3.5584415584415585,52.0,-39.0,0.0,0.0,0.0,0.0,1,1,1,1,1
436,0.436,25.974025974025974,3.5194805194805197,52.0,-39.0,65.0,25.341790302271956,0.0,51.23126041489309,0.0,-28.351683620619767,0.6322356717540174,3.5194805194805197,0.768739585106907,-39.0,39.00757568152256,25.974025974025974,3.5194805194805197,52.0,-39.0,0.0,0.0,0.0,0.0,1,1,1,1,1
437,0.437,26.025974025974026,3.4805194805194803,52.0,-39.0,65.0,25.393007386845042,0.0,51.20290873127247,0.0,-28.002092496718113,0.6329666391289841,3.4805194805194803,0.7970912687275273,-39.0,39.00814471992589,26.025974025974026,3.4805194805194803,52.0,-39.0,0.0,0.0,0.0,0.0,1,1,1,1,1
438,0.438,26.07792207792208,3.441558441558442,52.0,-39.0,65.0,25.444196294530066,0.0,51.17490663877575,0.0,-27.65321721936008,0.6337257833920127,3.441558441558442,0.8250933612242477,-39.0,39.008726960191055,26.07792207792208,3.441558441558442,52.0,-39.0,0.0,0.0,0.0,0.0,1,1,1,1,1
439,0.439,26.12987012987013,3.4025974025974026,52.0,-39.0,65.0,25.495357374560232,0.0,51.14725342155639,0.0,-27.305084502630127,0.634512755309899,3.4025974025974026,0.8527465784436075,-39.0,39.00932166453356,26.12987012987013,3.4025974025974026,52.0,-39.0,0.0,0.0,0.0,0.0,1,1,1,1,1
440,0.44,26.18181818181818,3.3636363636363633,52.0,-39.0,65.0,25.54649097543954,0.0,51.11994833705376,0.0,-26.957720727303734,0.6353272063786406,3.3636363636363633,0.8800516629462365,-39.0,39.009928107206946,26.18181818181818,3.3636363636363633,52.0,-39.0,0.0,0.0,0.0,0.0,1,1,1,1,1
441,0.441,26.233766233766232,3.324675324675325,52.0,-39.0,65.0,25.59759744491623,0.0,51.09299061632646,0.0,-26.611151941559232,0.6361687888500036,3.324675324675325,0.9070093836735396,-39.0,39.01054557452474,26.233766233766232,3.324675324675325,52.0,-39.0,0.0,0.0,0.0,0.0,1,1,1,1,1
442,0.442,26.285714285714285,3.2857142857142856,52.0,-39.0,65.0,25.648677129956585,0.0,51.0663794643849,0.0,-26.265403861718447,0.6370371557576995,3.2857142857142856,0.9336205356150984,-39.0,39.01117336487743,26.285714285714285,3.2857142857142856,52.0,-39.0,0.0,0.0,0.0,0.0,1,1,1,1,1
443,0.443,26.337662337662337,3.2467532467532467,52.0,-39.0,65.0,25.69973037671904,0.0,51.04011406052318,0.0,-25.920501873007694,0.6379319609432983,3.2467532467532467,0.9598859394768198,-39.0,39.01181078874455,26.337662337662337,3.2467532467532467,52.0,-39.0,0.0,0.0,0.0,0.0,1,1,1,1,1
444,0.444,26.38961038961039,3.207792207792208,52.0,-39.0,65.0,25.750757530528624,0.0,51.01419355865017,0.0,-25.576471030346816,0.6388528590817657,3.207792207792208,0.9858064413498298,-39.0,39.012457168701985,26.38961038961039,3.207792207792208,52.0,-39.0,0.0,0.0,0.0,0.0,1,1,1,1,1
445,0.445,26.441558441558442,3.168831168831169,52.0,-39.0,65.0,25.80175893585176,0.0,50.98861708761982,0.0,-25.233336059160862,0.6397995057066836,3.168831168831169,1.0113829123801779,-39.0,39.01311183942463,26.441558441558442,3.168831168831169,52.0,-39.0,0.0,0.0,0.0,0.0,1,1,1,1,1
446,0.446,26.493506493506494,3.1298701298701297,52.0,-39.0,65.0,25.852734936271347,0.0,50.96338375156066,0.0,-24.891121356215493,0.6407715572351478,3.1298701298701297,1.036616248439337,-39.0,39.01377414768441,26.493506493506494,3.1298701298701297,52.0,-39.0,0.0,0.0,0.0,0.0,1,1,1,1,1
447,0.447,26.545454545454547,3.090909090909091,52.0,-39.0,65.0,25.90368587446223,0.0,50.93849263020445,0.0,-24.549850990477104,0.6417686709923167,3.090909090909091,1.0615073697955495,-39.0,39.01444345234378,26.545454545454547,3.090909090909091,52.0,-39.0,0.0,0.0,0.0,0.0,1,1,1,1,1
448,0.448,26.5974025974026,3.051948051948052,52.0,-39.0,65.0,25.95461209216694,0.0,50.913942779213976,0.0,-24.20954870399445,0.6427905052356593,3.051948051948052,1.0860572207860244,-39.0,39.01511912434488,26.5974025974026,3.051948051948052,52.0,-39.0,0.0,0.0,0.0,0.0,1,1,1,1,1
449,0.449,26.649350649350648,3.012987012987013,52.0,-39.0,65.0,26.0055139301718,0.0,50.88973323050998,0.0,-23.870237912804946,0.6438367191788466,3.012987012987013,1.1102667694900177,-39.0,39.01580054669433,26.649350649350648,3.012987012987013,52.0,-39.0,0.0,0.0,0.0,0.0,1,1,1,1,1
450,0.45,26.7012987012987,2.974025974025974,52.0,-39.0,65.0,26.056391728283355,0.0,50.86586299259718,0.0,-23.531941707863602,0.6449069730153454,2.974025974025974,1.1341370074028205,-39.0,39.01648711444382,26.7012987012987,2.974025974025974,52.0,-39.0,0.0,0.0,0.0,0.0,1,1,1,1,1
451,0.451,26.753246753246753,2.935064935064935,52.0,-39.0,65.0,26.1072458253051,0.0,50.842331050889314,0.0,-23.19468285599229,0.6460009279416532,2.935064935064935,1.1576689491106862,-39.0,39.017178234666524,26.753246753246753,2.935064935064935,52.0,-39.0,0.0,0.0,0.0,0.0,1,1,1,1,1
452,0.452,26.805194805194805,2.896103896103896,52.0,-39.0,65.0,26.158076559014564,0.0,50.81913636803332,0.0,-22.858483800853485,0.6471182461802414,2.896103896103896,1.1808636319666803,-39.0,39.01787332642954,26.805194805194805,2.896103896103896,52.0,-39.0,0.0,0.0,0.0,0.0,1,1,1,1,1
453,0.453,26.857142857142858,2.857142857142857,52.0,-39.0,65.0,26.208884266140696,0.0,50.79627788423247,0.0,-22.523366663943477,0.6482585910021612,2.857142857142857,1.2037221157675333,-39.0,39.018571820762325,26.857142857142858,2.857142857142857,52.0,-39.0,0.0,0.0,0.0,0.0,1,1,1,1,1
454,0.454,26.90909090909091,2.8181818181818183,52.0,-39.0,65.0,26.259669282341594,0.0,50.77375451756852,0.0,-22.18935324560938,0.6494216267493158,2.8181818181818183,1.2262454824314801,-39.0,39.019273160621324,26.90909090909091,2.8181818181818183,52.0,-39.0,0.0,0.0,0.0,0.0,1,1,1,1,1
455,0.455,26.961038961038962,2.779220779220779,52.0,-39.0,65.0,26.31043194218254,0.0,50.75156516432291,0.0,-21.856465026086088,0.650607018856423,2.779220779220779,1.248434835677088,-39.0,39.01997680085077,26.961038961038962,2.779220779220779,52.0,-39.0,0.0,0.0,0.0,0.0,1,1,1,1,1
456,0.456,27.01298701298701,2.74025974025974,52.0,-39.0,65.0,26.36117257911435,0.0,50.72970869929683,0.0,-21.524723166552416,0.6518144338726621,2.74025974025974,1.270291300703171,-39.0,39.02068220813985,27.01298701298701,2.74025974025974,52.0,-39.0,0.0,0.0,0.0,0.0,1,1,1,1,1
457,0.457,27.064935064935064,2.7012987012987013,52.0,-39.0,65.0,26.411891525452063,0.0,50.70818397613028,0.0,-21.194148510210375,0.6530435394830008,2.7012987012987013,1.2918160238697212,-39.0,39.021388860976316,27.064935064935064,2.7012987012987013,52.0,-39.0,0.0,0.0,0.0,0.0,1,1,1,1,1
458,0.458,27.116883116883116,2.6623376623376624,52.0,-39.0,65.0,26.46258911235394,0.0,50.68698982762007,0.0,-20.864761583383206,0.6542940045291772,2.6623376623376624,1.3130101723799328,-39.0,39.0220962495965,27.116883116883116,2.6623376623376624,52.0,-39.0,0.0,0.0,0.0,0.0,1,1,1,1,1
459,0.459,27.16883116883117,2.6233766233766236,52.0,-39.0,65.0,26.51326566980077,0.0,50.666125066036685,0.0,-20.536582596633895,0.6555654990303985,2.6233766233766236,1.3338749339633154,-39.0,39.02280387593203,27.16883116883117,2.6233766233766236,52.0,-39.0,0.0,0.0,0.0,0.0,1,1,1,1,1
460,0.46,27.22077922077922,2.5844155844155843,52.0,-39.0,65.0,26.56392152657551,0.0,50.64558848344005,0.0,-20.20963144590207,0.6568576942037119,2.5844155844155843,1.3544115165599493,-39.0,39.02351125355316,27.22077922077922,2.5844155844155843,52.0,-39.0,0.0,0.0,0.0,0.0,1,1,1,1,1
461,0.461,27.272727272727273,2.545454545454546,52.0,-39.0,65.0,26.614557010243228,0.0,50.62537885199415,0.0,-19.883927713662437,0.6581702624840453,2.545454545454546,1.3746211480058506,-39.0,39.02421790760892,27.272727272727273,2.545454545454546,52.0,-39.0,0.0,0.0,0.0,0.0,1,1,1,1,1
462,0.462,27.324675324675326,2.5064935064935066,52.0,-39.0,65.0,26.665172447131365,0.0,50.605494924280485,0.0,-19.55949067009919,0.6595028775439609,2.5064935064935066,1.3945050757195148,-39.0,39.02492337476407,27.324675324675326,2.5064935064935066,52.0,-39.0,0.0,0.0,0.0,0.0,1,1,1,1,1
463,0.463,27.376623376623378,2.4675324675324672,52.0,-39.0,65.0,26.71576816231031,0.0,50.58593543361039,0.0,-19.236339274302395,0.6608552143130666,2.4675324675324672,1.4140645663896123,-39.0,39.025627203133055,27.376623376623378,2.4675324675324672,52.0,-39.0,0.0,0.0,0.0,0.0,1,1,1,1,1
464,0.464,27.428571428571427,2.428571428571429,52.0,-39.0,65.0,26.766344479574283,0.0,50.56669909433609,0.0,-18.91449217547922,0.6622269489971444,2.428571428571429,1.4333009056639128,-39.0,39.02632895221093,27.428571428571427,2.428571428571429,52.0,-39.0,0.0,0.0,0.0,0.0,1,1,1,1,1
465,0.465,27.48051948051948,2.3896103896103895,52.0,-39.0,65.0,26.816901721422532,0.0,50.54778460216061,0.0,-18.593967714187123,0.6636177590969474,2.3896103896103895,1.4522153978393888,-39.0,39.02702819280148,27.48051948051948,2.3896103896103895,52.0,-39.0,0.0,0.0,0.0,0.0,1,1,1,1,1
466,0.466,27.532467532467532,2.35064935064935,52.0,-39.0,65.0,26.867440209040833,0.0,50.52919063444642,0.0,-18.27478392358039,0.665027323426699,2.35064935064935,1.4708093655535777,-39.0,39.0277245069425,27.532467532467532,2.35064935064935,52.0,-39.0,0.0,0.0,0.0,0.0,1,1,1,1,1
467,0.467,27.584415584415584,2.311688311688312,52.0,-39.0,65.0,26.917960262283316,0.0,50.51091585052284,0.0,-17.956958530679074,0.6664553221322684,2.311688311688312,1.4890841494771578,-39.0,39.02841748782833,27.584415584415584,2.311688311688312,52.0,-39.0,0.0,0.0,0.0,0.0,1,1,1,1,1
468,0.468,27.636363636363637,2.2727272727272725,52.0,-39.0,65.0,26.968462199654574,0.0,50.49295889199216,0.0,-17.6405089576509,0.6679014367090623,2.2727272727272725,1.50704110800784,-39.0,39.02910673972984,27.636363636363637,2.2727272727272725,52.0,-39.0,0.0,0.0,0.0,0.0,1,1,1,1,1
469,0.46900000000000003,27.68831168831169,2.233766233766234,52.0,-39.0,65.0,27.01894633829209,0.0,50.47531838303451,0.0,-17.325452323111982,0.6693653500196,2.233766233766234,1.5246816169654878,-39.0,39.02979187791183,27.68831168831169,2.233766233766234,52.0,-39.0,0.0,0.0,0.0,0.0,1,1,1,1,1
470,0.47000000000000003,27.74025974025974,2.1948051948051948,52.0,-39.0,65.0,27.069412993948962,0.0,50.4579929307114,0.0,-17.011805443443954,0.6708467463107795,2.1948051948051948,1.5420070692886014,-39.0,39.030472528547946,27.74025974025974,2.1948051948051948,52.0,-39.0,0.0,0.0,0.0,0.0,1,1,1,1,1
471,0.47100000000000003,27.79220779220779,2.155844155844156,52.0,-39.0,65.0,27.119862480976952,0.0,50.44098112526795,0.0,-16.699584834128277,0.6723453112308384,2.155844155844156,1.5590188747320468,-39.0,39.03114832863326,27.79220779220779,2.155844155844156,52.0,-39.0,0.0,0.0,0.0,0.0,1,1,1,1,1
472,0.47200000000000003,27.844155844155843,2.116883116883117,52.0,-39.0,65.0,27.1702951123098,0.0,50.424281540433824,0.0,-16.388806711094613,0.673860731846041,2.116883116883117,1.5757184595661755,-39.0,39.03181892589452,27.844155844155843,2.116883116883117,52.0,-39.0,0.0,0.0,0.0,0.0,1,1,1,1,1
473,0.47300000000000003,27.896103896103895,2.0779220779220777,52.0,-39.0,65.0,27.22071119944688,0.0,50.40789273372273,0.0,-16.0794869920865,0.675392696657017,2.0779220779220777,1.5921072662772673,-39.0,39.03248397869822,27.896103896103895,2.0779220779220777,52.0,-39.0,0.0,0.0,0.0,0.0,1,1,1,1,1
474,0.47400000000000003,27.948051948051948,2.038961038961039,52.0,-39.0,65.0,27.271111052437107,0.0,50.39181324673065,0.0,-15.771641298042637,0.676940895614841,2.038961038961039,1.6081867532693508,-39.0,39.033143155956466,27.948051948051948,2.038961038961039,52.0,-39.0,0.0,0.0,0.0,0.0,1,1,1,1,1
475,0.47500000000000003,28.0,2.0,52.0,-39.0,65.0,27.321494979863186,0.0,50.376041605432604,0.0,-15.465284954490455,0.6785050201368144,2.0,1.6239583945673957,-39.0,39.03379613703087,28.0,2.0,52.0,-39.0,0.0,0.0,0.0,0.0,1,1,1,1,1
476,0.47600000000000003,28.051948051948052,1.9610389610389611,52.0,-39.0,65.0,27.37186328882614,0.0,50.36057632047812,0.0,-15.160432992960173,0.6800847631219114,1.9610389610389611,1.639423679521883,-39.0,39.03444261163437,28.051948051948052,1.9610389610389611,52.0,-39.0,0.0,0.0,0.0,0.0,1,1,1,1,1
477,0.47700000000000004,28.103896103896105,1.9220779220779218,52.0,-39.0,65.0,27.422216284930123,0.0,50.34541588748516,0.0,-14.857100152407428,0.6816798189659821,1.9220779220779218,1.65458411251484,-39.0,39.03508227973122,28.103896103896105,1.9220779220779218,52.0,-39.0,0.0,0.0,0.0,0.0,1,1,1,1,1
478,0.47800000000000004,28.155844155844157,1.8831168831168834,52.0,-39.0,65.0,27.47255427226753,0.0,50.330558787332755,0.0,-14.555300880653872,0.6832898835766272,1.8831168831168834,1.6694412126672447,-39.0,39.03571485143512,28.155844155844157,1.8831168831168834,52.0,-39.0,0.0,0.0,0.0,0.0,1,1,1,1,1
479,0.47900000000000004,28.20779220779221,1.844155844155844,52.0,-39.0,65.0,27.522877553404424,0.0,50.316003486452104,0.0,-14.25504933584162,0.6849146543877858,1.844155844155844,1.6839965135478963,-39.0,39.03634004690554,28.20779220779221,1.844155844155844,52.0,-39.0,0.0,0.0,0.0,0.0,1,1,1,1,1
480,0.48000000000000004,28.259740259740262,1.8051948051948048,52.0,-39.0,65.0,27.573186429366206,0.0,50.30174843711626,0.0,-13.956359387898651,0.6865538303740557,1.8051948051948048,1.6982515628837405,-39.0,39.03695759624252,28.259740259740262,1.8051948051948048,52.0,-39.0,0.0,0.0,0.0,0.0,1,1,1,1,1
481,0.48100000000000004,28.31168831168831,1.7662337662337664,52.0,-39.0,65.0,27.62348119962363,0.0,50.28779207772836,0.0,-13.659244620022788,0.6882071120646813,1.7662337662337664,1.712207922271638,-39.0,39.03756723937968,28.31168831168831,1.7662337662337664,52.0,-39.0,0.0,0.0,0.0,0.0,1,1,1,1,1
482,0.48200000000000004,28.363636363636363,1.727272727272727,52.0,-39.0,65.0,27.673762162079047,0.0,50.27413283310834,0.0,-13.36371833017271,0.6898742015573163,1.727272727272727,1.7258671668916605,-39.0,39.038168725975794,28.363636363636363,1.727272727272727,52.0,-39.0,0.0,0.0,0.0,0.0,1,1,1,1,1
483,0.48300000000000004,28.415584415584416,1.6883116883116887,52.0,-39.0,65.0,27.72402961305299,0.0,50.260769114778164,0.0,-13.06979353257754,0.6915548025314244,1.6883116883116887,1.7392308852218363,-39.0,39.03876181530492,28.415584415584416,1.6883116883116887,52.0,-39.0,0.0,0.0,0.0,0.0,1,1,1,1,1
484,0.48400000000000004,28.467532467532468,1.6493506493506493,52.0,-39.0,65.0,27.774283847271004,0.0,50.247699321245584,0.0,-12.777482959255163,0.693248620261464,1.6493506493506493,1.7523006787544162,-39.0,39.03934627614509,28.467532467532468,1.6493506493506493,52.0,-39.0,0.0,0.0,0.0,0.0,1,1,1,1,1
485,0.48500000000000004,28.51948051948052,1.6103896103896105,52.0,-39.0,65.0,27.824525157850772,0.0,50.234921838286326,0.0,-12.486799061545135,0.6949553616297486,1.6103896103896105,1.7650781617136744,-39.0,39.03992188666569,28.51948051948052,1.6103896103896105,52.0,-39.0,0.0,0.0,0.0,0.0,1,1,1,1,1
486,0.486,28.57142857142857,1.5714285714285716,52.0,-39.0,65.0,27.874753836289525,0.0,50.22243503922478,0.0,-12.197754011652053,0.6966747351390445,1.5714285714285716,1.7775649607752229,-39.0,39.04048843431362,28.57142857142857,1.5714285714285716,52.0,-39.0,0.0,0.0,0.0,0.0,1,1,1,1,1
487,0.487,28.623376623376622,1.5324675324675323,52.0,-39.0,65.0,27.924970172451744,0.0,50.210237285213125,0.0,-11.910359704203927,0.6984064509248782,1.5324675324675323,1.7897627147868747,-39.0,39.04104571569826,28.623376623376622,1.5324675324675323,52.0,-39.0,0.0,0.0,0.0,0.0,1,1,1,1,1
488,0.488,28.675324675324674,1.4935064935064934,52.0,-39.0,65.0,27.975174454557106,0.0,50.19832692550892,0.0,-11.624627757817565,0.7001502207675685,1.4935064935064934,1.8016730744910774,-39.0,39.041593536475254,28.675324675324674,1.4935064935064934,52.0,-39.0,0.0,0.0,0.0,0.0,1,1,1,1,1
489,0.489,28.727272727272727,1.4545454545454546,52.0,-39.0,65.0,28.025366969168736,0.0,50.186702297751104,0.0,-11.340569516678448,0.7019057581039903,1.4545454545454546,1.8132977022488959,-39.0,39.04213171122936,28.727272727272727,1.4545454545454546,52.0,-39.0,0.0,0.0,0.0,0.0,1,1,1,1,1
490,0.49,28.77922077922078,1.4155844155844157,52.0,-39.0,65.0,28.07554800118173,0.0,50.17536172823443,0.0,-11.058196052131454,0.7036727780390493,1.4155844155844157,1.824638271765572,-39.0,39.04266006335623,28.77922077922078,1.4155844155844157,52.0,-39.0,0.0,0.0,0.0,0.0,1,1,1,1,1
491,0.491,28.83116883116883,1.3766233766233764,52.0,-39.0,65.0,28.12571783381194,0.0,50.164303532182295,0.0,-10.777518164281444,0.7054509973568912,1.3766233766233764,1.835696467817705,-39.0,39.04317842494331,28.83116883116883,1.3766233766233764,52.0,-39.0,0.0,0.0,0.0,0.0,1,1,1,1,1
492,0.492,28.883116883116884,1.337662337662338,52.0,-39.0,65.0,28.17587674858504,0.0,50.15352601401801,0.0,-10.49854638360444,0.707240134531844,1.337662337662338,1.8464739859819872,-39.0,39.043686636649824,28.883116883116884,1.337662337662338,52.0,-39.0,0.0,0.0,0.0,0.0,1,1,1,1,1
493,0.493,28.935064935064936,1.2987012987012987,52.0,-39.0,65.0,28.226025025325868,0.0,50.14302746763441,0.0,-10.221290972570573,0.7090399097390687,1.2987012987012987,1.8569725323655888,-39.0,39.04418454758609,28.935064935064936,1.2987012987012987,52.0,-39.0,0.0,0.0,0.0,0.0,1,1,1,1,1
494,0.494,28.98701298701299,1.2597402597402594,52.0,-39.0,65.0,28.276162942148016,0.0,50.13280617666184,0.0,-9.945761927274134,0.7108500448649728,1.2597402597402594,1.8671938233381624,-39.0,39.044672015191935,28.98701298701299,1.2597402597402594,52.0,-39.0,0.0,0.0,0.0,0.0,1,1,1,1,1
495,0.495,29.03896103896104,1.220779220779221,52.0,-39.0,65.0,28.326290775443717,0.0,50.12286041473456,0.0,-9.671968979077281,0.7126702635173245,1.220779220779221,1.8771395852654393,-39.0,39.04514890511458,29.03896103896104,1.220779220779221,52.0,-39.0,0.0,0.0,0.0,0.0,1,1,1,1,1
496,0.496,29.09090909090909,1.1818181818181817,52.0,-39.0,65.0,28.37640879987396,0.0,50.11318844575548,0.0,-9.399921596258972,0.7145002910351295,1.1818181818181817,1.8868115542445167,-39.0,39.04561509108584,29.09090909090909,1.1818181818181817,52.0,-39.0,0.0,0.0,0.0,0.0,1,1,1,1,1
497,0.497,29.142857142857142,1.1428571428571432,52.0,-39.0,65.0,28.42651728835892,0.0,50.10378852415923,0.0,-9.129628985677623,0.7163398544982229,1.1428571428571432,1.8962114758407722,-39.0,39.04607045479878,29.142857142857142,1.1428571428571432,52.0,-39.0,0.0,0.0,0.0,0.0,1,1,1,1,1
498,0.498,29.194805194805195,1.103896103896104,52.0,-39.0,65.0,28.476616512068585,0.0,50.09465889517355,0.0,-8.861100094438358,0.71818868273661,1.103896103896104,1.905341104826448,-39.0,39.04651488578387,29.194805194805195,1.103896103896104,52.0,-39.0,0.0,0.0,0.0,0.0,1,1,1,1,1
499,0.499,29.246753246753247,1.0649350649350646,52.0,-39.0,65.0,28.52670674041371,0.0,50.08579779507912,0.0,-8.594343611573086,0.7200465063395356,1.0649350649350646,1.9142022049208833,-39.0,39.04694828128472,29.246753246753247,1.0649350649350646,52.0,-39.0,0.0,0.0,0.0,0.0,1,1,1,1,1
500,0.5,29.2987012987013,1.0259740259740262,52.0,-39.0,65.0,28.576788241036986,0.0,50.07720345146755,0.0,-8.3293679697256,0.7219130576643131,1.0259740259740262,1.9227965485324532,-39.0,39.04737054613343,29.2987012987013,1.0259740259740262,52.0,-39.0,0.0,0.0,0.0,0.0,1,1,1,1,1
501,0.501,29.35064935064935,0.9870129870129869,52.0,-39.0,65.0,28.62686127980447,0.0,50.068874083497825,0.0,-8.06618134684739,0.7237880708448792,0.9870129870129869,1.9311259165021752,-39.0,39.04778159262555,29.35064935064935,0.9870129870129869,52.0,-39.0,0.0,0.0,0.0,0.0,1,1,1,1,1
502,0.502,29.4025974025974,0.9480519480519476,52.0,-39.0,65.0,28.676926120797294,0.0,50.06080790215098,0.0,-7.804791667900586,0.725671281800107,0.9480519480519476,1.9391920978490234,-39.0,39.04818134039484,29.4025974025974,0.9480519480519476,52.0,-39.0,0.0,0.0,0.0,0.0,1,1,1,1,1
503,0.503,29.454545454545453,0.9090909090909092,52.0,-39.0,65.0,28.726983026303614,0.0,50.053003110483075,0.0,-7.54520660656906,0.7275624282418391,0.9090909090909092,1.9469968895169245,-39.0,39.0485697162878,29.454545454545453,0.9090909090909092,52.0,-39.0,0.0,0.0,0.0,0.0,1,1,1,1,1
504,0.504,29.506493506493506,0.8701298701298699,52.0,-39.0,65.0,28.777032256810795,0.0,50.0454579038765,0.0,-7.287433586974994,0.7294612496827106,0.8701298701298699,1.9545420961234967,-39.0,39.04894665423792,29.506493506493506,0.8701298701298699,52.0,-39.0,0.0,0.0,0.0,0.0,1,1,1,1,1
505,0.505,29.558441558441558,0.8311688311688306,52.0,-39.0,65.0,28.827074070997877,0.0,50.03817047028953,0.0,-7.031479785406858,0.7313674874436806,0.8311688311688306,1.9618295297104709,-39.0,39.04931209513996,29.558441558441558,0.8311688311688306,52.0,-39.0,0.0,0.0,0.0,0.0,1,1,1,1,1
506,0.506,29.61038961038961,0.7922077922077921,52.0,-39.0,65.0,28.877108725728277,0.0,50.031138990504125,0.0,-6.777352132051004,0.7332808846613332,0.7922077922077921,1.9688610094958747,-39.0,39.04966598672405,29.61038961038961,0.7922077922077921,52.0,-39.0,0.0,0.0,0.0,0.0,1,1,1,1,1
507,0.507,29.662337662337663,0.7532467532467528,52.0,-39.0,65.0,28.927136476042715,0.0,50.02436163837208,0.0,-6.5250573127301665,0.7352011862949475,0.7532467532467528,1.9756383616279223,-39.0,39.0500082834298,29.662337662337663,0.7532467532467528,52.0,-39.0,0.0,0.0,0.0,0.0,1,1,1,1,1
508,0.508,29.714285714285715,0.7142857142857144,52.0,-39.0,65.0,28.97715757515243,0.0,50.01783658105935,0.0,-6.274601770651112,0.7371281391332865,0.7142857142857144,1.982163418940651,-39.0,39.050338946280434,29.714285714285715,0.7142857142857144,52.0,-39.0,0.0,0.0,0.0,0.0,1,1,1,1,1
509,0.509,29.766233766233768,0.6753246753246751,52.0,-39.0,65.0,29.0271722744326,0.0,50.0115619792887,0.0,-6.025991708156877,0.7390614918011664,0.6753246753246751,1.9884380207112997,-39.0,39.050657942757,29.766233766233768,0.6753246753246751,52.0,-39.0,0.0,0.0,0.0,0.0,1,1,1,1,1
510,0.51,29.81818181818182,0.6363636363636367,52.0,-39.0,65.0,29.077180823416036,0.0,50.005535987580544,0.0,-5.779233088484588,0.7410009947657841,0.6363636363636367,1.9944640124194564,-39.0,39.05096524667267,29.81818181818182,0.6363636363636367,52.0,-39.0,0.0,0.0,0.0,0.0,1,1,1,1,1
511,0.511,29.87012987012987,0.5974025974025974,52.0,-39.0,65.0,29.127183469787074,0.0,49.99975675449206,0.0,-5.534331637530152,0.7429464003427952,0.5974025974025974,2.0002432455079386,-39.0,39.05126083804721,29.87012987012987,0.5974025974025974,52.0,-39.0,0.0,0.0,0.0,0.0,1,1,1,1,1
512,0.512,29.92207792207792,0.5584415584415581,52.0,-39.0,65.0,29.177180459375748,0.0,49.994222422854534,0.0,-5.2912928456182815,0.7448974627021734,0.5584415584415581,2.005777577145466,-39.0,39.051544702981715,29.92207792207792,0.5584415584415581,52.0,-39.0,0.0,0.0,0.0,0.0,1,1,1,1,1
513,0.513,29.974025974025974,0.5194805194805197,52.0,-39.0,65.0,29.22717203615218,0.0,49.988931130008915,0.0,-5.050121969278395,0.7468539378737944,0.5194805194805197,2.0110688699910853,-39.0,39.05181683353346,29.974025974025974,0.5194805194805197,52.0,-39.0,0.0,0.0,0.0,0.0,1,1,1,1,1
514,0.514,30.025974025974026,0.48051948051948035,52.0,-39.0,65.0,29.277158442221204,0.0,49.98388100803964,0.0,-4.81082403302569,0.7488155837528225,0.48051948051948035,2.0161189919603615,-39.0,39.05207722759115,30.025974025974026,0.48051948051948035,52.0,-39.0,0.0,0.0,0.0,0.0,1,1,1,1,1
515,0.515,30.077922077922075,0.4415584415584419,52.0,-39.0,65.0,29.327139917817227,0.0,49.979070184006616,0.0,-4.573403831146116,0.7507821601048477,0.4415584415584419,2.0209298159933837,-39.0,39.05232588875048,30.077922077922075,0.4415584415584419,52.0,-39.0,0.0,0.0,0.0,0.0,1,1,1,1,1
516,0.516,30.12987012987013,0.4025974025974026,52.0,-39.0,65.0,29.37711670129932,0.0,49.97449678017547,0.0,-4.337865929487611,0.7527534285708093,0.4025974025974026,2.025503219824529,-39.0,39.052562826190034,30.12987012987013,0.4025974025974026,52.0,-39.0,0.0,0.0,0.0,0.0,1,1,1,1,1
517,0.517,30.18181818181818,0.3636363636363633,52.0,-39.0,65.0,29.427089029146533,0.0,49.970158914245985,0.0,-4.104214667254061,0.7547291526716471,0.3636363636363633,2.029841085754015,-39.0,39.05278805454759,30.18181818181818,0.3636363636363633,52.0,-39.0,0.0,0.0,0.0,0.0,1,1,1,1,1
518,0.518,30.233766233766232,0.3246753246753249,52.0,-39.0,65.0,29.477057135953444,0.0,49.966054699578734,0.0,-3.872454158806348,0.756709097812788,0.3246753246753249,2.0339453004212658,-39.0,39.053001593796935,30.233766233766232,0.3246753246753249,52.0,-39.0,0.0,0.0,0.0,0.0,1,1,1,1,1
519,0.519,30.285714285714285,0.2857142857142856,52.0,-39.0,65.0,29.527021254425943,0.0,49.962182245419925,0.0,-3.6425882954650444,0.7586930312883418,0.2857142857142856,2.0378177545800753,-39.0,39.05320346912506,30.285714285714285,0.2857142857142856,52.0,-39.0,0.0,0.0,0.0,0.0,1,1,1,1,1
520,0.52,30.337662337662337,0.24675324675324717,52.0,-39.0,65.0,29.576981615377214,0.0,49.95853965712446,0.0,-3.414620747317787,0.7606807222851231,0.24675324675324717,2.0414603428755385,-39.0,39.05339371080999,30.337662337662337,0.24675324675324717,52.0,-39.0,0.0,0.0,0.0,0.0,1,1,1,1,1
521,0.521,30.38961038961039,0.20779220779220786,52.0,-39.0,65.0,29.626938447723962,0.0,49.95512503637715,0.0,-3.1885549650302845,0.7626719418864276,0.20779220779220786,2.0448749636228527,-39.0,39.053572354099074,30.38961038961039,0.20779220779220786,52.0,-39.0,0.0,0.0,0.0,0.0,1,1,1,1,1
522,0.522,30.441558441558442,0.16883116883116855,52.0,-39.0,65.0,29.676891978482857,0.0,49.95193648141212,0.0,-2.9643941816621853,0.7646664630755851,0.16883116883116855,2.048063518587881,-39.0,39.05373943908791,30.441558441558442,0.16883116883116855,52.0,-39.0,0.0,0.0,0.0,0.0,1,1,1,1,1
523,0.523,30.493506493506494,0.12987012987013014,52.0,-39.0,65.0,29.726842432767178,0.0,49.94897208723046,0.0,-2.7421414144828224,0.7666640607393163,0.12987012987013014,2.051027912769541,-39.0,39.0538950105999,30.493506493506494,0.12987012987013014,52.0,-39.0,0.0,0.0,0.0,0.0,1,1,1,1,1
524,0.524,30.545454545454547,0.09090909090909172,52.0,-39.0,65.0,29.7767900337837,0.0,49.94622994581598,0.0,-2.5217994667937798,0.7686645116708455,0.09090909090909172,2.053770054184021,-39.0,39.054039118066434,30.545454545454547,0.09090909090909172,52.0,-39.0,0.0,0.0,0.0,0.0,1,1,1,1,1
525,0.525,30.5974025974026,0.05194805194805152,52.0,-39.0,65.0,29.826735002829786,0.0,49.94370814634919,0.0,-2.3033709297524663,0.7706675945728136,0.05194805194805152,2.056291853650812,-39.0,39.05417181540777,30.5974025974026,0.05194805194805152,52.0,-39.0,0.0,0.0,0.0,0.0,1,1,1,1,1
526,0.526,30.64935064935065,0.012987012987013102,52.0,-39.0,65.0,29.87667755929067,0.0,49.941404775419436,0.0,-2.086858184197685,0.7726730900599819,0.012987012987013102,2.0585952245805643,-39.0,39.05429316091466,30.64935064935065,0.012987012987013102,52.0,-39.0,0.0,0.0,0.0,0.0,1,1,1,1,1
527,0.527,30.7012987012987,-0.025974025974025317,52.0,-39.0,65.0,29.926617920637,0.0,49.939317917235236,0.0,-1.8722634024801477,0.7746807806617007,-0.025974025974025317,2.060682082764764,-39.0,39.054403217130684,30.7012987012987,-0.025974025974025317,52.0,-39.0,0.0,0.0,0.0,0.0,1,1,1,1,1
528,0.528,30.753246753246753,-0.06493506493506551,52.0,-39.0,65.0,29.976556302422534,0.0,49.937445653832754,0.0,-1.6595885502914616,0.7766904508242192,-0.06493506493506551,2.0625543461672464,-39.0,39.05450205073537,30.753246753246753,-0.06493506493506551,52.0,-39.0,0.0,0.0,0.0,0.0,1,1,1,1,1
529,0.529,30.805194805194805,-0.10389610389610393,52.0,-39.0,65.0,30.02649291828209,0.0,49.935786065282464,0.0,-1.4488353884996663,0.7787018869127138,-0.10389610389610393,2.064213934717536,-39.0,39.05458973242815,30.805194805194805,-0.10389610389610393,52.0,-39.0,0.0,0.0,0.0,0.0,1,1,1,1,1
530,0.53,30.857142857142858,-0.14285714285714235,52.0,-39.0,65.0,30.07642797992968,0.0,49.93433722989396,0.0,-1.2400054749822884,0.7807148772131782,-0.14285714285714235,2.0656627701060373,-39.0,39.0546663368131,30.857142857142858,-0.14285714285714235,52.0,-39.0,0.0,0.0,0.0,0.0,1,1,1,1,1
531,0.531,30.90909090909091,-0.18181818181818254,52.0,-39.0,65.0,30.126361697156835,0.0,49.93309722441898,0.0,-1.033100166464415,0.7827292119340754,-0.18181818181818254,2.0669027755810205,-39.0,39.05473194228459,30.90909090909091,-0.18181818181818254,52.0,-39.0,0.0,0.0,0.0,0.0,1,1,1,1,1
532,0.532,30.96103896103896,-0.22077922077922096,52.0,-39.0,65.0,30.17629427783117,0.0,49.93206412425251,0.0,-0.828120620356094,0.7847446832077907,-0.22077922077922096,2.0679358757474873,-39.0,39.0547866309138,30.96103896103896,-0.22077922077922096,52.0,-39.0,0.0,0.0,0.0,0.0,1,1,1,1,1
533,0.533,31.01298701298701,-0.2597402597402594,52.0,-39.0,65.0,30.22622592789511,0.0,49.93123600363216,0.0,-0.6250677965924117,0.7867610850919,-0.2597402597402594,2.068763996367842,-39.0,39.05483048833611,31.01298701298701,-0.2597402597402594,52.0,-39.0,0.0,0.0,0.0,0.0,1,1,1,1,1
534,0.534,31.064935064935064,-0.2987012987012996,52.0,-39.0,65.0,30.276156851364846,0.0,49.93061093583557,0.0,-0.4239424594731788,0.7887782135702182,-0.2987012987012996,2.069389064164433,-39.0,39.054863603639475,31.064935064935064,-0.2987012987012996,52.0,-39.0,0.0,0.0,0.0,0.0,1,1,1,1,1
535,0.535,31.116883116883116,-0.337662337662338,52.0,-39.0,65.0,30.32608725032945,0.0,49.9301869933761,0.0,-0.22474517950454273,0.7907958665536654,-0.337662337662338,2.069813006623903,-39.0,39.05488606925373,31.116883116883116,-0.337662337662338,52.0,-39.0,0.0,0.0,0.0,0.0,1,1,1,1,1
536,0.536,31.16883116883117,-0.3766233766233764,52.0,-39.0,65.0,30.376017324950237,0.0,49.929962248196595,0.0,-0.027476335241796396,0.792813843880932,-0.3766233766233764,2.0700377518034045,-39.0,39.054897980840906,31.16883116883117,-0.3766233766233764,52.0,-39.0,0.0,0.0,0.0,0.0,1,1,1,1,1
537,0.537,31.22077922077922,-0.4155844155844157,52.0,-39.0,65.0,30.425947273460267,0.0,49.929934771861355,0.0,0.16786388486843987,0.7948319473189542,-0.4155844155844157,2.0700652281386454,-39.0,39.05489943718648,31.22077922077922,-0.4155844155844157,52.0,-39.0,0.0,0.0,0.0,0.0,1,1,1,1,1
538,0.538,31.272727272727273,-0.45454545454545503,52.0,-39.0,65.0,30.47587729216407,0.0,49.93010263574622,0.0,0.3612754806455564,0.7968499805632021,-0.45454545454545503,2.0698973642537766,-39.0,39.054890540091705,31.272727272727273,-0.45454545454545503,52.0,-39.0,0.0,0.0,0.0,0.0,1,1,1,1,1
539,0.539,31.324675324675326,-0.49350649350649345,52.0,-39.0,65.0,30.525807575437558,0.0,49.930463911226866,0.0,0.5527586383317823,0.7988677492377683,-0.49350649350649345,2.069536088773134,-39.0,39.054871394266996,31.324675324675326,-0.49350649350649345,52.0,-39.0,0.0,0.0,0.0,0.0,1,1,1,1,1
540,0.54,31.376623376623378,-0.5324675324675319,52.0,-39.0,65.0,30.575738315728103,0.0,49.9310166698652,0.0,0.742313728748292,0.8008850608952756,-0.5324675324675319,2.068983330134799,-39.0,39.05484210722629,31.376623376623378,-0.5324675324675319,52.0,-39.0,0.0,0.0,0.0,0.0,1,1,1,1,1
541,0.541,31.42857142857143,-0.5714285714285712,52.0,-39.0,65.0,30.625669703554834,0.0,49.93175898359395,0.0,0.9299413054528707,0.8029017250165964,-0.5714285714285712,2.0682410164060485,-39.0,39.05480278918259,31.42857142857143,-0.5714285714285712,52.0,-39.0,0.0,0.0,0.0,0.0,1,1,1,1,1
542,0.542,31.48051948051948,-0.6103896103896105,52.0,-39.0,65.0,30.67560192750908,0.0,49.9326889248994,0.0,1.1156421028981538,0.804917553010398,-0.6103896103896105,2.067311075100598,-39.0,39.05475355294453,31.48051948051948,-0.6103896103896105,52.0,-39.0,0.0,0.0,0.0,0.0,1,1,1,1,1
543,0.543,31.532467532467532,-0.6493506493506489,52.0,-39.0,65.0,30.72553517425503,0.0,49.9338045670023,0.0,1.299417034588654,0.806932358212503,-0.6493506493506489,2.066195432997702,-39.0,39.05469451381409,31.532467532467532,-0.6493506493506489,52.0,-39.0,0.0,0.0,0.0,0.0,1,1,1,1,1
544,0.544,31.584415584415584,-0.6883116883116882,52.0,-39.0,65.0,30.775469628530548,0.0,49.935103984036886,0.0,1.4812671912389148,0.8089459558850365,-0.6883116883116882,2.0648960159631145,-39.0,39.05462578948543,31.584415584415584,-0.6883116883116882,52.0,-39.0,0.0,0.0,0.0,0.0,1,1,1,1,1
545,0.545,31.636363636363637,-0.7272727272727275,52.0,-39.0,65.0,30.82540547314818,0.0,49.936585251228124,0.0,1.6611938389350016,0.8109581632154566,-0.7272727272727275,2.0634147487718764,-39.0,39.05454749994486,31.636363636363637,-0.7272727272727275,52.0,-39.0,0.0,0.0,0.0,0.0,1,1,1,1,1
546,0.546,31.688311688311686,-0.7662337662337659,52.0,-39.0,65.0,30.87534288899633,0.0,49.93824644506706,0.0,1.8391984172938673,0.8129687993153567,-0.7662337662337659,2.0617535549329418,-39.0,39.054459767372,31.688311688311686,-0.7662337662337659,52.0,-39.0,0.0,0.0,0.0,0.0,1,1,1,1,1
547,0.547,31.74025974025974,-0.8051948051948052,52.0,-39.0,65.0,30.925282055040604,0.0,49.94008564348435,0.0,2.015282537626194,0.8149776852191373,-0.8051948051948052,2.059914356515648,-39.0,39.0543627160421,31.74025974025974,-0.8051948051948052,52.0,-39.0,0.0,0.0,0.0,0.0,1,1,1,1,1
548,0.548,31.79220779220779,-0.8441558441558445,52.0,-39.0,65.0,30.97522314832536,0.0,49.94210092602198,0.0,2.189447981098617,0.8169846438824315,-0.8441558441558445,2.057899073978021,-39.0,39.0542564722295,31.79220779220779,-0.8441558441558445,52.0,-39.0,0.0,0.0,0.0,0.0,1,1,1,1,1
549,0.549,31.844155844155843,-0.883116883116883,52.0,-39.0,65.0,31.02516634397537,0.0,49.944290374003074,0.0,2.361696696899994,0.8189895001804715,-0.883116883116883,2.0557096259969256,-39.0,39.05414116411237,31.844155844155843,-0.883116883116883,52.0,-39.0,0.0,0.0,0.0,0.0,1,1,1,1,1
550,0.55,31.896103896103895,-0.9220779220779223,52.0,-39.0,65.0,31.075111815197722,0.0,49.946652070699976,0.0,2.5320308004067504,0.8209920809061728,-0.9220779220779223,2.053347929300024,-39.0,39.05401692167863,31.896103896103895,-0.9220779220779223,52.0,-39.0,0.0,0.0,0.0,0.0,1,1,1,1,1
551,0.551,31.948051948051948,-0.9610389610389607,52.0,-39.0,65.0,31.125059733283823,0.0,49.949184101500386,0.0,2.7004525713521317,0.8229922147681243,-0.9610389610389607,2.0508158984996143,-39.0,39.05388387663305,31.948051948051948,-0.9610389610389607,52.0,-39.0,0.0,0.0,0.0,0.0,1,1,1,1,1
552,0.552,32.0,-1.0,52.0,-39.0,65.0,31.175010267611608,0.0,49.95188455407174,0.0,2.8669644519972843,0.8249897323883921,-1.0,2.0481154459282607,-39.0,39.053742162305646,32.0,-1.0,52.0,-39.0,0.0,0.0,0.0,0.0,1,1,1,1,1
553,0.553,32.05194805194805,-1.0389610389610393,52.0,-39.0,65.0,31.224963585647906,0.0,49.954751518523736,0.0,3.031569045302546,0.8269844663001464,-1.0389610389610393,2.045248481476264,-39.0,39.053591913561306,32.05194805194805,-1.0389610389610393,52.0,-39.0,0.0,0.0,0.0,0.0,1,1,1,1,1
554,0.554,32.103896103896105,-1.0779220779220777,52.0,-39.0,65.0,31.27491985295095,0.0,49.95778308756904,0.0,3.1942691131039402,0.8289762509451535,-1.0779220779220777,2.042216912430959,-39.0,39.05343326671061,32.103896103896105,-1.0779220779220777,52.0,-39.0,0.0,0.0,0.0,0.0,1,1,1,1,1
555,0.555,32.15584415584416,-1.1168831168831161,52.0,-39.0,65.0,31.32487923317308,0.0,49.96097735668214,0.0,3.3550675742900347,0.8309649226710789,-1.1168831168831161,2.039022643317857,-39.0,39.05326635942201,32.15584415584416,-1.1168831168831161,52.0,-39.0,0.0,0.0,0.0,0.0,1,1,1,1,1
556,0.556,32.20779220779221,-1.1558441558441563,52.0,-39.0,65.0,31.37484188806355,0.0,49.96433242425643,0.0,3.513967502982866,0.8329503197286598,-1.1558441558441563,2.0356675757435667,-39.0,39.05309133063519,32.20779220779221,-1.1558441558441563,52.0,-39.0,0.0,0.0,0.0,0.0,1,1,1,1,1
557,0.557,32.25974025974026,-1.1948051948051948,52.0,-39.0,65.0,31.42480797747156,0.0,49.967846391759416,0.0,3.6709721267206037,0.8349322822687029,-1.1948051948051948,2.032153608240584,-39.0,39.052908320475765,32.25974025974026,-1.1948051948051948,52.0,-39.0,0.0,0.0,0.0,0.0,1,1,1,1,1
558,0.558,32.311688311688314,-1.2337662337662332,52.0,-39.0,65.0,31.47477765934938,0.0,49.971517363886136,0.0,3.8260848246439467,0.8369106523389327,-1.2337662337662332,2.028482636113864,-39.0,39.05271747017121,32.311688311688314,-1.2337662337662332,52.0,-39.0,0.0,0.0,0.0,0.0,1,1,1,1,1
559,0.559,32.36363636363636,-1.2727272727272734,52.0,-39.0,65.0,31.52475108975568,0.0,49.97534344871078,0.0,3.9793091256841313,0.8388852738806811,-1.2727272727272734,2.024656551289219,-39.0,39.05251892196812,32.36363636363636,-1.2727272727272734,52.0,-39.0,0.0,0.0,0.0,0.0,1,1,1,1,1
560,0.56,32.41558441558442,-1.3116883116883118,52.0,-39.0,65.0,31.574728422858954,0.0,49.979322757836464,0.0,4.130648706757182,0.8408559927254657,-1.3116883116883118,2.0206772421635364,-39.0,39.052312819050776,32.41558441558442,-1.3116883116883118,52.0,-39.0,0.0,0.0,0.0,0.0,1,1,1,1,1
561,0.561,32.467532467532465,-1.3506493506493502,52.0,-39.0,65.0,31.62470981094114,0.0,49.98345340654322,0.0,4.280107390958951,0.8428226565913235,-1.3506493506493502,2.0165465934567806,-39.0,39.05209930546093,32.467532467532465,-1.3506493506493502,52.0,-39.0,0.0,0.0,0.0,0.0,1,1,1,1,1
562,0.562,32.519480519480524,-1.3896103896103904,52.0,-39.0,65.0,31.67469540440138,0.0,49.98773351393418,0.0,4.427689145763356,0.8447851150791443,-1.3896103896103904,2.012266486065819,-39.0,39.051878526018996,32.519480519480524,-1.3896103896103904,52.0,-39.0,0.0,0.0,0.0,0.0,1,1,1,1,1
563,0.5630000000000001,32.57142857142857,-1.4285714285714288,52.0,-39.0,65.0,31.724685351759888,0.0,49.992161203079945,0.0,4.5733980812271895,0.8467432196686815,-1.4285714285714288,2.007838796920055,-39.0,39.051650626246484,32.57142857142857,-1.4285714285714288,52.0,-39.0,0.0,0.0,0.0,0.0,1,1,1,1,1
564,0.5640000000000001,32.62337662337662,-1.4675324675324672,52.0,-39.0,65.0,31.774679799662007,0.0,49.99673460116117,0.0,4.717238448196274,0.8486968237146151,-1.4675324675324672,2.0032653988388276,-39.0,39.05141575228976,32.62337662337662,-1.4675324675324672,52.0,-39.0,0.0,0.0,0.0,0.0,1,1,1,1,1
565,0.5650000000000001,32.675324675324674,-1.5064935064935057,52.0,-39.0,65.0,31.824678892882392,0.0,50.001451839609366,0.0,4.85921463651547,0.8506457824422817,-1.5064935064935057,1.9985481603906337,-39.0,39.05117405084514,32.675324675324674,-1.5064935064935057,52.0,-39.0,0.0,0.0,0.0,0.0,1,1,1,1,1
566,0.5660000000000001,32.72727272727273,-1.5454545454545459,52.0,-39.0,65.0,31.87468277432932,0.0,50.006311054245884,0.0,4.999331173244666,0.8525899529434078,-1.5454545454545459,1.9936889457541156,-39.0,39.05092566908526,32.72727272727273,-1.5454545454545459,52.0,-39.0,0.0,0.0,0.0,0.0,1,1,1,1,1
567,0.5670000000000001,32.77922077922078,-1.5844155844155843,52.0,-39.0,65.0,31.924691585049153,0.0,50.01131038541913,0.0,5.137592720876923,0.8545291941716258,-1.5844155844155843,1.9886896145808706,-39.0,39.05067075458681,32.77922077922078,-1.5844155844155843,52.0,-39.0,0.0,0.0,0.0,0.0,1,1,1,1,1
568,0.5680000000000001,32.83116883116883,-1.6233766233766227,52.0,-39.0,65.0,31.974705464230933,0.0,50.01644797814001,0.0,5.274004075563013,0.8564633669378985,-1.6233766233766227,1.9835520218599925,-39.0,39.050409455259555,32.83116883116883,-1.6233766233766227,52.0,-39.0,0.0,0.0,0.0,0.0,1,1,1,1,1
569,0.5690000000000001,32.883116883116884,-1.662337662337663,52.0,-39.0,65.0,32.024724549211115,0.0,50.021721982215574,0.0,4.6907777112365405,0.8583923339057691,-1.662337662337663,1.978278017784426,-39.0,39.05014191927667,32.883116883116884,-1.662337662337663,52.0,-39.0,0.0,0.0,0.0,0.0,1,1,1,1,1
570,0.5700000000000001,32.935064935064936,-1.7012987012987013,52.0,-39.0,65.0,32.07474861658219,0.0,50.026412759926814,0.0,4.699587277158281,0.8603163184827451,-1.7012987012987013,1.9735872400731864,-39.0,39.04990456574996,32.935064935064936,-1.7012987012987013,52.0,-39.0,0.0,0.0,0.0,0.0,1,1,1,1,1
571,0.5710000000000001,32.98701298701299,-1.7402597402597397,52.0,-39.0,65.0,32.12477737913576,0.0,50.03111234720397,0.0,4.70122019742851,0.8622356078772313,-1.7402597402597397,1.9688876527960275,-39.0,39.049667330072516,32.98701298701299,-1.7402597402597397,52.0,-39.0,0.0,0.0,0.0,0.0,1,1,1,1,1
572,0.5720000000000001,33.03896103896104,-1.779220779220779,52.0,-39.0,65.0,32.17481084209306,0.0,50.0358135674014,0.0,4.6958416991671985,0.8641501968679819,-1.779220779220779,1.964186432598602,-39.0,39.049430576411794,33.03896103896104,-1.779220779220779,52.0,-39.0,0.0,0.0,0.0,0.0,1,1,1,1,1
573,0.5730000000000001,33.09090909090909,-1.8181818181818183,52.0,-39.0,65.0,32.22484900358131,0.0,50.040509409100565,0.0,4.6836134525723905,0.8660600873277815,-1.8181818181818183,1.959490590899435,-39.0,39.04919465719906,33.09090909090909,-1.8181818181818183,52.0,-39.0,0.0,0.0,0.0,0.0,1,1,1,1,1
574,0.5740000000000001,33.14285714285714,-1.8571428571428568,52.0,-39.0,65.0,32.27489185479714,0.0,50.045193022553136,0.0,4.664694310998648,0.8679652880599988,-1.8571428571428568,1.9548069774468644,-39.0,39.04895991340967,33.14285714285714,-1.8571428571428568,52.0,-39.0,0.0,0.0,0.0,0.0,1,1,1,1,1
575,0.575,33.1948051948052,-1.896103896103896,52.0,-39.0,65.0,32.32493938016685,0.0,50.04985771686413,0.0,4.63924082062265,0.8698658146383451,-1.896103896103896,1.9501422831358681,-39.0,39.048726674815846,33.1948051948052,-1.896103896103896,52.0,-39.0,0.0,0.0,0.0,0.0,1,1,1,1,1
576,0.5760000000000001,33.246753246753244,-1.9350649350649354,52.0,-39.0,65.0,32.374991557504124,0.0,50.054496957684755,0.0,4.607407573392325,0.8717616892491193,-1.9350649350649354,1.945503042315245,-39.0,39.048495260223,33.246753246753244,-1.9350649350649354,52.0,-39.0,0.0,0.0,0.0,0.0,1,1,1,1,1
577,0.577,33.298701298701296,-1.9740259740259738,52.0,-39.0,65.0,32.4250483581656,0.0,50.05910436525815,0.0,4.569347453402646,0.873652940535699,-1.9740259740259738,1.9408956347418496,-39.0,39.048265977696886,33.298701298701296,-1.9740259740259738,52.0,-39.0,0.0,0.0,0.0,0.0,1,1,1,1,1
578,0.5780000000000001,33.35064935064935,-2.012987012987013,52.0,-39.0,65.0,32.475109747204584,0.0,50.063673712711555,0.0,4.525211810842221,0.8755396034447642,-2.012987012987013,1.9363262872884448,-39.0,39.048039124786335,33.35064935064935,-2.012987012987013,52.0,-39.0,0.0,0.0,0.0,0.0,1,1,1,1,1
579,0.579,33.4025974025974,-2.0519480519480524,52.0,-39.0,65.0,32.5251756835232,0.0,50.0681989245224,0.0,4.4751505867253645,0.8774217190741993,-2.0519480519480524,1.9318010754776012,-39.0,39.047814988744456,33.4025974025974,-2.0519480519480524,52.0,-39.0,0.0,0.0,0.0,0.0,1,1,1,1,1
580,0.5800000000000001,33.45454545454545,-2.090909090909091,52.0,-39.0,65.0,32.57524612002302,0.0,50.07267407510913,0.0,4.419312404222575,0.879299334522436,-2.090909090909091,1.927325924890873,-39.0,39.047593846750104,33.45454545454545,-2.090909090909091,52.0,-39.0,0.0,0.0,0.0,0.0,1,1,1,1,1
581,0.581,33.506493506493506,-2.12987012987013,52.0,-39.0,65.0,32.62532100375433,0.0,50.07709338751335,0.0,4.35784463734728,0.8811725027391759,-2.12987012987013,1.9229066124866492,-39.0,39.04737596613049,33.506493506493506,-2.12987012987013,52.0,-39.0,0.0,0.0,0.0,0.0,1,1,1,1,1
582,0.5820000000000001,33.55844155844156,-2.1688311688311686,52.0,-39.0,65.0,32.67540027606416,0.0,50.0814512321507,0.0,4.290893464316307,0.8830412823773983,-2.1688311688311686,1.9185487678493018,-39.0,39.0471616045855,33.55844155844156,-2.1688311688311686,52.0,-39.0,0.0,0.0,0.0,0.0,1,1,1,1,1
583,0.583,33.61038961038961,-2.207792207792208,52.0,-39.0,65.0,32.72548387274304,0.0,50.08574212561501,0.0,4.218603910564559,0.8849057376465694,-2.207792207792208,1.9142578743849867,-39.0,39.046951010413665,33.61038961038961,-2.207792207792208,52.0,-39.0,0.0,0.0,0.0,0.0,1,1,1,1,1
584,0.5840000000000001,33.66233766233766,-2.246753246753247,52.0,-39.0,65.0,32.77557172417061,0.0,50.08996072952558,0.0,4.141119884808811,0.8867659381670521,-2.246753246753247,1.910039270474421,-39.0,39.04674442273971,33.66233766233766,-2.246753246753247,52.0,-39.0,0.0,0.0,0.0,0.0,1,1,1,1,1
585,0.585,33.714285714285715,-2.2857142857142856,52.0,-39.0,65.0,32.82566375546008,0.0,50.094101849410386,0.0,4.058584210466765,0.8886219588256381,-2.2857142857142856,1.9058981505896142,-39.0,39.04654207174332,33.714285714285715,-2.2857142857142856,52.0,-39.0,0.0,0.0,0.0,0.0,1,1,1,1,1
586,0.5860000000000001,33.76623376623377,-2.324675324675324,52.0,-39.0,65.0,32.87575988660159,0.0,50.098160433620855,0.0,3.9711386540073246,0.8904738796321752,-2.324675324675324,1.9018395663791452,-39.0,39.04634417888882,33.76623376623377,-2.324675324675324,52.0,-39.0,0.0,0.0,0.0,0.0,1,1,1,1,1
587,0.587,33.81818181818182,-2.363636363636364,52.0,-39.0,65.0,32.92586003260454,0.0,50.102131572274864,0.0,3.8789239513137685,0.8923217855772805,-2.363636363636364,1.897868427725136,-39.0,39.04615095715525,33.81818181818182,-2.363636363636364,52.0,-39.0,0.0,0.0,0.0,0.0,1,1,1,1,1
588,0.5880000000000001,33.87012987012987,-2.4025974025974026,52.0,-39.0,65.0,32.97596410363879,0.0,50.106010496226176,0.0,3.7820798328015046,0.8941657664910849,-2.4025974025974026,1.893989503773824,-39.0,39.0459626112663,33.87012987012987,-2.4025974025974026,52.0,-39.0,0.0,0.0,0.0,0.0,1,1,1,1,1
589,0.589,33.92207792207792,-2.441558441558441,52.0,-39.0,65.0,33.02607200517493,0.0,50.10979257605898,0.0,3.6807450478160466,0.8960059169029861,-2.441558441558441,1.8902074239410211,-39.0,39.04577933791976,33.92207792207792,-2.441558441558441,52.0,-39.0,0.0,0.0,0.0,0.0,1,1,1,1,1
590,0.5900000000000001,33.97402597402598,-2.4805194805194812,52.0,-39.0,65.0,33.07618363812352,0.0,50.113473321106795,0.0,3.575057388695183,0.8978423359024603,-2.4805194805194812,1.8865266788932047,-39.0,39.04560132601591,33.97402597402598,-2.4805194805194812,52.0,-39.0,0.0,0.0,0.0,0.0,1,1,1,1,1
591,0.591,34.02597402597402,-2.5194805194805197,52.0,-39.0,65.0,33.12629889897332,0.0,50.11704837849549,0.0,3.465153714792448,0.8996751270007053,-2.5194805194805197,1.8829516215045103,-39.0,39.045428756884284,34.02597402597402,-2.5194805194805197,52.0,-39.0,0.0,0.0,0.0,0.0,1,1,1,1,1
592,0.5920000000000001,34.07792207792208,-2.558441558441558,52.0,-39.0,65.0,33.17641767992867,0.0,50.12051353221028,0.0,3.3511699767218492,0.9015043979934134,-2.558441558441558,1.879486467789718,-39.0,39.04526180450843,34.07792207792208,-2.558441558441558,52.0,-39.0,0.0,0.0,0.0,0.0,1,1,1,1,1
593,0.593,34.12987012987013,-2.5974025974025974,52.0,-39.0,65.0,33.22653986904587,0.0,50.12386470218701,0.0,3.2332412410943454,0.903330260824255,-2.5974025974025974,1.8761352978129935,-39.0,39.04510063574814,34.12987012987013,-2.5974025974025974,52.0,-39.0,0.0,0.0,0.0,0.0,1,1,1,1,1
594,0.5940000000000001,34.18181818181818,-2.6363636363636367,52.0,-39.0,65.0,33.27666535036868,0.0,50.1270979434281,0.0,3.1115017160527234,0.9051528314494988,-2.6363636363636367,1.8729020565719026,-39.0,39.04494541055873,34.18181818181818,-2.6363636363636367,52.0,-39.0,0.0,0.0,0.0,0.0,1,1,1,1,1
595,0.595,34.23376623376623,-2.675324675324675,52.0,-39.0,65.0,33.32679400406297,0.0,50.13020944514415,0.0,2.986084777997165,0.9069722297032641,-2.675324675324675,1.8697905548558467,-39.0,39.044796282206775,34.23376623376623,-2.675324675324675,52.0,-39.0,0.0,0.0,0.0,0.0,1,1,1,1,1
596,0.5960000000000001,34.285714285714285,-2.7142857142857135,52.0,-39.0,65.0,33.3769257065505,0.0,50.13319552992215,0.0,2.857123000064378,0.9087885791637831,-2.7142857142857135,1.8668044700778523,-39.0,39.044653397482,34.285714285714285,-2.7142857142857135,52.0,-39.0,0.0,0.0,0.0,0.0,1,1,1,1,1
597,0.597,34.33766233766234,-2.7532467532467537,52.0,-39.0,65.0,33.42706033064192,0.0,50.13605265292221,0.0,2.724748183136814,0.9106020070204153,-2.7532467532467537,1.86394734707779,-39.0,39.044516896904724,34.33766233766234,-2.7532467532467537,52.0,-39.0,0.0,0.0,0.0,0.0,1,1,1,1,1
598,0.5980000000000001,34.38961038961039,-2.792207792207792,52.0,-39.0,65.0,33.47719774566894,0.0,50.138777401105344,0.0,2.5890913905263986,0.912412643941451,-2.792207792207792,1.8612225988946562,-39.0,39.04438691492845,34.38961038961039,-2.792207792207792,52.0,-39.0,0.0,0.0,0.0,0.0,1,1,1,1,1
599,0.599,34.44155844155844,-2.8311688311688306,52.0,-39.0,65.0,33.52733781761574,0.0,50.14136649249587,0.0,2.4502829880000765,0.914220623942704,-2.8311688311688306,1.8586335075041305,-39.0,39.044263580137056,34.44155844155844,-2.8311688311688306,52.0,-39.0,0.0,0.0,0.0,0.0,1,1,1,1,1
600,0.6000000000000001,34.493506493506494,-2.8701298701298708,52.0,-39.0,65.0,33.57748040924973,0.0,50.14381677548387,0.0,2.3084526915826955,0.9160260842567638,-2.8701298701298708,1.8561832245161298,-39.0,39.04414701543594,34.493506493506494,-2.8701298701298708,52.0,-39.0,0.0,0.0,0.0,0.0,1,1,1,1,1
601,0.601,34.54545454545455,-2.909090909090909,52.0,-39.0,65.0,33.62762538025156,0.0,50.14612522817545,0.0,2.1637296267336534,0.9178291652029884,-2.909090909090909,1.8538747718245503,-39.0,39.04403733823652,34.54545454545455,-2.909090909090909,52.0,-39.0,0.0,0.0,0.0,0.0,1,1,1,1,1
602,0.6020000000000001,34.5974025974026,-2.9480519480519476,52.0,-39.0,65.0,33.67777258734455,0.0,50.14828895780219,0.0,2.0162424041524742,0.9196300100580501,-2.9480519480519476,1.8517110421978131,-39.0,39.043934660633234,34.5974025974026,-2.9480519480519476,52.0,-39.0,0.0,0.0,0.0,0.0,1,1,1,1,1
603,0.603,34.64935064935065,-2.987012987012987,52.0,-39.0,65.0,33.72792188442355,0.0,50.15030520020634,0.0,1.8661192199663303,0.9214287649271,-2.987012987012987,1.8496947997936601,-39.0,39.04383908957191,34.64935064935065,-2.987012987012987,52.0,-39.0,0.0,0.0,0.0,0.0,1,1,1,1,1
604,0.6040000000000001,34.7012987012987,-3.025974025974026,52.0,-39.0,65.0,33.77807312268337,0.0,50.15217131942631,0.0,1.7134879916590184,0.9232255786153303,-3.025974025974026,1.8478286805736914,-39.0,39.04375072700817,34.7012987012987,-3.025974025974026,52.0,-39.0,0.0,0.0,0.0,0.0,1,1,1,1,1
605,0.605,34.753246753246756,-3.0649350649350637,52.0,-39.0,65.0,33.82822615074679,0.0,50.15388480741797,0.0,1.558476546464453,0.9250206024999699,-3.0649350649350637,1.8461151925820332,-39.0,39.04366967005384,34.753246753246756,-3.0649350649350637,52.0,-39.0,0.0,0.0,0.0,0.0,1,1,1,1,1
606,0.6060000000000001,34.8051948051948,-3.103896103896105,52.0,-39.0,65.0,33.87838081479247,0.0,50.15544328396443,0.0,1.4012128867749274,0.92681399040233,-3.103896103896105,1.8445567160355694,-39.0,39.04359601110881,34.8051948051948,-3.103896103896105,52.0,-39.0,0.0,0.0,0.0,0.0,1,1,1,1,1
607,0.607,34.85714285714286,-3.1428571428571423,52.0,-39.0,65.0,33.928536958682876,0.0,50.15684449685121,0.0,1.2418255686456334,0.9286058984599848,-3.1428571428571423,1.8431555031487932,-39.0,39.043529837974276,34.85714285714286,-3.1428571428571423,52.0,-39.0,0.0,0.0,0.0,0.0,1,1,1,1,1
608,0.608,34.90909090909091,-3.1818181818181817,52.0,-39.0,65.0,33.97869442409252,0.0,50.158086322419855,0.0,1.080444246420221,0.9303964849983899,-3.1818181818181817,1.8419136775801448,-39.0,39.04347123394201,34.90909090909091,-3.1818181818181817,52.0,-39.0,0.0,0.0,0.0,0.0,1,1,1,1,1
609,0.609,34.961038961038966,-3.220779220779221,52.0,-39.0,65.0,34.02885305063706,0.0,50.159166766666274,0.0,0.9172004613720554,0.9321859104019055,-3.220779220779221,1.8408332333337256,-39.0,39.0434202778515,34.961038961038966,-3.220779220779221,52.0,-39.0,0.0,0.0,0.0,0.0,1,1,1,1,1
610,0.61,35.01298701298701,-3.2597402597402603,52.0,-39.0,65.0,34.07901267600396,0.0,50.16008396712765,0.0,0.7522287888216919,0.9339743369830487,-3.2597402597402603,1.8399160328723525,-39.0,39.04337704410341,35.01298701298701,-3.2597402597402603,52.0,-39.0,0.0,0.0,0.0,0.0,1,1,1,1,1
611,0.611,35.064935064935064,-3.298701298701298,52.0,-39.0,65.0,34.129173136085484,0.0,50.16083619591647,0.0,0.5856685119200078,0.9357619288495798,-3.298701298701298,1.8391638040835332,-39.0,39.043341602611974,35.064935064935064,-3.298701298701298,52.0,-39.0,0.0,0.0,0.0,0.0,1,1,1,1,1
612,0.612,35.116883116883116,-3.337662337662339,52.0,-39.0,65.0,34.179334265115656,0.0,50.161421864428384,0.0,0.41766606919070165,0.9375488517674597,-3.337662337662339,1.8385781355716162,-39.0,39.043314018671644,35.116883116883116,-3.337662337662339,52.0,-39.0,0.0,0.0,0.0,0.0,1,1,1,1,1
613,0.613,35.16883116883117,-3.3766233766233764,52.0,-39.0,65.0,34.22949589581312,0.0,50.16183953049757,0.0,0.2483786389200339,0.9393352730180453,-3.3766233766233764,1.8381604695024265,-39.0,39.04329435270084,35.16883116883117,-3.3766233766233764,52.0,-39.0,0.0,0.0,0.0,0.0,1,1,1,1,1
614,0.614,35.22077922077922,-3.4155844155844157,52.0,-39.0,65.0,34.27965785953294,0.0,50.162087909136496,0.0,0.07797939385032929,0.9411213612462817,-3.4155844155844157,1.8379120908635045,-39.0,39.043282659809,35.22077922077922,-3.4155844155844157,52.0,-39.0,0.0,0.0,0.0,0.0,1,1,1,1,1
615,0.615,35.27272727272727,-3.454545454545455,52.0,-39.0,65.0,34.32981998643177,0.0,50.162165888530346,0.0,-0.09333479000846462,0.942907286295501,-3.454545454545455,1.837834111469654,-39.0,39.04327898910748,35.27272727272727,-3.454545454545455,52.0,-39.0,0.0,0.0,0.0,0.0,1,1,1,1,1
616,0.616,35.324675324675326,-3.4935064935064943,52.0,-39.0,65.0,34.37998210565291,0.0,50.16207255374034,0.0,-0.26533201878722235,0.9446932190224189,-3.4935064935064943,1.8379274462596626,-39.0,39.04328338264745,35.324675324675326,-3.4935064935064943,52.0,-39.0,0.0,0.0,0.0,0.0,1,1,1,1,1
617,0.617,35.37662337662338,-3.532467532467532,52.0,-39.0,65.0,34.43014404554064,0.0,50.16180722172155,0.0,-0.4377287682781434,0.9464793310827417,-3.532467532467532,1.8381927782784473,-39.0,39.04329587381315,35.37662337662338,-3.532467532467532,52.0,-39.0,0.0,0.0,0.0,0.0,1,1,1,1,1
618,0.618,35.42857142857143,-3.571428571428571,52.0,-39.0,65.0,34.48030563389797,0.0,50.16136949295328,0.0,-0.6101654873528647,0.9482657946734605,-3.571428571428571,1.838630507046723,-39.0,39.04331648491766,35.42857142857143,-3.571428571428571,52.0,-39.0,0.0,0.0,0.0,0.0,1,1,1,1,1
619,0.619,35.48051948051948,-3.6103896103896105,52.0,-39.0,65.0,34.53046669830818,0.0,50.160759327465925,0.0,-0.7821707643185831,0.9500527822113014,-3.6103896103896105,1.8392406725340749,-39.0,39.04334522362939,35.48051948051948,-3.6103896103896105,52.0,-39.0,0.0,0.0,0.0,0.0,1,1,1,1,1
620,0.62,35.532467532467535,-3.64935064935065,52.0,-39.0,65.0,34.58062706655027,0.0,50.15997715670161,0.0,-0.9531086889443295,0.9518404659172646,-3.64935064935065,1.8400228432983923,-39.0,39.043382077682,35.532467532467535,-3.64935064935065,52.0,-39.0,0.0,0.0,0.0,0.0,1,1,1,1,1
621,0.621,35.58441558441558,-3.6883116883116873,52.0,-39.0,65.0,34.630786567152626,0.0,50.15902404801266,0.0,-1.1221015241019892,0.9536290172629549,-3.6883116883116873,1.840975951987339,-39.0,39.04342700706222,35.58441558441558,-3.6883116883116873,52.0,-39.0,0.0,0.0,0.0,0.0,1,1,1,1,1
622,0.622,35.63636363636364,-3.7272727272727266,52.0,-39.0,65.0,34.68094503014988,0.0,50.15790194648856,0.0,-1.2879161001150543,0.9554186062137617,-3.7272727272727266,1.8420980535114424,-39.0,39.043479932490015,35.63636363636364,-3.7272727272727266,52.0,-39.0,0.0,0.0,0.0,0.0,1,1,1,1,1
623,0.623,35.688311688311686,-3.766233766233766,52.0,-39.0,65.0,34.73110228813832,0.0,50.15661403038844,0.0,-1.4487969072839795,0.9572094001733689,-3.766233766233766,1.8433859696115604,-39.0,39.043540718446124,35.688311688311686,-3.766233766233766,52.0,-39.0,0.0,0.0,0.0,0.0,1,1,1,1,1
624,0.624,35.74025974025974,-3.8051948051948052,52.0,-39.0,65.0,34.78125817777025,0.0,50.155165233481156,0.0,-1.6022208726587401,0.9590015624894903,-3.8051948051948052,1.8448347665188436,-39.0,39.04360914817887,35.74025974025974,-3.8051948051948052,52.0,-39.0,0.0,0.0,0.0,0.0,1,1,1,1,1
625,0.625,35.79220779220779,-3.8441558441558445,52.0,-39.0,65.0,34.83141254189329,0.0,50.1535630126085,0.0,-1.7445370683279875,0.9607952503144972,-3.8441558441558445,1.846436987391499,-39.0,39.043684886911066,35.79220779220779,-3.8441558441558445,52.0,-39.0,0.0,0.0,0.0,0.0,1,1,1,1,1
626,0.626,35.84415584415584,-3.883116883116884,52.0,-39.0,65.0,34.881565232637364,0.0,50.151818475540175,0.0,-1.8704373508522933,0.962590611518479,-3.883116883116884,1.8481815244598252,-39.0,39.04376742768754,35.84415584415584,-3.883116883116884,52.0,-39.0,0.0,0.0,0.0,0.0,1,1,1,1,1
627,0.627,35.896103896103895,-3.9220779220779214,52.0,-39.0,65.0,34.93171611589423,0.0,50.14994803818932,0.0,-1.9721785896815958,0.9643877802096625,-3.9220779220779214,1.8500519618106779,-39.0,39.04385601168767,35.896103896103895,-3.9220779220779214,52.0,-39.0,0.0,0.0,0.0,0.0,1,1,1,1,1
628,0.628,35.94805194805195,-3.9610389610389607,52.0,-39.0,65.0,34.981865077843125,0.0,50.14797585959964,0.0,-2.038439907957414,0.9661868702088228,-3.9610389610389607,1.85202414040036,-39.0,39.04394951098858,35.94805194805195,-3.9610389610389607,52.0,-39.0,0.0,0.0,0.0,0.0,1,1,1,1,1
629,0.629,36.0,-4.0,49.93438317382944,41.61198597819119,65.0,35.032012034482776,0.0,50.145937419691684,0.0,-2.052643651004045,0.9679879655172243,-4.0,-0.2115542458622457,41.61198597819119,41.612523742836395,36.0,-4.0,49.93438317382944,41.61198597819119,0.0,0.0,0.0,0.0,1,1,1,1,1
630,0.63,36.04979253112033,-3.95850622406639,49.93438317382944,41.61198597819119,65.0,35.08215694558064,0.0,50.14388477604068,0.0,-2.066509929553978,0.9676355855396892,-3.95850622406639,-0.20950160221124037,41.61198597819119,41.61251335800939,36.04979253112033,-3.95850622406639,49.93438317382944,41.61198597819119,0.0,0.0,0.0,0.0,1,1,1,1,1
631,0.631,36.09958506224066,-3.91701244813278,49.93438317382944,41.61198597819119,65.0,35.132299797101716,0.0,50.14181826611112,0.0,-2.0800407071009523,0.9672852651389476,-3.91701244813278,-0.20743509228168477,41.61198597819119,41.612503005307076,36.09958506224066,-3.91701244813278,49.93438317382944,41.61198597819119,0.0,0.0,0.0,0.0,1,1,1,1,1
632,0.632,36.149377593360995,-3.87551867219917,49.93438317382944,41.61198597819119,65.0,35.18244057534748,0.0,50.139738225404024,0.0,-2.093237960346716,0.9669370180135175,-3.87551867219917,-0.20535505157458545,41.61198597819119,41.612492688451,36.149377593360995,-3.87551867219917,49.93438317382944,41.61198597819119,0.0,0.0,0.0,0.0,1,1,1,1,1
633,0.633,36.19917012448133,-3.8340248962655603,49.93438317382944,41.61198597819119,65.0,35.2325792669539,0.0,50.13764498744368,0.0,-2.1061036788758596,0.9665908575274287,-3.8340248962655603,-0.20326181361424034,41.61198597819119,41.612482411099364,36.19917012448133,-3.8340248962655603,49.93438317382944,41.61198597819119,0.0,0.0,0.0,0.0,1,1,1,1,1
634,0.634,36.24896265560166,-3.79253112033195,49.93438317382944,41.61198597819119,65.0,35.2827158588895,0.0,50.1355388837648,0.0,-2.1186398648448703,0.9662467967121557,-3.79253112033195,-0.2011557099353638,41.61198597819119,41.61247217684645,36.24896265560166,-3.79253112033195,49.93438317382944,41.61198597819119,0.0,0.0,0.0,0.0,1,1,1,1,1
635,0.635,36.29875518672199,-3.7510373443983402,49.93438317382944,41.61198597819119,65.0,35.33285033845333,0.0,50.133420243899955,0.0,-2.1308485326589475,0.9659048482686572,-3.7510373443983402,-0.19903707007051707,41.61198597819119,41.61246198922196,36.29875518672199,-3.7510373443983402,49.93438317382944,41.61198597819119,0.0,0.0,0.0,0.0,1,1,1,1,1
636,0.636,36.34854771784232,-3.7095435684647304,49.93438317382944,41.61198597819119,65.0,35.38298269327297,0.0,50.1312893953673,0.0,-2.1427317086617474,0.9655650245693508,-3.7095435684647304,-0.19690622153785853,41.61198597819119,41.61245185169051,36.34854771784232,-3.7095435684647304,49.93438317382944,41.61198597819119,0.0,0.0,0.0,0.0,1,1,1,1,1
637,0.637,36.398340248962654,-3.66804979253112,49.93438317382944,41.61198597819119,65.0,35.43311291130249,0.0,50.12914666365864,0.0,-2.154291430819112,0.965227337660167,-3.66804979253112,-0.19476348982919944,41.61198597819119,41.61244176765106,36.398340248962654,-3.66804979253112,49.93438317382944,41.61198597819119,0.0,0.0,0.0,0.0,1,1,1,1,1
638,0.638,36.448132780082986,-3.6265560165975104,49.93438317382944,41.61198597819119,65.0,35.483240980820426,0.0,50.12699237222782,0.0,-2.1655297484104596,0.9648917992625599,-3.6265560165975104,-0.19260919839837953,41.61198597819119,41.61243174043651,36.448132780082986,-3.6265560165975104,49.93438317382944,41.61198597819119,0.0,0.0,0.0,0.0,1,1,1,1,1
639,0.639,36.49792531120332,-3.5850622406639006,49.93438317382944,41.61198597819119,65.0,35.53336689042778,0.0,50.12482684247941,0.0,-2.1764487217208544,0.9645584207755391,-3.5850622406639006,-0.1904436686499693,41.61198597819119,41.61242177331319,36.49792531120332,-3.5850622406639006,49.93438317382944,41.61198597819119,0.0,0.0,0.0,0.0,1,1,1,1,1
640,0.64,36.54771784232365,-3.5435684647302903,49.93438317382944,41.61198597819119,65.0,35.5834906290459,0.0,50.12265039375769,0.0,-2.187050421731832,0.9642272132777521,-3.5435684647302903,-0.18826721992824957,41.61198597819119,41.61241186948048,36.54771784232365,-3.5435684647302903,49.93438317382944,41.61198597819119,0.0,0.0,0.0,0.0,1,1,1,1,1
641,0.641,36.59751037344398,-3.5020746887966805,49.93438317382944,41.61198597819119,65.0,35.633612185914444,0.0,50.120463343335956,0.0,-2.1973369298173564,0.9638981875295372,-3.5020746887966805,-0.18608016950651773,41.61198597819119,41.612402032070484,36.59751037344398,-3.5020746887966805,49.93438317382944,41.61198597819119,0.0,0.0,0.0,0.0,1,1,1,1,1
642,0.642,36.64730290456431,-3.4605809128630707,49.93438317382944,41.61198597819119,65.0,35.683731550589314,0.0,50.11826600640614,0.0,-2.2073103374412955,0.9635713539749986,-3.4605809128630707,-0.18388283257669968,41.61198597819119,41.61239226414767,36.64730290456431,-3.4605809128630707,49.93438317382944,41.61198597819119,0.0,0.0,0.0,0.0,1,1,1,1,1
643,0.643,36.697095435684645,-3.4190871369294604,49.93438317382944,41.61198597819119,65.0,35.733848712940556,0.0,50.1160586960687,0.0,-2.216972745856691,0.9632467227440884,-3.4190871369294604,-0.1816755222392601,41.61198597819119,41.612382568708576,36.697095435684645,-3.4190871369294604,49.93438317382944,41.61198597819119,0.0,0.0,0.0,0.0,1,1,1,1,1
644,0.644,36.74688796680498,-3.3775933609958506,49.93438317382944,41.61198597819119,65.0,35.78396366315025,0.0,50.11384172332284,0.0,-2.226326265804709,0.9629243036547237,-3.3775933609958506,-0.179458549493404,41.61198597819119,41.61237294868158,36.74688796680498,-3.3775933609958506,49.93438317382944,41.61198597819119,0.0,0.0,0.0,0.0,1,1,1,1,1
645,0.645,36.79668049792531,-3.336099585062241,49.93438317382944,41.61198597819119,65.0,35.83407639171045,0.0,50.11161539705704,0.0,-2.2353730172210877,0.9626041062148616,-3.336099585062241,-0.17723222322759824,41.61198597819119,41.61236340692668,36.79668049792531,-3.336099585062241,49.93438317382944,41.61198597819119,0.0,0.0,0.0,0.0,1,1,1,1,1
646,0.646,36.84647302904564,-3.2946058091286305,49.93438317382944,41.61198597819119,65.0,35.884186889420995,0.0,50.109380024039815,0.0,-2.2441151289381387,0.9622861396246449,-3.2946058091286305,-0.17499685021037692,41.61198597819119,41.612353946235295,36.84647302904564,-3.2946058091286305,49.93438317382944,41.61198597819119,0.0,0.0,0.0,0.0,1,1,1,1,1
647,0.647,36.89626556016597,-3.2531120331950207,49.93438317382944,41.61198597819119,65.0,35.93429514738747,0.0,50.10713590891088,0.0,-2.2525547383943767,0.9619704127784985,-3.2531120331950207,-0.1727527350814384,41.61198597819119,41.612344569330126,36.89626556016597,-3.2531120331950207,49.93438317382944,41.61198597819119,0.0,0.0,0.0,0.0,1,1,1,1,1
648,0.648,36.946058091286304,-3.211618257261411,49.93438317382944,41.61198597819119,65.0,35.984401157019015,0.0,50.10488335417248,0.0,-2.260693991341085,0.9616569342672889,-3.211618257261411,-0.1705001803430406,41.61198597819119,41.61233527886506,36.946058091286304,-3.211618257261411,49.93438317382944,41.61198597819119,0.0,0.0,0.0,0.0,1,1,1,1,1
649,0.649,36.995850622406635,-3.170124481327801,49.93438317382944,41.61198597819119,65.0,36.03450491002619,0.0,50.10262266018114,0.0,-2.268535041556498,0.9613457123804423,-3.170124481327801,-0.16823948635170183,41.61198597819119,41.612326077425045,36.995850622406635,-3.170124481327801,49.93438317382944,41.61198597819119,0.0,0.0,0.0,0.0,1,1,1,1,1
650,0.65,37.04564315352697,-3.128630705394191,49.93438317382944,41.61198597819119,65.0,36.084606398418856,0.0,50.10035412513958,0.0,-2.276080050556261,0.9610367551081112,-3.128630705394191,-0.16597095131014328,41.61198597819119,41.612316967526084,37.04564315352697,-3.128630705394191,49.93438317382944,41.61198597819119,0.0,0.0,0.0,0.0,1,1,1,1,1
651,0.651,37.095435684647306,-3.087136929460581,49.93438317382944,41.61198597819119,65.0,36.13470561450397,0.0,50.098078045089025,0.0,-2.2833311873102384,0.9607300701433346,-3.087136929460581,-0.1636948712595867,41.61198597819119,41.61230795161519,37.095435684647306,-3.087136929460581,49.93438317382944,41.61198597819119,0.0,0.0,0.0,0.0,1,1,1,1,1
652,0.652,37.14522821576764,-3.045643153526971,49.93438317382944,41.61198597819119,65.0,36.18480255088347,0.0,50.09579471390172,0.0,-2.290290627959666,0.9604256648841698,-3.045643153526971,-0.16141154007227954,41.61198597819119,41.612299032070425,37.14522821576764,-3.045643153526971,49.93438317382944,41.61198597819119,0.0,0.0,0.0,0.0,1,1,1,1,1
653,0.653,37.19502074688797,-3.004149377593361,49.93438317382944,41.61198597819119,65.0,36.23489720045206,0.0,50.09350442327376,0.0,-2.296960555536841,0.9601235464359092,-3.004149377593361,-0.15912124944431838,41.61198597819119,41.612290211200886,37.19502074688797,-3.004149377593361,49.93438317382944,41.61198597819119,0.0,0.0,0.0,0.0,1,1,1,1,1
654,0.654,37.2448132780083,-2.962655601659751,49.93438317382944,41.61198597819119,65.0,36.284989556395054,0.0,50.09120746271822,0.0,-2.303343159684887,0.9598237216132475,-2.962655601659751,-0.15682428888877809,41.61198597819119,41.61228149124686,37.2448132780083,-2.962655601659751,49.93438317382944,41.61198597819119,0.0,0.0,0.0,0.0,1,1,1,1,1
655,0.655,37.29460580912863,-2.921161825726141,49.93438317382944,41.61198597819119,65.0,36.33507961218619,0.0,50.088904119558535,0.0,-2.309440636384879,0.9595261969424413,-2.921161825726141,-0.15452094572909658,41.61198597819119,41.612272874379855,37.29460580912863,-2.921161825726141,49.93438317382944,41.61198597819119,0.0,0.0,0.0,0.0,1,1,1,1,1
656,0.656,37.344398340248965,-2.879668049792531,49.93438317382944,41.61198597819119,65.0,36.38516736158544,0.0,50.08659467892215,0.0,-2.3152551876786074,0.9592309786635269,-2.879668049792531,-0.15221150509270842,41.61198597819119,41.61226436270277,37.344398340248965,-2.879668049792531,49.93438317382944,41.61198597819119,0.0,0.0,0.0,0.0,1,1,1,1,1
657,0.657,37.3941908713693,-2.838174273858921,49.93438317382944,41.61198597819119,65.0,36.43525279863677,0.0,50.084279423734465,0.0,-2.320789021396247,0.9589380727325292,-2.838174273858921,-0.14989624990502648,41.61198597819119,41.61225595825004,37.3941908713693,-2.838174273858921,49.93438317382944,41.61198597819119,0.0,0.0,0.0,0.0,1,1,1,1,1
658,0.658,37.44398340248963,-2.796680497925311,49.93438317382944,41.61198597819119,65.0,36.48533591766599,0.0,50.08195863471307,0.0,-2.3260443508884476,0.9586474848236364,-2.796680497925311,-0.14757546088362972,41.61198597819119,41.61224766298782,37.44398340248963,-2.796680497925311,49.93438317382944,41.61198597819119,0.0,0.0,0.0,0.0,1,1,1,1,1
659,0.659,37.49377593360996,-2.7551867219917012,49.93438317382944,41.61198597819119,65.0,36.53541671327853,0.0,50.07963259036218,0.0,-2.3310233947567194,0.9583592203314311,-2.7551867219917012,-0.14524941653274226,41.61198597819119,41.6122394788142,37.49377593360996,-2.7551867219917012,49.93438317382944,41.61198597819119,0.0,0.0,0.0,0.0,1,1,1,1,1
660,0.66,37.54356846473029,-2.7136929460580914,49.93438317382944,41.61198597819119,65.0,36.58549518035719,0.0,50.07730156696742,0.0,-2.3357283765881465,0.9580732843730999,-2.7136929460580914,-0.1429183931379825,41.61198597819119,41.612231407559456,37.54356846473029,-2.7136929460580914,49.93438317382944,41.61198597819119,0.0,0.0,0.0,0.0,1,1,1,1,1
661,0.661,37.593360995850624,-2.6721991701244816,49.93438317382944,41.61198597819119,65.0,36.635571314059966,0.0,50.074965838590835,0.0,-2.3401615246913487,0.9577896817906577,-2.6721991701244816,-0.14058266476139636,41.61198597819119,41.61222345098627,37.593360995850624,-2.6721991701244816,49.93438317382944,41.61198597819119,0.0,0.0,0.0,0.0,1,1,1,1,1
662,0.662,37.643153526970956,-2.6307053941908713,49.93438317382944,41.61198597819119,65.0,36.68564510981779,0.0,50.07262567706614,0.0,-2.34432507183586,0.9575084171531643,-2.6307053941908713,-0.13824250323670384,41.61198597819119,41.61221561079008,37.643153526970956,-2.6307053941908713,49.93438317382944,41.61198597819119,0.0,0.0,0.0,0.0,1,1,1,1,1
663,0.663,37.69294605809129,-2.5892116182572615,49.93438317382944,41.61198597819119,65.0,36.735716563332325,0.0,50.0702813519943,0.0,-2.3482212549913677,0.9572294947589626,-2.5892116182572615,-0.13589817816486516,41.61198597819119,41.612207888599336,37.69294605809129,-2.5892116182572615,49.93438317382944,41.61198597819119,0.0,0.0,0.0,0.0,1,1,1,1,1
664,0.664,37.74273858921162,-2.5477178423236513,49.93438317382944,41.61198597819119,65.0,36.78578567057369,0.0,50.06793313073931,0.0,-2.3518523150696216,0.9569529186379313,-2.5477178423236513,-0.13354995690987437,41.61198597819119,41.61220028597588,37.74273858921162,-2.5477178423236513,49.93438317382944,41.61198597819119,0.0,0.0,0.0,0.0,1,1,1,1,1
665,0.665,37.79253112033195,-2.5062240663900415,49.93438317382944,41.61198597819119,65.0,36.83585242777827,0.0,50.06558127842424,0.0,-2.355220496672442,0.9566786925536803,-2.5062240663900415,-0.13119810459480163,41.61198597819119,41.612192804415265,37.79253112033195,-2.5062240663900415,49.93438317382944,41.61198597819119,0.0,0.0,0.0,0.0,1,1,1,1,1
666,0.666,37.84232365145228,-2.4647302904564317,49.93438317382944,41.61198597819119,65.0,36.885916831446444,0.0,50.063226057927565,0.0,-2.35832804783499,0.9564068200058387,-2.4647302904564317,-0.12884288409812683,41.61198597819119,41.61218544534717,37.84232365145228,-2.4647302904564317,49.93438317382944,41.61198597819119,0.0,0.0,0.0,0.0,1,1,1,1,1
667,0.667,37.892116182572614,-2.423236514522822,49.93438317382944,41.61198597819119,65.0,36.93597887834035,0.0,50.06086772987973,0.0,-2.3611772197779906,0.9561373042322643,-2.423236514522822,-0.1264845560502934,41.61198597819119,41.61217821013579,37.892116182572614,-2.423236514522822,49.93438317382944,41.61198597819119,0.0,0.0,0.0,0.0,1,1,1,1,1
668,0.668,37.941908713692946,-2.3817427385892116,49.93438317382944,41.61198597819119,65.0,36.98603856548162,0.0,50.058506552659956,0.0,-2.3637702666559766,0.955870148211325,-2.3817427385892116,-0.12412337883051805,41.61198597819119,41.61217110008023,37.941908713692946,-2.3817427385892116,49.93438317382944,41.61198597819119,0.0,0.0,0.0,0.0,1,1,1,1,1
669,0.669,37.99170124481328,-2.340248962655602,49.93438317382944,41.61198597819119,65.0,37.03609589014915,0.0,50.0561427823933,0.0,-2.3661094453129654,0.9556053546641294,-2.340248962655602,-0.12175960856386325,41.61198597819119,41.61216411641502,37.99170124481328,-2.340248962655602,49.93438317382944,41.61198597819119,0.0,0.0,0.0,0.0,1,1,1,1,1
670,0.67,38.04149377593361,-2.2987551867219915,49.93438317382944,41.61198597819119,65.0,37.08615084987682,0.0,50.05377667294799,0.0,-2.3681970150371234,0.9553429260567867,-2.2987551867219915,-0.11939349911855146,41.61198597819119,41.612157260310504,38.04149377593361,-2.2987551867219915,49.93438317382944,41.61198597819119,0.0,0.0,0.0,0.0,1,1,1,1,1
671,0.671,38.09128630705394,-2.2572614107883817,49.93438317382944,41.61198597819119,65.0,37.13620344245126,0.0,50.05140847593295,0.0,-2.370035237317765,0.9550828646026801,-2.2572614107883817,-0.1170253021035137,41.61198597819119,41.612150532873365,38.09128630705394,-2.2572614107883817,49.93438317382944,41.61198597819119,0.0,0.0,0.0,0.0,1,1,1,1,1
672,0.672,38.14107883817427,-2.215767634854772,49.93438317382944,41.61198597819119,65.0,37.186253665909575,0.0,50.04903844069563,0.0,-2.3716263756072444,0.9548251722646981,-2.215767634854772,-0.11465526686619398,41.61198597819119,41.61214393514711,38.14107883817427,-2.215767634854772,49.93438317382944,41.61198597819119,0.0,0.0,0.0,0.0,1,1,1,1,1
673,0.673,38.190871369294605,-2.174273858921162,49.93438317382944,41.61198597819119,65.0,37.23630151853708,0.0,50.04666681432003,0.0,-2.3729726950807515,0.9545698507575224,-2.174273858921162,-0.11228364049058825,41.61198597819119,41.61213746811262,38.190871369294605,-2.174273858921162,49.93438317382944,41.61198597819119,0.0,0.0,0.0,0.0,1,1,1,1,1
674,0.674,38.24066390041494,-2.132780082987552,49.93438317382944,41.61198597819119,65.0,37.28634699886505,0.0,50.04429384162495,0.0,-2.37407646240112,0.9543169015498876,-2.132780082987552,-0.10991066779551062,41.61198597819119,41.612131132688646,38.24066390041494,-2.132780082987552,49.93438317382944,41.61198597819119,0.0,0.0,0.0,0.0,1,1,1,1,1
675,0.675,38.29045643153527,-2.091286307053942,49.93438317382944,41.61198597819119,65.0,37.33639010566844,0.0,50.04191976516255,0.0,-2.3749399454870583,0.954066325866826,-2.091286307053942,-0.10753659133310833,41.61198597819119,41.61212492973239,38.29045643153527,-2.091286307053942,49.93438317382944,41.61198597819119,0.0,0.0,0.0,0.0,1,1,1,1,1
676,0.676,38.3402489626556,-2.0497925311203318,49.93438317382944,41.61198597819119,65.0,37.38643083796364,0.0,50.03954482521706,0.0,-2.3755654132787356,0.9538181246919635,-2.0497925311203318,-0.10516165138761835,41.61198597819119,41.61211886004008,38.3402489626556,-2.0497925311203318,49.93438317382944,41.61198597819119,0.0,0.0,0.0,0.0,1,1,1,1,1
677,0.677,38.39004149377593,-2.008298755186722,49.93438317382944,41.61198597819119,65.0,37.43646919500615,0.0,50.037169259803775,0.0,-2.375955135508979,0.9535722987697852,-2.008298755186722,-0.10278608597433703,41.61198597819119,41.61211292434753,38.39004149377593,-2.008298755186722,49.93438317382944,41.61198597819119,0.0,0.0,0.0,0.0,1,1,1,1,1
678,0.678,38.439834024896264,-1.9668049792531122,49.93438317382944,41.61198597819119,65.0,37.48650517628838,0.0,50.03479330466827,0.0,-2.3761113824786366,0.9533288486078817,-1.9668049792531122,-0.10041013083883144,41.61198597819119,41.61210712333077,38.439834024896264,-1.9668049792531122,49.93438317382944,41.61198597819119,0.0,0.0,0.0,0.0,1,1,1,1,1
679,0.679,38.489626556016596,-1.925311203319502,49.93438317382944,41.61198597819119,65.0,37.53653878153736,0.0,50.03241719328579,0.0,-2.3760364248283143,0.9530877744792363,-1.925311203319502,-0.0980340194563496,41.61198597819119,41.61210145760667,38.489626556016596,-1.925311203319502,49.93438317382944,41.61198597819119,0.0,0.0,0.0,0.0,1,1,1,1,1
680,0.68,38.53941908713693,-1.883817427385892,49.93438317382944,41.61198597819119,65.0,37.586570010712435,0.0,50.03004115686096,0.0,-2.3757325333186894,0.9528490764244921,-1.883817427385892,-0.09565798303152206,41.61198597819119,41.612095927733534,38.53941908713693,-1.883817427385892,49.93438317382944,41.61198597819119,0.0,0.0,0.0,0.0,1,1,1,1,1
681,0.681,38.58921161825726,-1.8423236514522818,49.93438317382944,41.61198597819119,65.0,37.63659886400303,0.0,50.027665424327644,0.0,-2.3752019786063148,0.9526127542542326,-1.8423236514522818,-0.0932822504982056,41.61198597819119,41.61209053421179,38.58921161825726,-1.8423236514522818,49.93438317382944,41.61198597819119,0.0,0.0,0.0,0.0,1,1,1,1,1
682,0.682,38.63900414937759,-1.800829875518672,49.93438317382944,41.61198597819119,65.0,37.68662534182637,0.0,50.025290222349035,0.0,-2.37444703102945,0.9523788075512201,-1.800829875518672,-0.09090704851959686,41.61198597819119,41.6120852774846,38.63900414937759,-1.800829875518672,49.93438317382944,41.61198597819119,0.0,0.0,0.0,0.0,1,1,1,1,1
683,0.683,38.68879668049792,-1.7593360995850622,49.93438317382944,41.61198597819119,65.0,37.736649444825204,0.0,50.022915775318005,0.0,-2.373469960386477,0.9521472356727188,-1.7593360995850622,-0.08853260148856634,41.61198597819119,41.61208015793859,38.68879668049792,-1.7593360995850622,49.93438317382944,41.61198597819119,0.0,0.0,0.0,0.0,1,1,1,1,1
684,0.684,38.738589211618255,-1.7178423236514524,49.93438317382944,41.61198597819119,65.0,37.78667117386554,0.0,50.020542305357615,0.0,-2.3722730357268973,0.9519180377527121,-1.7178423236514524,-0.08615913152817711,41.61198597819119,41.61207517590449,38.738589211618255,-1.7178423236514524,49.93438317382944,41.61198597819119,0.0,0.0,0.0,0.0,1,1,1,1,1
685,0.685,38.788381742738586,-1.6763485477178421,49.93438317382944,41.61198597819119,65.0,37.83669053003438,0.0,50.01817003232189,0.0,-2.370858525136238,0.9516912127042048,-1.6763485477178421,-0.08378685849245215,41.61198597819119,41.61207033165781,38.788381742738586,-1.6763485477178421,49.93438317382944,41.61198597819119,0.0,0.0,0.0,0.0,1,1,1,1,1
686,0.686,38.83817427385892,-1.6348547717842323,49.93438317382944,41.61198597819119,65.0,37.88670751463744,0.0,50.01579917379676,0.0,-2.369228695527643,0.951466759221475,-1.6348547717842323,-0.08141599996731941,41.61198597819119,41.612065625419646,38.83817427385892,-1.6348547717842323,49.93438317382944,41.61198597819119,0.0,0.0,0.0,0.0,1,1,1,1,1
687,0.687,38.88796680497925,-1.5933609958506225,49.93438317382944,41.61198597819119,65.0,37.936722129196895,0.0,50.01342994510123,0.0,-2.3673858124329854,0.9512446757823554,-1.5933609958506225,-0.07904677127179127,41.61198597819119,41.612061057357266,38.88796680497925,-1.5933609958506225,49.93438317382944,41.61198597819119,0.0,0.0,0.0,0.0,1,1,1,1,1
688,0.6880000000000001,38.93775933609958,-1.5518672199170127,49.93438317382944,41.61198597819119,65.0,37.98673437544909,0.0,50.011062559288796,0.0,-2.3653321397981246,0.9510249606504928,-1.5518672199170127,-0.07667938545935726,41.61198597819119,41.61205662758493,38.93775933609958,-1.5518672199170127,49.93438317382944,41.61198597819119,0.0,0.0,0.0,0.0,1,1,1,1,1
689,0.6890000000000001,38.98755186721992,-1.5103734439834025,49.93438317382944,41.61198597819119,65.0,38.036744255342306,0.0,50.008697227149,0.0,-2.36306993978012,0.9508076118776145,-1.5103734439834025,-0.07431405331956142,41.61198597819119,41.612052336164595,38.98755186721992,-1.5103734439834025,49.93438317382944,41.61198597819119,0.0,0.0,0.0,0.0,1,1,1,1,1
690,0.69,39.03734439834025,-1.4688796680497926,49.93438317382944,41.61198597819119,65.0,38.086751771034486,0.0,50.00633415720922,0.0,-2.3606014725460907,0.9505926273057668,-1.4688796680497926,-0.07195098337977868,41.61198597819119,41.61204818310665,39.03734439834025,-1.4688796680497926,49.93438317382944,41.61198597819119,0.0,0.0,0.0,0.0,1,1,1,1,1
691,0.6910000000000001,39.087136929460584,-1.4273858921161828,49.93438317382944,41.61198597819119,65.0,38.13675692489096,0.0,50.00397355573667,0.0,-2.3579289960724465,0.9503800045696238,-1.4273858921161828,-0.06959038190723277,41.61198597819119,41.61204416837071,39.087136929460584,-1.4273858921161828,49.93438317382944,41.61198597819119,0.0,0.0,0.0,0.0,1,1,1,1,1
692,0.692,39.136929460580916,-1.3858921161825726,49.93438317382944,41.61198597819119,65.0,38.186759719482204,0.0,50.0016156267406,0.0,-2.3550547659503844,0.950169741098712,-1.3858921161825726,-0.06723245291116342,41.61198597819119,41.61204029186631,39.136929460580916,-1.3858921161825726,49.93438317382944,41.61198597819119,0.0,0.0,0.0,0.0,1,1,1,1,1
693,0.6930000000000001,39.18672199170125,-1.3443983402489628,49.93438317382944,41.61198597819119,65.0,38.236760157581564,0.0,49.99926057197465,0.0,-2.3519810351886123,0.9499618341196836,-1.3443983402489628,-0.06487739814521376,41.61198597819119,41.61203655345374,39.18672199170125,-1.3443983402489628,49.93438317382944,41.61198597819119,0.0,0.0,0.0,0.0,1,1,1,1,1
694,0.694,39.23651452282158,-1.302904564315353,49.93438317382944,41.61198597819119,65.0,38.28675824216302,0.0,49.99690859093946,0.0,-2.3487100540235617,0.949756280658562,-1.302904564315353,-0.0625254171100238,41.61198597819119,41.612032952944816,39.23651452282158,-1.302904564315353,49.93438317382944,41.61198597819119,0.0,0.0,0.0,0.0,1,1,1,1,1
695,0.6950000000000001,39.28630705394191,-1.2614107883817427,49.93438317382944,41.61198597819119,65.0,38.33675397639893,0.0,49.99455988088544,0.0,-2.3452440697288353,0.9495530775429799,-1.2614107883817427,-0.06017670705600153,41.61198597819119,41.61202949010361,39.28630705394191,-1.2614107883817427,49.93438317382944,41.61198597819119,0.0,0.0,0.0,0.0,1,1,1,1,1
696,0.696,39.33609958506224,-1.2199170124481329,49.93438317382944,41.61198597819119,65.0,38.38674736365778,0.0,49.99221463681571,0.0,-2.3415853264243673,0.9493522214044603,-1.2199170124481329,-0.05783146298627173,41.61198597819119,41.612026164647304,39.33609958506224,-1.2199170124481329,49.93438317382944,41.61198597819119,0.0,0.0,0.0,0.0,1,1,1,1,1
697,0.6970000000000001,39.385892116182575,-1.178423236514523,49.93438317382944,41.61198597819119,65.0,38.436738407501934,0.0,49.98987305148928,0.0,-2.337736064892496,0.9491537086806403,-1.178423236514523,-0.05548987765984492,41.61198597819119,41.61202297624694,39.385892116182575,-1.178423236514523,49.93438317382944,41.61198597819119,0.0,0.0,0.0,0.0,1,1,1,1,1
698,0.698,39.43568464730291,-1.1369294605809133,49.93438317382944,41.61198597819119,65.0,38.48672711168539,0.0,49.98753531542439,0.0,-2.3336985223938633,0.9489575356175166,-1.1369294605809133,-0.05315214159494985,41.61198597819119,41.612019924528255,39.43568464730291,-1.1369294605809133,49.93438317382944,41.61198597819119,0.0,0.0,0.0,0.0,1,1,1,1,1
699,0.6990000000000001,39.48547717842324,-1.0954356846473026,49.93438317382944,41.61198597819119,65.0,38.536713480151555,0.0,49.985201616901996,0.0,-2.3294749324855824,0.9487636982716836,-1.0954356846473026,-0.050818443072557784,41.61198597819119,41.612017009072474,39.48547717842324,-1.0954356846473026,49.93438317382944,41.61198597819119,0.0,0.0,0.0,0.0,1,1,1,1,1
700,0.7,39.53526970954357,-1.0539419087136928,49.93438317382944,41.61198597819119,65.0,38.586697517030984,0.0,49.98287214196951,0.0,-2.3250675248399872,0.9485721925125858,-1.0539419087136928,-0.0484889681400702,41.61198597819119,41.612014229417106,39.53526970954357,-1.0539419087136928,49.93438317382944,41.61198597819119,0.0,0.0,0.0,0.0,1,1,1,1,1
701,0.7010000000000001,39.5850622406639,-1.012448132780083,49.93438317382944,41.61198597819119,65.0,38.63667922663919,0.0,49.980547074444665,0.0,-2.320478525070618,0.9483830140247136,-1.012448132780083,-0.046163900615226794,41.61198597819119,41.61201158505679,39.5850622406639,-1.012448132780083,49.93438317382944,41.61198597819119,0.0,0.0,0.0,0.0,1,1,1,1,1
702,0.702,39.634854771784234,-0.9709543568464731,49.93438317382944,41.61198597819119,65.0,38.68665861347437,0.0,49.978226595919594,0.0,-2.31571015455385,0.9481961583098624,-0.9709543568464731,-0.04384342209015557,41.61198597819119,41.612009075444085,39.634854771784234,-0.9709543568464731,49.93438317382944,41.61198597819119,0.0,0.0,0.0,0.0,1,1,1,1,1
703,0.703,39.684647302904565,-0.9294605809128629,49.93438317382944,41.61198597819119,65.0,38.736635682215216,0.0,49.97591088576504,0.0,-2.3107646302561533,0.9480116206893499,-0.9294605809128629,-0.041527711935600564,41.61198597819119,41.61200669999032,39.684647302904565,-0.9294605809128629,49.93438317382944,41.61198597819119,0.0,0.0,0.0,0.0,1,1,1,1,1
704,0.704,39.7344398340249,-0.8879668049792531,49.93438317382944,41.61198597819119,65.0,38.786610437718664,0.0,49.97360012113478,0.0,-2.3056441645632098,0.9478293963062328,-0.8879668049792531,-0.03921694730534142,41.61198597819119,41.61200445806638,39.7344398340249,-0.8879668049792531,49.93438317382944,41.61198597819119,0.0,0.0,0.0,0.0,1,1,1,1,1
705,0.705,39.78423236514523,-0.8464730290456433,49.93438317382944,41.61198597819119,65.0,38.83658288501772,0.0,49.971294476970215,0.0,-2.3003509651122913,0.9476494801275095,-0.8464730290456433,-0.0369113031407764,41.61198597819119,41.61200234900359,39.78423236514523,-0.8464730290456433,49.93438317382944,41.61198597819119,0.0,0.0,0.0,0.0,1,1,1,1,1
706,0.706,39.83402489626556,-0.8049792531120334,49.93438317382944,41.61198597819119,65.0,38.8865530293192,0.0,49.9689941260051,0.0,-2.2948872346221623,0.9474718669463584,-0.8049792531120334,-0.03461095217566168,41.61198597819119,41.61200037209448,39.83402489626556,-0.8049792531120334,49.93438317382944,41.61198597819119,0.0,0.0,0.0,0.0,1,1,1,1,1
707,0.707,39.88381742738589,-0.7634854771784232,49.93438317382944,41.61198597819119,65.0,38.93652087600159,0.0,49.96669923877048,0.0,-2.289255170732597,0.947296551384305,-0.7634854771784232,-0.032316064941042555,41.61198597819119,41.611998526593666,39.88381742738589,-0.7634854771784232,49.93438317382944,41.61198597819119,0.0,0.0,0.0,0.0,1,1,1,1,1
708,0.708,39.933609958506224,-0.7219917012448134,49.93438317382944,41.61198597819119,65.0,38.98648643061278,0.0,49.96440998359975,0.0,-2.2834569658387824,0.9471235278934458,-0.7219917012448134,-0.030026809770312468,41.61198597819119,41.611996811718676,39.933609958506224,-0.7219917012448134,49.93438317382944,41.61198597819119,0.0,0.0,0.0,0.0,1,1,1,1,1
709,0.709,39.983402489626556,-0.6804979253112036,49.93438317382944,41.61198597819119,65.0,39.0364496988679,0.0,49.96212652663391,0.0,-2.277494806929743,0.9469527907586581,-0.6804979253112036,-0.027743352804471044,41.61198597819119,41.611995226650755,39.983402489626556,-0.6804979253112036,49.93438317382944,41.61198597819119,0.0,0.0,0.0,0.0,1,1,1,1,1
710,0.71,40.03319502074689,-0.6390041493775929,49.93438317382944,41.61198597819119,65.0,39.086410686647135,0.0,49.95984903182698,0.0,-2.271370875433304,0.9467843340997533,-0.6390041493775929,-0.02546585799753842,41.61198597819119,41.611993770535726,40.03319502074689,-0.6390041493775929,49.93438317382944,41.61198597819119,0.0,0.0,0.0,0.0,1,1,1,1,1
711,0.711,40.08298755186722,-0.5975103734439831,49.93438317382944,41.61198597819119,65.0,39.13636939999353,0.0,49.95757766095154,0.0,-2.265087347056554,0.9466181518736931,-0.5975103734439831,-0.02319448712210459,41.61198597819119,41.61199244248481,40.08298755186722,-0.5975103734439831,49.93438317382944,41.61198597819119,0.0,0.0,0.0,0.0,1,1,1,1,1
712,0.712,40.13278008298755,-0.5560165975103732,49.93438317382944,41.61198597819119,65.0,39.18632584511081,0.0,49.95531257360449,0.0,-2.2586463916337576,0.9464542378767433,-0.5560165975103732,-0.020929399775049262,41.61198597819119,41.61199124157549,40.13278008298755,-0.5560165975103732,49.93438317382944,41.61198597819119,0.0,0.0,0.0,0.0,1,1,1,1,1
713,0.713,40.18257261410788,-0.5145228215767634,49.93438317382944,41.61198597819119,65.0,39.236280028361215,0.0,49.953053927212856,0.0,-2.252050172972281,0.9462925857466686,-0.5145228215767634,-0.01867075338341806,41.61198597819119,41.6119901668523,40.18257261410788,-0.5145228215767634,49.93438317382944,41.61198597819119,0.0,0.0,0.0,0.0,1,1,1,1,1
714,0.714,40.232365145228215,-0.4730290456431532,49.93438317382944,41.61198597819119,65.0,39.28623195626334,0.0,49.950801877039886,0.0,-2.24530084870503,0.9461331889648719,-0.4730290456431532,-0.016418703210447916,41.61198597819119,41.61198921732768,40.232365145228215,-0.4730290456431532,49.93438317382944,41.61198597819119,0.0,0.0,0.0,0.0,1,1,1,1,1
715,0.715,40.28215767634855,-0.43153526970954337,49.93438317382944,41.61198597819119,65.0,39.33618163548996,0.0,49.94855657619118,0.0,-2.2384005701387784,0.9459760408585893,-0.43153526970954337,-0.014173402361741694,41.61198597819119,41.61198839198284,40.28215767634855,-0.43153526970954337,49.93438317382944,41.61198597819119,0.0,0.0,0.0,0.0,1,1,1,1,1
716,0.716,40.33195020746888,-0.39004149377593356,49.93438317382944,41.61198597819119,65.0,39.38612907286586,0.0,49.946318175621045,0.0,-2.23135148211133,0.9458211346030154,-0.39004149377593356,-0.011935001791606226,41.61198597819119,41.61198768976853,40.33195020746888,-0.39004149377593356,49.93438317382944,41.61198597819119,0.0,0.0,0.0,0.0,1,1,1,1,1
717,0.717,40.38174273858921,-0.34854771784232375,49.93438317382944,41.61198597819119,65.0,39.43607427536574,0.0,49.944086824138935,0.0,-2.2241557228455333,0.9456684632234698,-0.34854771784232375,-0.009703650309496936,41.61198597819119,41.61198710960593,40.38174273858921,-0.34854771784232375,49.93438317382944,41.61198597819119,0.0,0.0,0.0,0.0,1,1,1,1,1
718,0.718,40.43153526970954,-0.3070539419087135,49.93438317382944,41.61198597819119,65.0,39.48601725011202,0.0,49.94186266841609,0.0,-2.21681542380902,0.9455180195975217,-0.3070539419087135,-0.007479494586654312,41.61198597819119,41.61198665038741,40.43153526970954,-0.3070539419087135,49.93438317382944,41.61198597819119,0.0,0.0,0.0,0.0,1,1,1,1,1
719,0.719,40.481327800829874,-0.2655601659751037,49.93438317382944,41.61198597819119,65.0,39.53595800437273,0.0,49.939645852992285,0.0,-2.209332709572679,0.9453697964571433,-0.2655601659751037,-0.0052626791628469505,41.61198597819119,41.61198631097742,40.481327800829874,-0.2655601659751037,49.93438317382944,41.61198597819119,0.0,0.0,0.0,0.0,1,1,1,1,1
720,0.72,40.531120331950206,-0.22406639004149387,49.93438317382944,41.61198597819119,65.0,39.58589654555937,0.0,49.93743652028271,0.0,-2.2017096976729533,0.9452237863908337,-0.22406639004149387,-0.003053346453270933,41.61198597819119,41.6119860902133,40.531120331950206,-0.22406639004149387,49.93438317382944,41.61198597819119,0.0,0.0,0.0,0.0,1,1,1,1,1
721,0.721,40.58091286307054,-0.18257261410788406,49.93438317382944,41.61198597819119,65.0,39.63583288122481,0.0,49.93523481058504,0.0,-2.1939484984772104,0.9450799818457298,-0.18257261410788406,-0.0008516367555984061,41.61198597819119,41.61198598690605,40.58091286307054,-0.18257261410788406,49.93438317382944,41.61198597819119,0.0,0.0,0.0,0.0,1,1,1,1,1
722,0.722,40.63070539419087,-0.1410788381742738,49.93438317382944,41.61198597819119,65.0,39.68576701906114,0.0,49.93304086208656,0.0,-2.186051215048796,0.9449383751297304,-0.1410788381742738,0.0013423117428814635,41.61198597819119,41.61198599984122,40.63070539419087,-0.1410788381742738,49.93438317382944,41.61198597819119,0.0,0.0,0.0,0.0,1,1,1,1,1
723,0.723,40.6804979253112,-0.09958506224066399,49.93438317382944,41.61198597819119,65.0,39.735698966897615,0.0,49.93085481087151,0.0,-2.178019943017301,0.9447989584135854,-0.09958506224066399,0.003528362957929687,41.61198597819119,41.611986127779645,40.6804979253112,-0.09958506224066399,49.93438317382944,41.61198597819119,0.0,0.0,0.0,0.0,1,1,1,1,1
724,0.724,40.73029045643153,-0.05809128630705418,49.93438317382944,41.61198597819119,65.0,39.78562873269852,0.0,49.92867679092849,0.0,-2.1698567704464597,0.944661723733013,-0.05809128630705418,0.005706382900946494,41.61198597819119,41.611986369458336,40.73029045643153,-0.05809128630705418,49.93438317382944,41.61198597819119,0.0,0.0,0.0,0.0,1,1,1,1,1
725,0.725,40.780082987551864,-0.01659751037344437,49.93438317382944,41.61198597819119,65.0,39.83555632456106,0.0,49.92650693415805,0.0,-2.161563777705799,0.9445266629908033,-0.01659751037344437,0.00787623967138984,41.61198597819119,41.611986723591215,40.780082987551864,-0.01659751037344437,49.93438317382944,41.61198597819119,0.0,0.0,0.0,0.0,1,1,1,1,1
726,0.726,40.829875518672196,0.024896265560165887,49.93438317382944,41.61198597819119,65.0,39.88548175071333,0.0,49.924345370380344,0.0,-2.1531430373483538,0.9443937679588643,0.024896265560165887,0.01003780344909444,41.61198597819119,41.61198718886997,40.829875518672196,0.024896265560165887,49.93438317382944,41.61198597819119,0.0,0.0,0.0,0.0,1,1,1,1,1
727,0.727,40.87966804979253,0.0663900414937757,49.93438317382944,41.61198597819119,65.0,39.93540501951219,0.0,49.922192227343,0.0,-2.1445966139827193,0.9442630302803394,0.0663900414937757,0.01219094648644159,41.61198597819119,41.611987763964805,40.87966804979253,0.0663900414937757,49.93438317382944,41.61198597819119,0.0,0.0,0.0,0.0,1,1,1,1,1
728,0.728,40.92946058091286,0.10788381742738551,49.93438317382944,41.61198597819119,65.0,39.98532613944123,0.0,49.920047630729016,0.0,-2.1359265641558065,0.9441344414716326,0.10788381742738551,0.014335543100422399,41.61198597819119,41.61198844752527,40.92946058091286,0.10788381742738551,49.93438317382944,41.61198597819119,0.0,0.0,0.0,0.0,1,1,1,1,1
729,0.729,40.97925311203319,0.1493775933609962,49.93438317382944,41.61198597819119,65.0,40.03524511910867,0.0,49.91791170416486,0.0,-2.127134936228003,0.9440079929245186,0.1493775933609962,0.01647146966458024,41.61198597819119,41.611989238181025,40.97925311203319,0.1493775933609962,49.93438317382944,41.61198597819119,0.0,0.0,0.0,0.0,1,1,1,1,1
730,0.73,41.02904564315352,0.19087136929460602,49.93438317382944,41.61198597819119,65.0,40.08516196724537,0.0,49.91578456922863,0.0,-2.118223770259247,0.9438836759081539,0.19087136929460602,0.018598604600811086,41.61198597819119,41.61199013454264,41.02904564315352,0.19087136929460602,49.93438317382944,41.61198597819119,0.0,0.0,0.0,0.0,1,1,1,1,1
731,0.731,41.078838174273855,0.23236514522821583,49.93438317382944,41.61198597819119,65.0,40.13507669270271,0.0,49.91366634545837,0.0,-2.109195097891068,0.9437614815711441,0.23236514522821583,0.020716828371071472,41.61198597819119,41.61199113520234,41.078838174273855,0.23236514522821583,49.93438317382944,41.61198597819119,0.0,0.0,0.0,0.0,1,1,1,1,1
732,0.732,41.12863070539419,0.27385892116182564,49.93438317382944,41.61198597819119,65.0,40.184989304450625,0.0,49.91155715036047,0.0,-2.100050942234222,0.9436414009435623,0.27385892116182564,0.022826023468965673,41.61198597819119,41.61199223873483,41.12863070539419,0.27385892116182564,49.93438317382944,41.61198597819119,0.0,0.0,0.0,0.0,1,1,1,1,1
733,0.733,41.178423236514526,0.31535269709543634,49.93438317382944,41.61198597819119,65.0,40.23489981157551,0.0,49.90945709941824,0.0,-2.0907933177533384,0.9435234249390163,0.31535269709543634,0.024926074411197874,41.61198597819119,41.611993443698005,41.178423236514526,0.31535269709543634,49.93438317382944,41.61198597819119,0.0,0.0,0.0,0.0,1,1,1,1,1
734,0.734,41.22821576763486,0.35684647302904615,49.93438317382944,41.61198597819119,65.0,40.28480822327827,0.0,49.907366306100485,0.0,-2.081424230161859,0.9434075443565888,0.35684647302904615,0.027016867728953287,41.61198597819119,41.61199474863374,41.22821576763486,0.35684647302904615,49.93438317382944,41.61198597819119,0.0,0.0,0.0,0.0,1,1,1,1,1
735,0.735,41.27800829875519,0.39834024896265596,49.93438317382944,41.61198597819119,65.0,40.334714548872256,0.0,49.90528488187032,0.0,-2.071945676309684,0.9432937498829332,0.39834024896265596,0.02909829195911584,41.61198597819119,41.61199615206864,41.27800829875519,0.39834024896265596,49.93438317382944,41.61198597819119,0.0,0.0,0.0,0.0,1,1,1,1,1
736,0.736,41.32780082987552,0.4398340248962658,49.93438317382944,41.61198597819119,65.0,40.38461879778129,0.0,49.90321293619401,0.0,-2.0623596440787977,0.9431820320942279,0.4398340248962658,0.031170237635429032,41.61198597819119,41.611997652514766,41.32780082987552,0.4398340248962658,49.93438317382944,41.61198597819119,0.0,0.0,0.0,0.0,1,1,1,1,1
737,0.737,41.37759336099585,0.4813278008298756,49.93438317382944,41.61198597819119,65.0,40.434520979537666,0.0,49.90115057654993,0.0,-2.052668112277677,0.9430723814581867,0.4813278008298756,0.03323259727950756,41.61198597819119,41.61199924847042,41.37759336099585,0.4813278008298756,49.93438317382944,41.61198597819119,0.0,0.0,0.0,0.0,1,1,1,1,1
738,0.738,41.427385892116185,0.5228215767634854,49.93438317382944,41.61198597819119,65.0,40.484421103780164,0.0,49.89909790843765,0.0,-2.0428730505407486,0.9429647883360204,0.5228215767634854,0.035285265391785,41.61198597819119,41.612000938420806,41.427385892116185,0.5228215767634854,49.93438317382944,41.61198597819119,0.0,0.0,0.0,0.0,1,1,1,1,1
739,0.739,41.477178423236516,0.5643153526970952,49.93438317382944,41.61198597819119,65.0,40.534319180252076,0.0,49.89705503538711,0.0,-2.0329764192258044,0.94285924298444,0.5643153526970952,0.03732813844232652,41.61198597819119,41.61200272083885,41.477178423236516,0.5643153526970952,49.93438317382944,41.61198597819119,0.0,0.0,0.0,0.0,1,1,1,1,1
740,0.74,41.52697095435685,0.605809128630705,49.93438317382944,41.61198597819119,65.0,40.58421521879925,0.0,49.89502205896789,0.0,-2.0229801693169507,0.9427557355575971,0.605809128630705,0.03936111486154914,41.61198597819119,41.61200459418584,41.52697095435685,0.605809128630705,49.93438317382944,41.61198597819119,0.0,0.0,0.0,0.0,1,1,1,1,1
741,0.741,41.57676348547718,0.6473029045643157,49.93438317382944,41.61198597819119,65.0,40.634109229368136,0.0,49.892999078798574,0.0,-2.0128862423274314,0.9426542561090443,0.6473029045643157,0.04138409503086393,41.61198597819119,41.61200655691218,41.57676348547718,0.6473029045643157,49.93438317382944,41.61198597819119,0.0,0.0,0.0,0.0,1,1,1,1,1
742,0.742,41.62655601659751,0.6887966804979255,49.93438317382944,41.61198597819119,65.0,40.684001222003815,0.0,49.89098619255625,0.0,-2.0026965702035966,0.942554794593697,0.6887966804979255,0.04339698127319025,41.61198597819119,41.612008607458066,41.62655601659751,0.6887966804979255,49.93438317382944,41.61198597819119,0.0,0.0,0.0,0.0,1,1,1,1,1
743,0.743,41.67634854771784,0.7302904564315353,49.93438317382944,41.61198597819119,65.0,40.733891206848085,0.0,49.88898349598605,0.0,-1.9924130752324765,0.9424573408697583,0.7302904564315353,0.04539967784339183,41.61198597819119,41.61201074425422,41.67634854771784,0.7302904564315353,49.93438317382944,41.61198597819119,0.0,0.0,0.0,0.0,1,1,1,1,1
744,0.744,41.726141078838175,0.7717842323651452,49.93438317382944,41.61198597819119,65.0,40.78377919413753,0.0,49.88699108291081,0.0,-1.982037669951204,0.9423618847006452,0.7717842323651452,0.047392090918627616,41.61198597819119,41.612012965722556,41.726141078838175,0.7717842323651452,49.93438317382944,41.61198597819119,0.0,0.0,0.0,0.0,1,1,1,1,1
745,0.745,41.77593360995851,0.813278008298755,49.93438317382944,41.61198597819119,65.0,40.83366519420161,0.0,49.88500904524086,0.0,-1.9715722570574366,0.9422684157568995,0.813278008298755,0.04937412858858181,41.61198597819119,41.612015270276856,41.77593360995851,0.813278008298755,49.93438317382944,41.61198597819119,0.0,0.0,0.0,0.0,1,1,1,1,1
746,0.746,41.82572614107884,0.8547717842323648,49.93438317382944,41.61198597819119,65.0,40.88354921746072,0.0,49.8830374729838,0.0,-1.9610187293201289,0.9421769236181206,0.8547717842323648,0.051345700845637054,41.61198597819119,41.61201765632347,41.82572614107884,0.8547717842323648,49.93438317382944,41.61198597819119,0.0,0.0,0.0,0.0,1,1,1,1,1
747,0.747,41.87551867219917,0.8962655601659746,49.93438317382944,41.61198597819119,65.0,40.933431274424336,0.0,49.88107645425448,0.0,-1.9503789694960836,0.9420873977748343,0.8962655601659746,0.05330671957495525,41.61198597819119,41.61202012226194,41.87551867219917,0.8962655601659746,49.93438317382944,41.61198597819119,0.0,0.0,0.0,0.0,1,1,1,1,1
748,0.748,41.9253112033195,0.9377593360995853,49.93438317382944,41.61198597819119,65.0,40.983311375689105,0.0,49.87912607528499,0.0,-1.9396548502446278,0.9419998276303971,0.9377593360995853,0.05525709854445182,41.61198597819119,41.61202266648571,41.9253112033195,0.9377593360995853,49.93438317382944,41.61198597819119,0.0,0.0,0.0,0.0,1,1,1,1,1
749,0.749,41.975103734439834,0.9792531120331951,49.93438317382944,41.61198597819119,65.0,41.03318953193696,0.0,49.87718642043474,0.0,-1.9288482340453783,0.941914202502872,0.9792531120331951,0.057196753394698874,41.61198597819119,41.61202528738272,41.975103734439834,0.9792531120331951,49.93438317382944,41.61198597819119,0.0,0.0,0.0,0.0,1,1,1,1,1
750,0.75,42.024896265560166,1.020746887966805,49.93438317382944,41.61198597819119,65.0,41.083065753933276,0.0,49.875257572200695,0.0,-1.9179609731188991,0.9418305116268897,1.020746887966805,0.05912560162874314,41.61198597819119,41.61202798333612,42.024896265560166,1.020746887966805,49.93438317382944,41.61198597819119,0.0,0.0,0.0,0.0,1,1,1,1,1
751,0.751,42.0746887966805,1.0622406639004147,49.93438317382944,41.61198597819119,65.0,41.132940052524994,0.0,49.87333961122758,0.0,-1.9069949093478062,0.9417487441555039,1.0622406639004147,0.061043562601859946,41.61198597819119,41.61203075272481,42.0746887966805,1.0622406639004147,49.93438317382944,41.61198597819119,0.0,0.0,0.0,0.0,1,1,1,1,1
752,0.752,42.12448132780083,1.1037344398340245,49.93438317382944,41.61198597819119,65.0,41.18281243863876,0.0,49.87143261631823,0.0,-1.8959518741976455,0.9416688891620666,1.1037344398340245,0.0629505575112077,41.61198597819119,41.612033593924146,42.12448132780083,1.1037344398340245,49.93438317382944,41.61198597819119,0.0,0.0,0.0,0.0,1,1,1,1,1
753,0.753,42.17427385892116,1.1452282157676343,49.93438317382944,41.61198597819119,65.0,41.23268292327915,0.0,49.869536664444034,0.0,-1.8848336886467632,0.9415909356420116,1.1452282157676343,0.06484650938540426,41.61198597819119,41.61203650530649,42.17427385892116,1.1452282157676343,49.93438317382944,41.61198597819119,0.0,0.0,0.0,0.0,1,1,1,1,1
754,0.754,42.22406639004149,1.186721991701245,49.93438317382944,41.61198597819119,65.0,41.28255151752675,0.0,49.867651830755385,0.0,-1.8736421631066096,0.9415148725147446,1.186721991701245,0.06673134307405348,41.61198597819119,41.61203948524187,42.22406639004149,1.186721991701245,49.93438317382944,41.61198597819119,0.0,0.0,0.0,0.0,1,1,1,1,1
755,0.755,42.273858921161825,1.2282157676348548,49.93438317382944,41.61198597819119,65.0,41.33241823253642,0.0,49.86577818859228,0.0,-1.8623790973561107,0.9414406886254056,1.2282157676348548,0.06860498523715819,41.61198597819119,41.61204253209856,42.273858921161825,1.2282157676348548,49.93438317382944,41.61198597819119,0.0,0.0,0.0,0.0,1,1,1,1,1
756,0.756,42.32365145228216,1.2697095435684647,49.93438317382944,41.61198597819119,65.0,41.38228307953546,0.0,49.86391580949493,0.0,-1.8510462804686596,0.9413683727466946,1.2697095435684647,0.07046736433451173,41.61198597819119,41.61204564424365,42.32365145228216,1.2697095435684647,49.93438317382944,41.61198597819119,0.0,0.0,0.0,0.0,1,1,1,1,1
757,0.757,42.37344398340249,1.3112033195020745,49.93438317382944,41.61198597819119,65.0,41.43214606982182,0.0,49.862064763214455,0.0,-1.8396454907446376,0.9412979135806694,1.3112033195020745,0.07231841061498301,41.61198597819119,41.612048820043626,42.37344398340249,1.3112033195020745,49.93438317382944,41.61198597819119,0.0,0.0,0.0,0.0,1,1,1,1,1
758,0.758,42.42323651452282,1.3526970954356843,49.93438317382944,41.61198597819119,65.0,41.48200721476229,0.0,49.86022511772371,0.0,-1.8281784956444835,0.9412292997605292,1.3526970954356843,0.07415805610573045,41.61198597819119,41.612052057864986,42.42323651452282,1.3526970954356843,49.93438317382944,41.61198597819119,0.0,0.0,0.0,0.0,1,1,1,1,1
759,0.759,42.47302904564315,1.394190871369294,49.93438317382944,41.61198597819119,65.0,41.53186652579077,0.0,49.858396939228065,0.0,-1.8166470517246154,0.9411625198523836,1.394190871369294,0.07598623460137333,41.61198597819119,41.61205535607475,42.47302904564315,1.394190871369294,49.93438317382944,41.61198597819119,0.0,0.0,0.0,0.0,1,1,1,1,1
760,0.76,42.522821576763484,1.435684647302904,49.93438317382944,41.61198597819119,65.0,41.58172401440647,0.0,49.85658029217634,0.0,-1.805052904574006,0.9410975623570152,1.435684647302904,0.07780288165309912,41.61198597819119,41.61205871304103,42.522821576763484,1.435684647302904,49.93438317382944,41.61198597819119,0.0,0.0,0.0,0.0,1,1,1,1,1
761,0.761,42.572614107883815,1.4771784232365146,49.93438317382944,41.61198597819119,65.0,41.631579692172195,0.0,49.85477523927177,0.0,-1.793397788754363,0.9410344157116199,1.4771784232365146,0.07960793455767146,41.61198597819119,41.61206212713358,42.572614107883815,1.4771784232365146,49.93438317382944,41.61198597819119,0.0,0.0,0.0,0.0,1,1,1,1,1
762,0.762,42.62240663900415,1.5186721991701244,49.93438317382944,41.61198597819119,65.0,41.68143357071258,0.0,49.852981841483015,0.0,-1.7816834277377231,0.9409730682915693,1.5186721991701244,0.08140133234642377,41.61198597819119,41.61206559672433,42.62240663900415,1.5186721991701244,49.93438317382944,41.61198597819119,0.0,0.0,0.0,0.0,1,1,1,1,1
763,0.763,42.67219917012448,1.5601659751037342,49.93438317382944,41.61198597819119,65.0,41.73128566171235,0.0,49.85120015805528,0.0,-1.7699115338497995,0.9409135084121303,1.5601659751037342,0.08318301577416065,41.61198597819119,41.61206912018788,42.67219917012448,1.5601659751037342,49.93438317382944,41.61198597819119,0.0,0.0,0.0,0.0,1,1,1,1,1
764,0.764,42.72199170124481,1.601659751037344,49.93438317382944,41.61198597819119,65.0,41.78113597691463,0.0,49.84943024652143,0.0,-1.7580838082137042,0.9408557243301772,1.601659751037344,0.08495292730800941,41.61198597819119,41.61207269590207,42.72199170124481,1.601659751037344,49.93438317382944,41.61198597819119,0.0,0.0,0.0,0.0,1,1,1,1,1
765,0.765,42.77178423236514,1.6431535269709538,49.93438317382944,41.61198597819119,65.0,41.83098452811925,0.0,49.847672162713216,0.0,-1.7462019406964826,0.9407997042458902,1.6431535269709538,0.08671101111622193,41.61198597819119,41.61207632224844,42.77178423236514,1.6431535269709538,49.93438317382944,41.61198597819119,0.0,0.0,0.0,0.0,1,1,1,1,1
766,0.766,42.821576763485474,1.6846473029045637,49.93438317382944,41.61198597819119,65.0,41.88083132718099,0.0,49.84592596077252,0.0,-1.7342676098526528,0.940745436304482,1.6846473029045637,0.08845721305691967,41.61198597819119,41.61207999761274,42.821576763485474,1.6846473029045637,49.93438317382944,41.61198597819119,0.0,0.0,0.0,0.0,1,1,1,1,1
767,0.767,42.871369294605806,1.7261410788381735,49.93438317382944,41.61198597819119,65.0,41.93067638600796,0.0,49.844191693162664,0.0,-1.7222824828760872,0.9406929085978462,1.7261410788381735,0.09019148066677474,41.61198597819119,41.61208372038542,42.871369294605806,1.7261410788381735,49.93438317382944,41.61198597819119,0.0,0.0,0.0,0.0,1,1,1,1,1
768,0.768,42.92116182572614,1.7676348547717833,49.93438317382944,41.61198597819119,65.0,41.98051971655988,0.0,49.84246941067979,0.0,-1.7102482155481296,0.9406421091662551,1.7676348547717833,0.09191376314964828,41.61198597819119,41.61208748896211,42.92116182572614,1.7676348547717833,49.93438317382944,41.61198597819119,0.0,0.0,0.0,0.0,1,1,1,1,1
769,0.769,42.97095435684648,1.8091286307053949,49.93438317382944,41.61198597819119,65.0,42.03036133084645,0.0,49.840759162464245,0.0,-1.6981664521891129,0.9405930260000233,1.8091286307053949,0.09362401136519338,41.61198597819119,41.61209130174407,42.97095435684648,1.8091286307053949,49.93438317382944,41.61198597819119,0.0,0.0,0.0,0.0,1,1,1,1,1
770,0.77,43.02074688796681,1.8506224066390047,49.93438317382944,41.61198597819119,65.0,42.08020124092569,0.0,49.83906099601206,0.0,-1.6860388256130554,0.9405456470411195,1.8506224066390047,0.09532217781737984,41.61198597819119,41.612095157138675,43.02074688796681,1.8506224066390047,49.93438317382944,41.61198597819119,0.0,0.0,0.0,0.0,1,1,1,1,1
771,0.771,43.07053941908714,1.8921161825726145,49.93438317382944,41.61198597819119,65.0,42.13003945890229,0.0,49.83737495718645,0.0,-1.6738669570819047,0.9404999601848516,1.8921161825726145,0.09700821664299042,41.61198597819119,41.61209905355985,43.07053941908714,1.8921161825726145,49.93438317382944,41.61198597819119,0.0,0.0,0.0,0.0,1,1,1,1,1
772,0.772,43.12033195020747,1.9336099585062243,49.93438317382944,41.61198597819119,65.0,42.17987599692599,0.0,49.835701090229364,0.0,-1.6616524562608155,0.9404559532814787,1.9336099585062243,0.09868208360007458,41.61198597819119,41.6121029894285,43.12033195020747,1.9336099585062243,49.93438317382944,41.61198597819119,0.0,0.0,0.0,0.0,1,1,1,1,1
773,0.773,43.170124481327804,1.9751037344398341,49.93438317382944,41.61198597819119,65.0,42.22971086718999,0.0,49.8340394377731,0.0,-1.649396921178004,0.9404136141378103,1.9751037344398341,0.10034373605633817,41.61198597819119,41.61210696317294,43.170124481327804,1.9751037344398341,49.93438317382944,41.61198597819119,0.0,0.0,0.0,0.0,1,1,1,1,1
774,0.774,43.219917012448136,2.016597510373444,49.93438317382944,41.61198597819119,65.0,42.27954408192931,0.0,49.83239004085192,0.0,-1.6371019381831529,0.9403729305188264,2.016597510373444,0.101993132977519,41.61198597819119,41.612110973229356,43.219917012448136,2.016597510373444,49.93438317382944,41.61198597819119,0.0,0.0,0.0,0.0,1,1,1,1,1
775,0.775,43.26970954356847,2.0580912863070537,49.93438317382944,41.61198597819119,65.0,42.3293756534192,0.0,49.83075293891373,0.0,-1.624769081907748,0.9403338901492688,2.0580912863070537,0.10363023491570544,41.61198597819119,41.612115018042154,43.26970954356847,2.0580912863070537,49.93438317382944,41.61198597819119,0.0,0.0,0.0,0.0,1,1,1,1,1
776,0.776,43.3195020746888,2.0995850622406644,49.93438317382944,41.61198597819119,65.0,42.37920559397357,0.0,49.829128169831826,0.0,-1.6123999152282051,0.9402964807152259,2.0995850622406644,0.10525500399761256,41.61198597819119,41.6121190960644,43.3195020746888,2.0995850622406644,49.93438317382944,41.61198597819119,0.0,0.0,0.0,0.0,1,1,1,1,1
777,0.777,43.36929460580913,2.1410788381742742,49.93438317382944,41.61198597819119,65.0,42.42903391594345,0.0,49.827515769916594,0.0,-1.5999959892307667,0.9402606898656813,2.1410788381742742,0.10686740391284388,41.61198597819119,41.612123205758195,43.36929460580913,2.1410788381742742,49.93438317382944,41.61198597819119,0.0,0.0,0.0,0.0,1,1,1,1,1
778,0.778,43.41908713692946,2.182572614107884,49.93438317382944,41.61198597819119,65.0,42.47886063171538,0.0,49.82591577392736,0.0,-1.5875588431762544,0.9402265052140848,2.182572614107884,0.1084673999020751,41.61198597819119,41.612127345595084,43.41908713692946,2.182572614107884,49.93438317382944,41.61198597819119,0.0,0.0,0.0,0.0,1,1,1,1,1
779,0.779,43.468879668049794,2.224066390041494,49.93438317382944,41.61198597819119,65.0,42.52868575370989,0.0,49.824328215084186,0.0,-1.575090004466108,0.9401939143399076,2.224066390041494,0.11005495874525195,41.61198597819119,41.61213151405639,43.468879668049794,2.224066390041494,49.93438317382944,41.61198597819119,0.0,0.0,0.0,0.0,1,1,1,1,1
780,0.78,43.518672199170126,2.2655601659751037,49.93438317382944,41.61198597819119,65.0,42.57850929437996,0.0,49.82275312507972,0.0,-1.5625909886117197,0.9401629047901636,2.2655601659751037,0.11163004874971705,41.61198597819119,41.612135709633606,43.518672199170126,2.2655601659751037,49.93438317382944,41.61198597819119,0.0,0.0,0.0,0.0,1,1,1,1,1
781,0.781,43.56846473029046,2.3070539419087135,49.93438317382944,41.61198597819119,65.0,42.62833126620954,0.0,49.82119053409111,0.0,-1.5500632992061356,0.9401334640809154,2.3070539419087135,0.1131926397383296,41.61198597819119,41.61213993082874,43.56846473029046,2.3070539419087135,49.93438317382944,41.61198597819119,0.0,0.0,0.0,0.0,1,1,1,1,1
782,0.782,43.61825726141079,2.3485477178423233,49.93438317382944,41.61198597819119,65.0,42.67815168171198,0.0,49.8196404707919,0.0,-1.5375084278926545,0.9401055796988089,2.3485477178423233,0.11474270303753542,41.61198597819119,41.612144176154644,43.61825726141079,2.3485477178423233,49.93438317382944,41.61198597819119,0.0,0.0,0.0,0.0,1,1,1,1,1
783,0.783,43.66804979253112,2.390041493775933,49.93438317382944,41.61198597819119,65.0,42.72797055342856,0.0,49.81810296236401,0.0,-1.5249278543391012,0.940079239102559,2.390041493775933,0.11628021146542977,41.61198597819119,41.612148444135386,43.66804979253112,2.390041493775933,49.93438317382944,41.61198597819119,0.0,0.0,0.0,0.0,1,1,1,1,1
784,0.784,43.71784232365145,2.431535269709544,49.93438317382944,41.61198597819119,65.0,42.777787893927,0.0,49.81657803450967,0.0,-1.5123230462099637,0.9400544297244551,2.431535269709544,0.11780513931977055,41.61198597819119,41.61215273330654,43.71784232365145,2.431535269709544,49.93438317382944,41.61198597819119,0.0,0.0,0.0,0.0,1,1,1,1,1
785,0.785,43.767634854771785,2.4730290456431536,49.93438317382944,41.61198597819119,65.0,42.82760371579998,0.0,49.81506571146346,0.0,-1.499695459145018,0.9400311389718041,2.4730290456431536,0.11931746236597718,41.61198597819119,41.61215704221551,43.767634854771785,2.4730290456431536,49.93438317382944,41.61198597819119,0.0,0.0,0.0,0.0,1,1,1,1,1
786,0.786,43.81742738589212,2.5145228215767634,49.93438317382944,41.61198597819119,65.0,42.877418031663716,0.0,49.813566016004316,0.0,-1.4870465367356347,0.9400093542284012,2.5145228215767634,0.12081715782512248,41.61198597819119,41.61216136942186,43.81742738589212,2.5145228215767634,49.93438317382944,41.61198597819119,0.0,0.0,0.0,0.0,1,1,1,1,1
787,0.787,43.86721991701245,2.5560165975103732,49.93438317382944,41.61198597819119,65.0,42.927230854156456,0.0,49.81207896946758,0.0,-1.4743777105014264,0.939989062855993,2.5560165975103732,0.12230420436186051,41.61198597819119,41.612165713497596,43.86721991701245,2.5560165975103732,49.93438317382944,41.61198597819119,0.0,0.0,0.0,0.0,1,1,1,1,1
788,0.788,43.91701244813278,2.597510373443983,49.93438317382944,41.61198597819119,65.0,42.97704219593707,0.0,49.81060459175708,0.0,-1.4616903998707924,0.9399702521957138,2.597510373443983,0.12377858207236159,41.61198597819119,41.612170073027436,43.91701244813278,2.597510373443983,49.93438317382944,41.61198597819119,0.0,0.0,0.0,0.0,1,1,1,1,1
789,0.789,43.96680497925311,2.639004149377593,49.93438317382944,41.61198597819119,65.0,43.02685206968362,0.0,49.809142901357205,0.0,-1.4489860121634806,0.9399529095694916,2.639004149377593,0.12524027247223302,41.61198597819119,41.612174446609124,43.96680497925311,2.639004149377593,49.93438317382944,41.61198597819119,0.0,0.0,0.0,0.0,1,1,1,1,1
790,0.79,44.016597510373444,2.6804979253112027,49.93438317382944,41.61198597819119,65.0,43.076660488091974,0.0,49.80769391534504,0.0,-1.4362659425727438,0.9399370222814696,2.6804979253112027,0.12668925848439727,41.61198597819119,41.61217883285368,44.016597510373444,2.6804979253112027,49.93438317382944,41.61198597819119,0.0,0.0,0.0,0.0,1,1,1,1,1
791,0.791,44.066390041493776,2.7219917012448143,49.93438317382944,41.61198597819119,65.0,43.12646746387435,0.0,49.80625764940247,0.0,-1.42353157414682,0.9399225776194271,2.7219917012448143,0.12812552442697012,41.61198597819119,41.61218323038567,44.066390041493776,2.7219917012448143,49.93438317382944,41.61198597819119,0.0,0.0,0.0,0.0,1,1,1,1,1
792,0.792,44.11618257261411,2.763485477178424,49.93438317382944,41.61198597819119,65.0,43.17627300975796,0.0,49.80483411782832,0.0,-1.4107842777768251,0.939909562856144,2.763485477178424,0.12954905600111744,41.61198597819119,41.61218763784345,44.11618257261411,2.763485477178424,49.93438317382944,41.61198597819119,0.0,0.0,0.0,0.0,1,1,1,1,1
793,0.793,44.16597510373444,2.804979253112034,49.93438317382944,41.61198597819119,65.0,43.22607713848365,0.0,49.80342333355055,0.0,-1.3980254121825715,0.9398979652507862,2.804979253112034,0.13095984027889074,41.61198597819119,41.612192053879426,44.16597510373444,2.804979253112034,49.93438317382944,41.61198597819119,0.0,0.0,0.0,0.0,1,1,1,1,1
794,0.794,44.21576763485477,2.8464730290456437,49.93438317382944,41.61198597819119,65.0,43.275879862804494,0.0,49.80202530813837,0.0,-1.3852563238994977,0.9398877720502767,2.8464730290456437,0.13235786569106978,41.61198597819119,41.61219647716028,44.21576763485477,2.8464730290456437,49.93438317382944,41.61198597819119,0.0,0.0,0.0,0.0,1,1,1,1,1
795,0.795,44.2655601659751,2.8879668049792535,49.93438317382944,41.61198597819119,65.0,43.32568119548447,0.0,49.80064005181447,0.0,-1.3724783472694349,0.9398789704906321,2.8879668049792535,0.13374312201496963,41.61198597819119,41.61220090636719,44.2655601659751,2.8879668049792535,49.93438317382944,41.61198597819119,0.0,0.0,0.0,0.0,1,1,1,1,1
796,0.796,44.315352697095435,2.9294605809128633,49.93438317382944,41.61198597819119,65.0,43.37548114929711,0.0,49.7992675734672,0.0,-1.3596928044288121,0.9398715477983259,2.9294605809128633,0.13511560036224068,41.61198597819119,41.61220534019606,44.315352697095435,2.9294605809128633,49.93438317382944,41.61198597819119,0.0,0.0,0.0,0.0,1,1,1,1,1
797,0.797,44.365145228215766,2.970954356846473,49.93438317382944,41.61198597819119,65.0,43.42527973702418,0.0,49.79790788066277,0.0,-1.3469010053031394,0.9398654911915898,2.970954356846473,0.13647529316666862,41.61198597819119,41.61220977735772,44.365145228215766,2.970954356846473,49.93438317382944,41.61198597819119,0.0,0.0,0.0,0.0,1,1,1,1,1
798,0.798,44.4149377593361,3.012448132780083,49.93438317382944,41.61198597819119,65.0,43.475076971454335,0.0,49.796560979657464,0.0,-1.3341042475963933,0.9398607878817629,3.012448132780083,0.1378221941719744,41.61198597819119,41.612214216578124,44.4149377593361,3.012448132780083,49.93438317382944,41.61198597819119,0.0,0.0,0.0,0.0,1,1,1,1,1
799,0.799,44.46473029045643,3.0539419087136936,49.93438317382944,41.61198597819119,65.0,43.524872865381866,0.0,49.79522687540987,0.0,-1.3213038167885727,0.9398574250745639,3.0539419087136936,0.13915629841957156,41.61198597819119,41.61221865659857,44.46473029045643,3.0539419087136936,49.93438317382944,41.61198597819119,0.0,0.0,0.0,0.0,1,1,1,1,1
800,0.8,44.51452282157676,3.0954356846473035,49.93438317382944,41.61198597819119,65.0,43.57466743160537,0.0,49.79390557159308,0.0,-1.3085009861300825,0.9398553899713917,3.0954356846473035,0.1404776022363592,41.61198597819119,41.612223096175846,44.51452282157676,3.0954356846473035,49.93438317382944,41.61198597819119,0.0,0.0,0.0,0.0,1,1,1,1,1
801,0.801,44.56431535269709,3.1369294605809133,49.93438317382944,41.61198597819119,65.0,43.62446068292647,0.0,49.79259707060695,0.0,-1.295697016636485,0.9398546697706252,3.1369294605809133,0.1417861032224863,41.61198597819119,41.61222753408242,44.56431535269709,3.1369294605809133,49.93438317382944,41.61198597819119,0.0,0.0,0.0,0.0,1,1,1,1,1
802,0.802,44.614107883817425,3.178423236514523,49.93438317382944,41.61198597819119,65.0,43.674252632148566,0.0,49.791301373590315,0.0,-1.2828931570893307,0.9398552516688596,3.178423236514523,0.14308180023912342,41.61198597819119,41.61223196910663,44.614107883817425,3.178423236514523,49.93438317382944,41.61198597819119,0.0,0.0,0.0,0.0,1,1,1,1,1
803,0.803,44.66390041493776,3.219917012448133,49.93438317382944,41.61198597819119,65.0,43.72404329207558,0.0,49.790018480433226,0.0,-1.2700906440334885,0.939857122862179,3.219917012448133,0.14436469339621283,41.61198597819119,41.61223640005281,44.66390041493776,3.219917012448133,49.93438317382944,41.61198597819119,0.0,0.0,0.0,0.0,1,1,1,1,1
804,0.804,44.71369294605809,3.2614107883817427,49.93438317382944,41.61198597819119,65.0,43.77383267551069,0.0,49.78874838978919,0.0,-1.2572907017775887,0.9398602705473991,3.2614107883817427,0.1456347840402472,41.61198597819119,41.612240825741445,44.71369294605809,3.2614107883817427,49.93438317382944,41.61198597819119,0.0,0.0,0.0,0.0,1,1,1,1,1
805,0.8049999999999999,44.76348547717842,3.3029045643153525,49.93438317382944,41.61198597819119,65.0,43.823620795255124,0.0,49.78749109908741,0.0,-1.244494542395328,0.9398646819232965,3.3029045643153525,0.14689207474202703,41.61198597819119,41.61224524500934,44.76348547717842,3.3029045643153525,49.93438317382944,41.61198597819119,0.0,0.0,0.0,0.0,1,1,1,1,1
806,0.806,44.81327800829875,3.344398340248963,49.93438317382944,41.61198597819119,65.0,43.87340766410694,0.0,49.78624660454501,0.0,-1.2317033657299417,0.9398703441918101,3.344398340248963,0.14813656928442498,41.61198597819119,41.612249656709736,44.81327800829875,3.344398340248963,49.93438317382944,41.61198597819119,0.0,0.0,0.0,0.0,1,1,1,1,1
807,0.8069999999999999,44.863070539419084,3.385892116182573,49.93438317382944,41.61198597819119,65.0,43.92319329485981,0.0,49.78501490117928,0.0,-1.2189183593949298,0.9398772445592769,3.385892116182573,0.1493682726501575,41.61198597819119,41.61225405971245,44.863070539419084,3.385892116182573,49.93438317382944,41.61198597819119,0.0,0.0,0.0,0.0,1,1,1,1,1
808,0.808,44.912863070539416,3.427385892116183,49.93438317382944,41.61198597819119,65.0,43.97297770030181,0.0,49.78379598281989,0.0,-1.2061406987812497,0.9398853702376044,3.427385892116183,0.15058719100954931,41.61198597819119,41.61225845290395,44.912863070539416,3.427385892116183,49.93438317382944,41.61198597819119,0.0,0.0,0.0,0.0,1,1,1,1,1
809,0.8089999999999999,44.96265560165975,3.4688796680497926,49.93438317382944,41.61198597819119,65.0,44.02276089321428,0.0,49.782589842121105,0.0,-1.1933715470616213,0.9398947084454647,3.4688796680497926,0.1517933317083333,41.61198597819119,41.61226283518756,44.96265560165975,3.4688796680497926,49.93438317382944,41.61198597819119,0.0,0.0,0.0,0.0,1,1,1,1,1
810,0.81,45.01244813278008,3.5103734439834025,49.93438317382944,41.61198597819119,65.0,44.072542886370634,0.0,49.781396470574045,0.0,2.228333548149476,0.9399052464094453,3.5103734439834025,0.15298670325539376,41.61198597819119,41.61226720548345,45.01244813278008,3.5103734439834025,49.93438317382944,41.61198597819119,0.0,0.0,0.0,0.0,1,1,1,1,1
811,0.8109999999999999,45.06224066390041,3.5518672199170123,49.93438317382944,41.61198597819119,65.0,44.12232539700798,0.0,49.78362480412219,0.0,2.8272044927393054,0.9399152668924344,3.5518672199170123,0.15075836970724765,41.61198597819119,41.61225907272059,45.06224066390041,3.5518672199170123,49.93438317382944,41.61198597819119,0.0,0.0,0.0,0.0,1,1,1,1,1
812,0.812,45.11203319502074,3.593360995850622,49.93438317382944,41.61198597819119,65.0,44.172110435414346,0.0,49.78645200861493,0.0,3.4500762889078342,0.9399227596063966,3.593360995850622,0.14793116521450855,41.61198597819119,41.6122489259932,45.11203319502074,3.593360995850622,49.93438317382944,41.61198597819119,0.0,0.0,0.0,0.0,1,1,1,1,1
813,0.813,45.161825726141075,3.634854771784232,49.93438317382944,41.61198597819119,65.0,44.22189861246111,0.0,49.78990208490384,0.0,4.096223982264741,0.9399271136799641,3.634854771784232,0.14448108892560185,41.61198597819119,41.61223680402482,45.161825726141075,3.634854771784232,49.93438317382944,41.61198597819119,0.0,0.0,0.0,0.0,1,1,1,1,1
814,0.8140000000000001,45.211618257261414,3.6763485477178426,49.93438317382944,41.61198597819119,65.0,44.27169056265801,0.0,49.7939983088861,0.0,4.764939914654858,0.939927694603405,3.6763485477178426,0.14038486494333569,41.61198597819119,41.61222278320981,45.211618257261414,3.6763485477178426,49.93438317382944,41.61198597819119,0.0,0.0,0.0,0.0,1,1,1,1,1
815,0.815,45.261410788381745,3.7178423236514524,49.93438317382944,41.61198597819119,65.0,44.32148694343685,0.0,49.79876324880076,0.0,5.455530201517614,0.939923844944893,3.7178423236514524,0.1356199250286778,41.61198597819119,41.61220698080366,45.261410788381745,3.7178423236514524,49.93438317382944,41.61198597819119,0.0,0.0,0.0,0.0,1,1,1,1,1
816,0.8160000000000001,45.31120331950208,3.759336099585062,49.93438317382944,41.61198597819119,65.0,44.371288434450754,0.0,49.80421877900228,0.0,6.167312303985949,0.9399148850513228,3.759336099585062,0.1301643948271618,41.61198597819119,41.612189558095366,45.31120331950208,3.759336099585062,49.93438317382944,41.61198597819119,0.0,0.0,0.0,0.0,1,1,1,1,1
817,0.817,45.36099585062241,3.800829875518672,49.93438317382944,41.61198597819119,65.0,44.42109573688591,0.0,49.81038609130626,0.0,6.899613345637177,0.9399001137364991,3.800829875518672,0.1239970825231751,41.61198597819119,41.61217072354739,45.36099585062241,3.800829875518672,49.93438317382944,41.61198597819119,0.0,0.0,0.0,0.0,1,1,1,1,1
818,0.8180000000000001,45.41078838174274,3.842323651452282,49.93438317382944,41.61198597819119,65.0,44.47090957278389,0.0,49.8172857046519,0.0,7.651768935635633,0.9398788089588521,3.842323651452282,0.11709746917753705,41.61198597819119,41.61215073589045,45.41078838174274,3.842323651452282,49.93438317382944,41.61198597819119,0.0,0.0,0.0,0.0,1,1,1,1,1
819,0.819,45.46058091286307,3.8838174273858916,49.93438317382944,41.61198597819119,65.0,44.52073068437301,0.0,49.82493747358754,0.0,8.423122336116867,0.9398502284900658,3.8838174273858916,0.10944570024189915,41.61198597819119,41.61212990716147,45.46058091286307,3.8838174273858916,49.93438317382944,41.61198597819119,0.0,0.0,0.0,0.0,1,1,1,1,1
820,0.8200000000000001,45.510373443983404,3.9253112033195015,49.93438317382944,41.61198597819119,65.0,44.57055983340776,0.0,49.83336059592366,0.0,9.213023863465137,0.9398136105756407,3.9253112033195015,0.10102257790578051,41.61198597819119,41.61210860567423,45.510373443983404,3.9253112033195015,49.93438317382944,41.61198597819119,0.0,0.0,0.0,0.0,1,1,1,1,1
821,0.821,45.560165975103736,3.9668049792531113,49.93438317382944,41.61198597819119,65.0,44.62039780051562,0.0,49.842573619787125,0.0,10.020830448389695,0.9397681745881172,3.9668049792531113,0.09180955404231383,41.61198597819119,41.61208725891305,45.560165975103736,3.9668049792531113,49.93438317382944,41.61198597819119,0.0,0.0,0.0,0.0,1,1,1,1,1
822,0.8220000000000001,45.60995850622407,4.008298755186722,49.93438317382944,41.61198597819119,65.0,44.670245384550626,0.0,49.852594450235515,0.0,10.845905303691264,0.9397131216734422,4.008298755186722,0.08178872359392386,41.61198597819119,41.612066356340534,45.60995850622407,4.008298755186722,49.93438317382944,41.61198597819119,0.0,0.0,0.0,0.0,1,1,1,1,1
823,0.823,45.6597510373444,4.049792531120332,49.93438317382944,41.61198597819119,65.0,44.720103401953516,0.0,49.863440355539204,0.0,11.687617664945611,0.9396476353908838,4.049792531120332,0.0709428182902343,41.61198597819119,41.612046452111045,45.6597510373444,4.049792531120332,49.93438317382944,41.61198597819119,0.0,0.0,0.0,0.0,1,1,1,1,1
824,0.8240000000000001,45.70954356846473,4.091286307053942,49.93438317382944,41.61198597819119,65.0,44.76997268611789,0.0,49.87512797320415,0.0,12.545342580441387,0.9395708823468425,4.091286307053942,0.05925520062528733,41.61198597819119,41.612028167682254,45.70954356846473,4.091286307053942,49.93438317382944,41.61198597819119,0.0,0.0,0.0,0.0,1,1,1,1,1
825,0.825,45.75933609958506,4.132780082987551,49.93438317382944,41.61198597819119,65.0,44.81985408676238,0.0,49.88767331578459,0.0,13.418460734250537,0.9394820128226797,4.132780082987551,0.046709858044849284,41.61198597819119,41.61201219431739,45.75933609958506,4.132780082987551,49.93438317382944,41.61198597819119,0.0,0.0,0.0,0.0,1,1,1,1,1
826,0.8260000000000001,45.809128630705395,4.174273858921161,49.93438317382944,41.61198597819119,65.0,44.86974846930854,0.0,49.90109177651884,0.0,14.306358291466285,0.9393801613968549,4.174273858921161,0.033291397310598825,41.61198597819119,41.611999295471435,45.809128630705395,4.174273858921161,49.93438317382944,41.61198597819119,0.0,0.0,0.0,0.0,1,1,1,1,1
827,0.827,45.85892116182573,4.215767634854771,49.93438317382944,41.61198597819119,65.0,44.91965671426421,0.0,49.9153981348103,0.0,15.208426758121792,0.9392644475615199,4.215767634854771,0.018985039019135286,41.61198597819119,41.611990309054995,45.85892116182573,4.215767634854771,49.93438317382944,41.61198597819119,0.0,0.0,0.0,0.0,1,1,1,1,1
828,0.8280000000000001,45.90871369294606,4.257261410788381,49.93438317382944,41.61198597819119,65.0,44.969579716612394,0.0,49.930606561568425,0.0,16.124062850652976,0.9391339763336646,4.257261410788381,0.0037766122610136676,41.61198597819119,41.6119861495697,45.90871369294606,4.257261410788381,49.93438317382944,41.61198597819119,0.0,0.0,0.0,0.0,1,1,1,1,1
829,0.829,45.95850622406639,4.298755186721992,49.93438317382944,41.61198597819119,65.0,45.01951838520539,0.0,49.946730624419075,0.0,17.052668371374523,0.9389878388610029,4.298755186721992,-0.012347450589636821,41.61198597819119,41.61198781010968,45.95850622406639,4.298755186721992,49.93438317382944,41.61198597819119,0.0,0.0,0.0,0.0,1,1,1,1,1
830,0.8300000000000001,46.00829875518672,4.340248962655602,49.93438317382944,41.61198597819119,65.0,45.06947364216399,0.0,49.96378329279045,0.0,17.993650087472812,0.9388251130227303,4.340248962655602,-0.029400118961014243,41.61198597819119,41.611996364223806,46.00829875518672,4.340248962655602,49.93438317382944,41.61198597819119,0.0,0.0,0.0,0.0,1,1,1,1,1
831,0.831,46.058091286307054,4.381742738589212,49.93438317382944,41.61198597819119,65.0,45.119446422281825,0.0,49.98177694287793,0.0,18.946419611698104,0.9386448640252283,4.381742738589212,-0.04739376904849024,41.61198597819119,41.61201296763382,46.058091286307054,4.381742738589212,49.93438317382944,41.61198597819119,0.0,0.0,0.0,0.0,1,1,1,1,1
832,0.8320000000000001,46.107883817427386,4.423236514522822,49.93438317382944,41.61198597819119,65.0,45.16943767243451,0.0,50.00072336248963,0.0,19.910393283332034,0.9384461449928736,4.423236514522822,-0.06634018866019176,41.61198597819119,41.61203885980368,46.107883817427386,4.423236514522822,49.93438317382944,41.61198597819119,0.0,0.0,0.0,0.0,1,1,1,1,1
833,0.833,46.15767634854772,4.464730290456432,49.93438317382944,41.61198597819119,65.0,45.21944835099364,0.0,50.02063375577296,0.0,20.884992048189357,0.9382279975540797,4.464730290456432,-0.0862505819435242,41.61198597819119,41.61207536535598,46.15767634854772,4.464730290456432,49.93438317382944,41.61198597819119,0.0,0.0,0.0,0.0,1,1,1,1,1
834,0.8340000000000001,46.20746887966805,4.5062240663900415,49.93438317382944,41.61198597819119,65.0,45.269479427245436,0.0,50.04151874782115,0.0,21.869641336383307,0.9379894524226131,4.5062240663900415,-0.10713557399171236,41.61198597819119,41.612123895331216,46.20746887966805,4.5062240663900415,49.93438317382944,41.61198597819119,0.0,0.0,0.0,0.0,1,1,1,1,1
835,0.835,46.25726141078838,4.547717842323651,49.93438317382944,41.61198597819119,65.0,45.31953188081392,0.0,50.06338838915753,0.0,22.86377093640612,0.9377295299744617,4.547717842323651,-0.1290052153280925,41.61198597819119,41.61218594828638,46.25726141078838,4.547717842323651,49.93438317382944,41.61198597819119,0.0,0.0,0.0,0.0,1,1,1,1,1
836,0.8360000000000001,46.30705394190871,4.589211618257261,49.93438317382944,41.61198597819119,65.0,45.36960670108854,0.0,50.086252160093935,0.0,23.86681486360325,0.9374472408201697,4.589211618257261,-0.1518689862644962,41.61198597819119,41.61226311122923,46.30705394190871,4.589211618257261,49.93438317382944,41.61198597819119,0.0,0.0,0.0,0.0,1,1,1,1,1
837,0.837,46.356846473029044,4.630705394190873,49.93438317382944,41.61198597819119,65.0,45.41970488665606,0.0,50.11011897495754,0.0,24.87821122044505,0.9371415863729808,4.630705394190873,-0.1757358011280985,41.61198597819119,41.612357060385065,46.356846473029044,4.630705394190873,49.93438317382944,41.61198597819119,0.0,0.0,0.0,0.0,1,1,1,1,1
838,0.838,46.406639004149376,4.6721991701244825,49.93438317382944,41.61198597819119,65.0,45.46982744473663,0.0,50.13499718617798,0.0,25.897402044842078,0.936811559412746,4.6721991701244825,-0.20061401234854515,41.61198597819119,41.612469561792786,46.406639004149376,4.6721991701244825,49.93438317382944,41.61198597819119,0.0,0.0,0.0,0.0,1,1,1,1,1
839,0.839,46.45643153526971,4.713692946058092,49.93438317382944,41.61198597819119,65.0,45.51997539062383,0.0,50.160894588222824,0.0,26.92383314109989,0.9364561446458808,4.713692946058092,-0.22651141439338573,41.61198597819119,41.61260247172761,46.45643153526971,4.713692946058092,49.93438317382944,41.61198597819119,0.0,0.0,0.0,0.0,1,1,1,1,1
840,0.84,46.50622406639004,4.755186721991702,49.93438317382944,41.61198597819119,65.0,45.570149747128625,0.0,50.18781842136392,0.0,27.956953885587488,0.9360743192614152,4.755186721991702,-0.2534352475344832,41.61198597819119,41.61275773694737,46.50622406639004,4.755186721991702,49.93438317382944,41.61198597819119,0.0,0.0,0.0,0.0,1,1,1,1,1
841,0.841,46.55601659751037,4.796680497925312,49.93438317382944,41.61198597819119,65.0,45.62035154402693,0.0,50.21577537524951,0.0,28.996216995527323,0.9356650534834401,4.796680497925312,-0.2813922014200685,41.61198597819119,41.612937394759825,46.55601659751037,4.796680497925312,49.93438317382944,41.61198597819119,0.0,0.0,0.0,0.0,1,1,1,1,1
842,0.842,46.6058091286307,4.838174273858922,49.93438317382944,41.61198597819119,65.0,45.67058181751068,0.0,50.24477159224504,0.0,30.04107824386008,0.9352273111200233,4.838174273858922,-0.3103884184155987,41.61198597819119,41.61314357290815,46.6058091286307,4.838174273858922,49.93438317382944,41.61198597819119,0.0,0.0,0.0,0.0,1,1,1,1,1
843,0.843,46.655601659751035,4.8796680497925315,49.93438317382944,41.61198597819119,65.0,45.72084160964205,0.0,50.2748126704889,0.0,31.09099609517194,0.9347600501089843,4.8796680497925315,-0.34042949665946054,41.61198597819119,41.613378489271646,46.655601659751035,4.8796680497925315,49.93438317382944,41.61198597819119,0.0,0.0,0.0,0.0,1,1,1,1,1
844,0.844,46.705394190871374,4.921161825726141,49.93438317382944,41.61198597819119,65.0,45.77113196781058,0.0,50.30590366658407,0.0,32.14543122591141,0.9342622230607915,4.921161825726141,-0.37152049275463384,41.61198597819119,41.61364445137817,46.705394190871374,4.921161825726141,49.93438317382944,41.61198597819119,0.0,0.0,0.0,0.0,1,1,1,1,1
845,0.845,46.755186721991706,4.962655601659751,49.93438317382944,41.61198597819119,65.0,45.821453944192776,0.0,50.338049097809986,0.0,33.203845874866694,0.9337327777989302,4.962655601659751,-0.40366592398054735,41.61198597819119,41.61394385572417,46.755186721991706,4.962655601659751,49.93438317382944,41.61198597819119,0.0,0.0,0.0,0.0,1,1,1,1,1
846,0.846,46.80497925311204,5.004149377593361,49.93438317382944,41.61198597819119,65.0,45.87180859521352,0.0,50.37125294368485,0.0,34.265702944528506,0.9331706578985148,5.004149377593361,-0.4368697698554129,41.61198597819119,41.61427918689682,46.80497925311204,5.004149377593361,49.93438317382944,41.61198597819119,0.0,0.0,0.0,0.0,1,1,1,1,1
847,0.847,46.85477178423237,5.045643153526971,49.93438317382944,41.61198597819119,65.0,45.92219698100868,0.0,50.40551864662938,0.0,35.33046473667638,0.9325748032236874,5.045643153526971,-0.4711354727999435,41.61198597819119,41.61465301649061,46.85477178423237,5.045643153526971,49.93438317382944,41.61198597819119,0.0,0.0,0.0,0.0,1,1,1,1,1
848,0.848,46.9045643153527,5.087136929460581,49.93438317382944,41.61198597819119,65.0,45.97262016488768,0.0,50.440849111366056,0.0,36.39759115079464,0.9319441504650214,5.087136929460581,-0.5064659375366176,41.61198597819119,41.615068001807536,46.9045643153527,5.087136929460581,49.93438317382944,41.61198597819119,0.0,0.0,0.0,0.0,1,1,1,1,1
849,0.849,46.95435684647303,5.12863070539419,49.93438317382944,41.61198597819119,65.0,46.02307921279462,0.0,50.47724670251685,0.0,37.46653709346248,0.9312776336784125,5.12863070539419,-0.5428635286874126,41.61198597819119,41.61552688432479,46.95435684647303,5.12863070539419,49.93438317382944,41.61198597819119,0.0,0.0,0.0,0.0,1,1,1,1,1
850,0.85,47.004149377593365,5.1701244813278,49.93438317382944,41.61198597819119,65.0,46.07357519276568,0.0,50.514713239610316,0.0,38.536748728674056,0.9305741848276838,5.1701244813278,-0.5803300657808776,41.61198597819119,41.616032487905784,47.004149377593365,5.1701244813278,49.93438317382944,41.61198597819119,0.0,0.0,0.0,0.0,1,1,1,1,1
851,0.851,47.053941908713696,5.21161825726141,49.93438317382944,41.61198597819119,65.0,46.124109174379655,0.0,50.55324998833899,0.0,39.607658025360465,0.9298327343340418,5.21161825726141,-0.6188668145095519,41.61198597819119,41.61658771671798,47.053941908713696,5.21161825726141,49.93438317382944,41.61198597819119,0.0,0.0,0.0,0.0,1,1,1,1,1
852,0.852,47.10373443983403,5.253112033195022,49.93438317382944,41.61198597819119,65.0,46.17468222819701,0.0,50.59285764636435,0.0,40.678674803222776,0.9290522116370212,5.253112033195022,-0.6584744725349125,41.61198597819119,41.617195552801974,47.10373443983403,5.253112033195022,49.93438317382944,41.61198597819119,0.0,0.0,0.0,0.0,1,1,1,1,1
853,0.853,47.15352697095436,5.294605809128631,49.93438317382944,41.61198597819119,65.0,46.225295425180775,0.0,50.633536321167576,0.0,41.749175103049176,0.9282315457735848,5.294605809128631,-0.6991531473381372,41.61198597819119,41.61785905320711,47.15352697095436,5.294605809128631,49.93438317382944,41.61198597819119,0.0,0.0,0.0,0.0,1,1,1,1,1
854,0.854,47.20331950207469,5.336099585062241,49.93438317382944,41.61198597819119,65.0,46.27594983608949,0.0,50.675285496270625,0.0,42.81848415682873,0.9273696659852035,5.336099585062241,-0.7409023224411868,41.61198597819119,41.61858134656417,47.20331950207469,5.336099585062241,49.93438317382944,41.61198597819119,0.0,0.0,0.0,0.0,1,1,1,1,1
855,0.855,47.25311203319502,5.377593360995851,49.93438317382944,41.61198597819119,65.0,46.32664653082784,0.0,50.71810398042745,0.0,43.88585142356633,0.9264655023671864,5.377593360995851,-0.7837208065980121,41.61198597819119,41.61936562889775,47.25311203319502,5.377593360995851,49.93438317382944,41.61198597819119,0.0,0.0,0.0,0.0,1,1,1,1,1
856,0.856,47.302904564315355,5.419087136929461,49.93438317382944,41.61198597819119,65.0,46.37738657773398,0.0,50.76198983185102,0.0,44.95041396749837,0.9255179865813759,5.419087136929461,-0.8276066580215797,41.61198597819119,41.62021515837685,47.302904564315355,5.419087136929461,49.93438317382944,41.61198597819119,0.0,0.0,0.0,0.0,1,1,1,1,1
857,0.857,47.35269709543569,5.460580912863071,49.93438317382944,41.61198597819119,65.0,46.42817104277281,0.0,50.80694024581852,0.0,46.01114270805746,0.9245260526628769,5.460580912863071,-0.8725570719890783,41.61198597819119,41.62113324854405,47.35269709543569,5.460580912863071,49.93438317382944,41.61198597819119,0.0,0.0,0.0,0.0,1,1,1,1,1
858,0.858,47.40248962655602,5.5020746887966805,49.93438317382944,41.61198597819119,65.0,46.47900098858999,0.0,50.85295138852658,0.0,47.06676350362727,0.923488637966031,5.5020746887966805,-0.9185682146971388,41.61198597819119,41.622123259322464,47.40248962655602,5.5020746887966805,49.93438317382944,41.61198597819119,0.0,0.0,0.0,0.0,1,1,1,1,1
859,0.859,47.45228215767635,5.54356846473029,49.93438317382944,41.61198597819119,65.0,46.529877473360266,0.0,50.900018152030206,0.0,48.11564125899994,0.9224046843160849,5.54356846473029,-0.965634978200768,41.61198597819119,41.62318858473369,47.45228215767635,5.54356846473029,49.93438317382944,41.61198597819119,0.0,0.0,0.0,0.0,1,1,1,1,1
860,0.86,47.50207468879668,5.5850622406639,49.93438317382944,41.61198597819119,65.0,46.580801549332925,0.0,50.94813379328921,0.0,49.15560970405525,0.9212731394637572,5.5850622406639,-1.0137506194597705,41.61198597819119,41.62433263570283,47.50207468879668,5.5850622406639,49.93438317382944,41.61198597819119,0.0,0.0,0.0,0.0,1,1,1,1,1
861,0.861,47.551867219917014,5.62655601659751,49.93438317382944,41.61198597819119,65.0,46.63177426093107,0.0,50.99728940299327,0.0,50.18372134788421,0.920092958985947,5.62655601659751,-1.0629062291638292,41.61198597819119,41.62555881548229,47.551867219917014,5.62655601659751,49.93438317382944,41.61198597819119,0.0,0.0,0.0,0.0,1,1,1,1,1
862,0.862,47.601659751037346,5.66804979253112,49.93438317382944,41.61198597819119,65.0,46.68279664219473,0.0,51.04747312434115,0.0,51.19588014764066,0.9188631088426149,5.66804979253112,-1.1130899505117142,41.61198597819119,41.62687048394475,47.601659751037346,5.66804979253112,49.93438317382944,41.61198597819119,0.0,0.0,0.0,0.0,1,1,1,1,1
863,0.863,47.65145228215768,5.7095435684647295,49.93438317382944,41.61198597819119,65.0,46.733869713259146,0.0,51.09866900448879,0.0,52.186301851504126,0.9175825688985313,5.7095435684647295,-1.1642858306593524,41.61198597819119,41.62827090505507,47.65145228215768,5.7095435684647295,49.93438317382944,41.61198597819119,0.0,0.0,0.0,0.0,1,1,1,1,1
864,0.864,47.70124481327801,5.751037344398339,49.93438317382944,41.61198597819119,65.0,46.784994475414564,0.0,51.1508553063403,0.0,53.14672114516415,0.9162503378634455,5.751037344398339,-1.2164721325108587,41.61198597819119,41.629763168895835,47.70124481327801,5.751037344398339,49.93438317382944,41.61198597819119,0.0,0.0,0.0,0.0,1,1,1,1,1
865,0.865,47.75103734439834,5.792531120331949,49.93438317382944,41.61198597819119,65.0,46.836171904081475,0.0,51.20400202748546,0.0,54.06522677952395,0.9148654403168663,5.792531120331949,-1.26961885365602,41.61198597819119,41.631350075186596,47.75103734439834,5.792531120331949,49.93438317382944,41.61198597819119,0.0,0.0,0.0,0.0,1,1,1,1,1
866,0.866,47.80082987551867,5.834024896265559,49.93438317382944,41.61198597819119,65.0,46.887402938722346,0.0,51.25806725426498,0.0,54.92455009529927,0.913426936796327,5.834024896265559,-1.323684080435541,41.61198597819119,41.63303395855242,47.80082987551867,5.834024896265559,49.93438317382944,41.61198597819119,0.0,0.0,0.0,0.0,1,1,1,1,1
867,0.867,47.850622406639005,5.875518672199171,49.93438317382944,41.61198597819119,65.0,46.93868846825166,0.0,51.31299180436028,0.0,55.69955042966073,0.9119339383873424,5.875518672199171,-1.3786086305308416,41.61198597819119,41.63481642574342,47.850622406639005,5.875518672199171,49.93438317382944,41.61198597819119,0.0,0.0,0.0,0.0,1,1,1,1,1
868,0.868,47.90041493775934,5.91701244813278,49.93438317382944,41.61198597819119,65.0,46.990029309831236,0.0,51.36869135478994,0.0,56.35352051040905,0.9103856279281004,5.91701244813278,-1.4343081809604996,41.61198597819119,41.636697959938544,47.90041493775934,5.91701244813278,49.93438317382944,41.61198597819119,0.0,0.0,0.0,0.0,1,1,1,1,1
869,0.869,47.95020746887967,5.95850622406639,49.93438317382944,41.61198597819119,65.0,47.04142617794628,0.0,51.425044875300344,0.0,56.83275807065464,0.9087812909333906,5.95850622406639,-1.4906617014709056,41.61198597819119,41.638677324783174,47.95020746887967,5.95850622406639,49.93438317382944,41.61198597819119,0.0,0.0,0.0,0.0,1,1,1,1,1
870,0.87,48.0,6.0,59.74442695117376,-25.604754407645895,65.0,47.09287963920062,0.0,51.481877633371,0.0,57.0585900401344,0.9071203607993823,6.0,8.262549317802758,-25.604754407645895,26.90489118180902,48.0,6.0,59.74442695117376,-25.604754407645895,0.0,0.0,0.0,0.0,1,1,1,1,1
871,0.871,48.05957446808511,5.974468085106383,59.74442695117376,-25.604754407645895,65.0,47.14439004612901,0.0,51.538936223411135,0.0,57.27669581016974,0.9151844219560985,5.974468085106383,8.205490727762623,-25.604754407645895,26.88742320043444,48.05957446808511,5.974468085106383,59.74442695117376,-25.604754407645895,0.0,0.0,0.0,0.0,1,1,1,1,1
872,0.872,48.11914893617021,5.948936170212766,59.74442695117376,-25.604754407645895,65.0,47.19595762070033,0.0,51.5962129192213,0.0,57.48712993885389,0.9231913154698859,5.948936170212766,8.148214031952456,-25.604754407645895,26.86999888698116,48.11914893617021,5.948936170212766,59.74442695117376,-25.604754407645895,0.0,0.0,0.0,0.0,1,1,1,1,1
873,0.873,48.17872340425532,5.923404255319149,59.74442695117376,-25.604754407645895,65.0,47.24758257718452,0.0,51.65370004916016,0.0,57.689947191691736,0.9311408270708057,5.923404255319149,8.0907269020136,-25.604754407645895,26.85262203358973,48.17872340425532,5.923404255319149,59.74442695117376,-25.604754407645895,0.0,0.0,0.0,0.0,1,1,1,1,1
874,0.874,48.238297872340425,5.897872340425532,59.74442695117376,-25.604754407645895,65.0,47.299265122207274,0.0,51.71138999635185,0.0,57.88520253427632,0.9390327501331512,5.897872340425532,8.03303695482191,-25.604754407645895,26.835296364925735,48.238297872340425,5.897872340425532,59.74442695117376,-25.604754407645895,0.0,0.0,0.0,0.0,1,1,1,1,1
875,0.875,48.297872340425535,5.872340425531915,59.74442695117376,-25.604754407645895,65.0,47.35100545480489,0.0,51.76927519888613,0.0,58.072951125017624,0.9468668856206435,5.872340425531915,7.97515175228763,-25.604754407645895,26.818025537833286,48.297872340425535,5.872340425531915,59.74442695117376,-25.604754407645895,0.0,0.0,0.0,0.0,1,1,1,1,1
876,0.876,48.35744680851064,5.846808510638298,59.74442695117376,-25.604754407645895,65.0,47.40280376647934,0.0,51.82734815001115,0.0,58.25324830792111,0.9546430420313001,5.846808510638298,7.91707880116261,-25.604754407645895,26.800813141016455,48.35744680851064,5.846808510638298,59.74442695117376,-25.604754407645895,0.0,0.0,0.0,0.0,1,1,1,1,1
877,0.877,48.41702127659575,5.821276595744681,59.74442695117376,-25.604754407645895,65.0,47.45466024125351,0.0,51.88560139831907,0.0,58.42614960542308,0.9623610353422407,5.821276595744681,7.8588255528546895,-25.604754407645895,26.783662694748525,48.41702127659575,5.821276595744681,59.74442695117376,-25.604754407645895,0.0,0.0,0.0,0.0,1,1,1,1,1
878,0.878,48.47659574468085,5.7957446808510635,59.74442695117376,-25.604754407645895,65.0,47.50657505572663,0.0,51.94402754792449,0.0,58.59171071127741,0.9700206889542216,5.7957446808510635,7.800399403249266,-25.604754407645895,26.766577650608856,48.47659574468085,5.7957446808510635,59.74442695117376,-25.604754407645895,0.0,0.0,0.0,0.0,1,1,1,1,1
879,0.879,48.53617021276596,5.770212765957447,59.74442695117376,-25.604754407645895,65.0,47.55854837912991,0.0,52.00261925863577,0.0,58.74998748349284,0.97762183363605,5.770212765957447,7.741807692537989,-25.604754407645895,26.74956139124719,48.53617021276596,5.770212765957447,59.74442695117376,-25.604754407645895,0.0,0.0,0.0,0.0,1,1,1,1,1
880,0.88,48.59574468085106,5.74468085106383,59.74442695117376,-25.604754407645895,65.0,47.61058037338229,0.0,52.06136924611926,0.0,58.90103593732701,0.9851643074687715,5.74468085106383,7.683057705054495,-25.604754407645895,26.732617230175183,48.59574468085106,5.74468085106383,59.74442695117376,-25.604754407645895,0.0,0.0,0.0,0.0,1,1,1,1,1
881,0.881,48.65531914893617,5.719148936170213,59.74442695117376,-25.604754407645895,65.0,47.66267119314638,0.0,52.12027028205659,0.0,59.04491223833321,0.992647955789792,5.719148936170213,7.62415666911717,-25.604754407645895,26.715748411584986,48.65531914893617,5.719148936170213,59.74442695117376,-25.604754407645895,0.0,0.0,0.0,0.0,1,1,1,1,1
882,0.882,48.714893617021275,5.693617021276596,59.74442695117376,-25.604754407645895,65.0,47.71482098588455,0.0,52.17931519429492,0.0,59.18167269545879,1.0000726311367245,5.693617021276596,7.565111756878835,-25.604754407645895,26.698958110194642,48.714893617021275,5.693617021276596,59.74442695117376,-25.604754407645895,0.0,0.0,0.0,0.0,1,1,1,1,1
883,0.883,48.774468085106385,5.6680851063829785,59.74442695117376,-25.604754407645895,65.0,47.76702989191519,0.0,52.23849686699038,0.0,59.31137375419784,1.0074381931911915,5.6680851063829785,7.505930084183376,-25.604754407645895,26.682249431120137,48.774468085106385,5.6680851063829785,59.74442695117376,-25.604754407645895,0.0,0.0,0.0,0.0,1,1,1,1,1
884,0.884,48.83404255319149,5.642553191489362,59.74442695117376,-25.604754407645895,65.0,47.819298044469065,0.0,52.29780824074458,0.0,59.43407198980016,1.0147445087224227,5.642553191489362,7.446618710429178,-25.604754407645895,26.66562540977383,48.83404255319149,5.642553191489362,59.74442695117376,-25.604754407645895,0.0,0.0,0.0,0.0,1,1,1,1,1
885,0.885,48.8936170212766,5.617021276595745,59.74442695117376,-25.604754407645895,65.0,47.8716255697458,0.0,52.35724231273438,0.0,59.549824100532774,1.0219914515307948,5.617021276595745,7.387184638439379,-25.604754407645895,26.649089011789066,48.8936170212766,5.617021276595745,59.74442695117376,-25.604754407645895,0.0,0.0,0.0,0.0,1,1,1,1,1
886,0.886,48.9531914893617,5.591489361702128,59.74442695117376,-25.604754407645895,65.0,47.92401258697059,0.0,52.416792136834914,0.0,59.65868690099201,1.0291789023911093,5.591489361702128,7.327634814338843,-25.604754407645895,26.63264313297072,48.9531914893617,5.591489361702128,59.74442695117376,-25.604754407645895,0.0,0.0,0.0,0.0,1,1,1,1,1
887,0.887,49.01276595744681,5.565957446808511,59.74442695117376,-25.604754407645895,65.0,47.976459208450876,0.0,52.47645082373591,0.0,59.76071731547646,1.0363067489959334,5.565957446808511,7.267976127437848,-25.604754407645895,26.616290599271498,49.01276595744681,5.565957446808511,59.74442695117376,-25.604754407645895,0.0,0.0,0.0,0.0,1,1,1,1,1
888,0.888,49.07234042553191,5.540425531914893,59.74442695117376,-25.604754407645895,65.0,48.02896553963327,0.0,52.53621154105139,0.0,59.85597237140842,1.0433748858986434,5.540425531914893,7.208215410122371,-25.604754407645895,26.600034166793613,49.07234042553191,5.540425531914893,59.74442695117376,-25.604754407645895,0.0,0.0,0.0,0.0,1,1,1,1,1
889,0.889,49.13191489361702,5.514893617021277,59.74442695117376,-25.604754407645895,65.0,48.081531679160506,0.0,52.596067513422796,0.0,59.94450919281267,1.0503832144565166,5.514893617021277,7.148359437750962,-25.604754407645895,26.58387652181572,49.13191489361702,5.514893617021277,59.74442695117376,-25.604754407645895,0.0,0.0,0.0,0.0,1,1,1,1,1
890,0.89,49.191489361702125,5.48936170212766,59.74442695117376,-25.604754407645895,65.0,48.13415771892852,0.0,52.656012022615606,0.0,60.02638499384977,1.0573316427736046,5.48936170212766,7.0884149285581515,-25.604754407645895,26.567820280844796,49.191489361702125,5.48936170212766,59.74442695117376,-25.604754407645895,0.0,0.0,0.0,0.0,1,1,1,1,1
891,0.891,49.251063829787235,5.463829787234043,59.74442695117376,-25.604754407645895,65.0,48.18684374414364,0.0,52.71603840760945,0.0,60.101657072400926,1.0642200856435977,5.463829787234043,7.028388543564304,-25.604754407645895,26.55186799069263,49.251063829787235,5.463829787234043,59.74442695117376,-25.604754407645895,0.0,0.0,0.0,0.0,1,1,1,1,1
892,0.892,49.31063829787234,5.438297872340426,59.74442695117376,-25.604754407645895,65.0,48.23958983337978,0.0,52.776140064681854,0.0,60.17038280371449,1.0710484644925558,5.438297872340426,6.968286886491903,-25.604754407645895,26.536022128576786,49.31063829787234,5.438297872340426,59.74442695117376,-25.604754407645895,0.0,0.0,0.0,0.0,1,1,1,1,1
893,0.893,49.37021276595745,5.412765957446808,59.74442695117376,-25.604754407645895,65.0,48.292396058635866,0.0,52.836310447485566,0.0,60.23261963409766,1.0778167073215812,5.412765957446808,6.908116503688191,-25.604754407645895,26.520285102245623,49.37021276595745,5.412765957446808,59.74442695117376,-25.604754407645895,0.0,0.0,0.0,0.0,1,1,1,1,1
894,0.894,49.42978723404255,5.3872340425531915,59.74442695117376,-25.604754407645895,65.0,48.345262485393164,0.0,52.896543067119666,0.0,60.288425074671764,1.084524748649386,5.3872340425531915,6.847883884054092,-25.604754407645895,26.50465925012713,49.42978723404255,5.3872340425531915,59.74442695117376,-25.604754407645895,0.0,0.0,0.0,0.0,1,1,1,1,1
895,0.895,49.48936170212766,5.361702127659575,59.74442695117376,-25.604754407645895,65.0,48.39818917267282,0.0,52.95683149219434,0.0,60.33785669517538,1.0911725294548376,5.361702127659575,6.787595458979418,-25.604754407645895,26.48914684150133,49.48936170212766,5.361702127659575,59.74442695117376,-25.604754407645895,0.0,0.0,0.0,0.0,1,1,1,1,1
896,0.896,49.54893617021277,5.336170212765958,59.74442695117376,-25.604754407645895,65.0,48.451176173093366,0.0,53.01716934888952,0.0,60.38097211782913,1.0977599971194039,5.336170212765958,6.72725760228424,-25.604754407645895,26.47375007669584,49.54893617021277,5.336170212765958,59.74442695117376,-25.604754407645895,0.0,0.0,0.0,0.0,1,1,1,1,1
897,0.897,49.60851063829787,5.31063829787234,59.74442695117376,-25.604754407645895,65.0,48.504223532928314,0.0,53.077550321007344,0.0,60.417829011250475,1.1042871053695578,5.31063829787234,6.6668766301664135,-25.604754407645895,26.458471087304364,49.60851063829787,5.31063829787234,59.74442695117376,-25.604754407645895,0.0,0.0,0.0,0.0,1,1,1,1,1
898,0.898,49.66808510638298,5.285106382978723,59.74442695117376,-25.604754407645895,65.0,48.55733129216382,0.0,53.137968150018594,0.0,60.44848508442511,1.1107538142191586,5.285106382978723,6.6064588011551635,-25.604754407645895,26.44331193642775,49.66808510638298,5.285106382978723,59.74442695117376,-25.604754407645895,0.0,0.0,0.0,0.0,1,1,1,1,1
899,0.899,49.727659574468085,5.259574468085106,59.74442695117376,-25.604754407645895,65.0,48.610499484556385,0.0,53.198416635103015,0.0,60.472998080732815,1.1171600899116996,5.259574468085106,6.546010316070742,-25.604754407645895,26.42827461893732,49.727659574468085,5.259574468085106,59.74442695117376,-25.604754407645895,0.0,0.0,0.0,0.0,1,1,1,1,1
900,0.9,49.787234042553195,5.23404255319149,59.74442695117376,-25.604754407645895,65.0,48.66372813769053,0.0,53.25888963318375,0.0,60.49142577203119,1.123505904862661,5.23404255319149,6.485537317990008,-25.604754407645895,26.413361061760067,49.787234042553195,5.23404255319149,59.74442695117376,-25.604754407645895,0.0,0.0,0.0,0.0,1,1,1,1,1
901,0.901,49.8468085106383,5.208510638297872,59.74442695117376,-25.604754407645895,65.0,48.7170172730366,0.0,53.31938105895578,0.0,60.50382595279253,1.1297912376016939,5.208510638297872,6.42504589221798,-25.604754407645895,26.3985731241855,49.8468085106383,5.208510638297872,59.74442695117376,-25.604754407645895,0.0,0.0,0.0,0.0,1,1,1,1,1
902,0.902,49.90638297872341,5.182978723404255,59.74442695117376,-25.604754407645895,65.0,48.77036690600853,0.0,53.37988488490857,0.0,60.51025643429406,1.1360160727148738,5.182978723404255,6.364542066265187,-25.604754407645895,26.38391259819364,49.90638297872341,5.182978723404255,59.74442695117376,-25.604754407645895,0.0,0.0,0.0,0.0,1,1,1,1,1
903,0.903,49.96595744680851,5.157446808510638,59.74442695117376,-25.604754407645895,65.0,48.82377704602166,0.0,53.44039514134286,0.0,60.510775038866015,1.1421804007868488,5.157446808510638,6.304031809830896,-25.604754407645895,26.36938120880393,49.96595744680851,5.157446808510638,59.74442695117376,-25.604754407645895,0.0,0.0,0.0,0.0,1,1,1,1,1
904,0.904,50.02553191489362,5.131914893617021,59.74442695117376,-25.604754407645895,65.0,48.877247696550526,0.0,53.500905916381726,0.0,60.505439594196126,1.1482842183430932,5.131914893617021,6.243521034792032,-25.604754407645895,26.354980614444635,50.02553191489362,5.131914893617021,59.74442695117376,-25.604754407645895,0.0,0.0,0.0,0.0,1,1,1,1,1
905,0.905,50.08510638297872,5.1063829787234045,59.74442695117376,-25.604754407645895,65.0,48.9307788551867,0.0,53.56141135597592,0.0,60.49430792768605,1.1543275277920202,5.1063829787234045,6.183015595197837,-25.604754407645895,26.340712407342394,50.08510638297872,5.1063829787234045,59.74442695117376,-25.604754407645895,0.0,0.0,0.0,0.0,1,1,1,1,1
906,0.906,50.14468085106383,5.080851063829787,59.74442695117376,-25.604754407645895,65.0,48.984370513696646,0.0,53.621905663903604,0.0,60.47743786086317,1.1603103373671857,5.080851063829787,6.122521287270153,-25.604754407645895,26.326578113931518,50.14468085106383,5.080851063829787,59.74442695117376,-25.604754407645895,0.0,0.0,0.0,0.0,1,1,1,1,1
907,0.907,50.204255319148935,5.05531914893617,59.74442695117376,-25.604754407645895,65.0,49.03802265807948,0.0,53.682383101764465,0.0,60.45488720385333,1.1662326610694578,5.05531914893617,6.062043849409292,-25.604754407645895,26.31257919528268,50.204255319148935,5.05531914893617,59.74442695117376,-25.604754407645895,0.0,0.0,0.0,0.0,1,1,1,1,1
908,0.908,50.263829787234044,5.029787234042553,59.74442695117376,-25.604754407645895,65.0,49.091735268624845,0.0,53.74283798896832,0.0,60.426713749899015,1.1720945186091996,5.029787234042553,6.001588962205439,-25.604754407645895,26.29871704755059,50.263829787234044,5.029787234042553,59.74442695117376,-25.604754407645895,0.0,0.0,0.0,0.0,1,1,1,1,1
909,0.909,50.32340425531915,5.004255319148936,59.74442695117376,-25.604754407645895,65.0,49.14550831997069,0.0,53.80326470271822,0.0,60.39297526994323,1.1778959353484595,5.004255319148936,5.941162248455541,-25.604754407645895,26.284993002440295,50.32340425531915,5.004255319148936,59.74442695117376,-25.604754407645895,0.0,0.0,0.0,0.0,1,1,1,1,1
910,0.91,50.38297872340426,4.9787234042553195,59.74442695117376,-25.604754407645895,65.0,49.19934178116104,0.0,53.86365767798816,0.0,60.35372950726105,1.1836369422432185,4.9787234042553195,5.880769273185599,-25.604754407645895,26.271408327691642,50.38297872340426,4.9787234042553195,59.74442695117376,-25.604754407645895,0.0,0.0,0.0,0.0,1,1,1,1,1
911,0.911,50.44255319148936,4.953191489361702,59.74442695117376,-25.604754407645895,65.0,49.25323561570378,0.0,53.92401140749542,0.0,60.30903417214895,1.18931757578558,4.953191489361702,5.820415543678337,-25.604754407645895,26.25796422758159,50.44255319148936,4.953191489361702,59.74442695117376,-25.604754407645895,0.0,0.0,0.0,0.0,1,1,1,1,1
912,0.912,50.50212765957447,4.927659574468085,59.74442695117376,-25.604754407645895,65.0,49.30718978162836,0.0,53.98432044166757,0.0,60.25894693667104,1.19493787794611,4.927659574468085,5.760106509506187,-25.604754407645895,26.244661843443847,50.50212765957447,4.927659574468085,59.74442695117376,-25.604754407645895,0.0,0.0,0.0,0.0,1,1,1,1,1
913,0.913,50.56170212765957,4.902127659574468,59.74442695117376,-25.604754407645895,65.0,49.36120423154349,0.0,54.04457938860424,0.0,60.20352542945759,1.200497896116083,4.902127659574468,5.699847562569516,-25.604754407645895,26.231502254205562,50.56170212765957,4.902127659574468,59.74442695117376,-25.604754407645895,0.0,0.0,0.0,0.0,1,1,1,1,1
914,0.914,50.62127659574468,4.876595744680851,59.74442695117376,-25.604754407645895,65.0,49.41527891269481,0.0,54.1047829140337,0.0,60.14282723055854,1.2059976830498726,4.876595744680851,5.639644037140059,-25.604754407645895,26.21848647694049,50.62127659574468,4.876595744680851,59.74442695117376,-25.604754407645895,0.0,0.0,0.0,0.0,1,1,1,1,1
915,0.915,50.680851063829785,4.851063829787234,59.74442695117376,-25.604754407645895,65.0,49.46941376702246,0.0,54.164925741264256,0.0,60.0769098663571,1.2114372968073255,4.851063829787234,5.579501209909502,-25.604754407645895,26.20561546743834,50.680851063829785,4.851063829787234,59.74442695117376,-25.604754407645895,0.0,0.0,0.0,0.0,1,1,1,1,1
916,0.916,50.740425531914894,4.825531914893617,59.74442695117376,-25.604754407645895,65.0,49.52360873121865,0.0,54.225002651130616,0.0,60.005830804532245,1.2168168006962432,4.825531914893617,5.519424300043141,-25.604754407645895,26.192890120789812,50.740425531914894,4.825531914893617,59.74442695117376,-25.604754407645895,0.0,0.0,0.0,0.0,1,1,1,1,1
917,0.917,50.8,4.8,59.74442695117376,-25.604754407645895,65.0,49.57786373678518,0.0,54.28500848193515,0.0,59.92964744907704,1.2221362632148143,4.8,5.4594184692386065,-25.604754407645895,26.180311271986923,50.8,4.8,59.74442695117376,-25.604754407645895,0.0,0.0,0.0,0.0,1,1,1,1,1
918,0.918,50.85957446808511,4.774468085106383,59.74442695117376,-25.604754407645895,65.0,49.63217871009084,0.0,54.344938129384225,0.0,59.84841713537702,1.227395757994266,4.774468085106383,5.399488821789532,-25.604754407645895,26.167879696538122,50.85957446808511,4.774468085106383,59.74442695117376,-25.604754407645895,0.0,0.0,0.0,0.0,1,1,1,1,1
919,0.919,50.91914893617021,4.748936170212766,59.74442695117376,-25.604754407645895,65.0,49.68655357242879,0.0,54.4047865465196,0.0,59.76219712533746,1.2325953637414173,4.748936170212766,5.339640404654155,-25.604754407645895,26.155596111097854,50.91914893617021,4.748936170212766,59.74442695117376,-25.604754407645895,0.0,0.0,0.0,0.0,1,1,1,1,1
920,0.92,50.97872340425532,4.723404255319149,59.74442695117376,-25.604754407645895,65.0,49.740988240073875,0.0,54.46454874364494,0.0,59.67104460256826,1.2377351641814442,4.723404255319149,5.279878207528817,-25.604754407645895,26.14346117411005,50.97872340425532,4.723404255319149,59.74442695117376,-25.604754407645895,0.0,0.0,0.0,0.0,1,1,1,1,1
921,0.921,51.03829787234042,4.697872340425532,59.74442695117376,-25.604754407645895,65.0,49.79548262433982,0.0,54.52421978824751,0.0,59.575016667624155,1.2428152480006034,4.697872340425532,5.2202071629262505,-25.604754407645895,26.13147548646514,51.03829787234042,4.697872340425532,59.74442695117376,-25.604754407645895,0.0,0.0,0.0,0.0,1,1,1,1,1
922,0.922,51.09787234042553,4.672340425531915,59.74442695117376,-25.604754407645895,65.0,49.8500366316364,0.0,54.58379480491513,0.0,59.474170333296364,1.2478357087891325,4.672340425531915,5.160632146258628,-25.604754407645895,26.1196395921701,51.09787234042553,4.672340425531915,59.74442695117376,-25.604754407645895,0.0,0.0,0.0,0.0,1,1,1,1,1
923,0.923,51.15744680851064,4.646808510638298,59.74442695117376,-25.604754407645895,65.0,49.904650163526476,0.0,54.643268975248425,0.0,59.36856251996358,1.2527966449841657,4.646808510638298,5.101157975925332,-25.604754407645895,26.10795397903115,51.15744680851064,4.646808510638298,59.74442695117376,-25.604754407645895,0.0,0.0,0.0,0.0,1,1,1,1,1
924,0.924,51.217021276595744,4.621276595744681,59.74442695117376,-25.604754407645895,65.0,49.95932311678298,0.0,54.70263753776839,0.0,59.258250050991705,1.2576981598127617,4.621276595744681,5.041789413405368,-25.604754407645895,26.096419079348575,51.217021276595744,4.621276595744681,59.74442695117376,-25.604754407645895,0.0,0.0,0.0,0.0,1,1,1,1,1
925,0.925,51.276595744680854,4.595744680851064,59.74442695117376,-25.604754407645895,65.0,50.01405538344577,0.0,54.761895787819384,0.0,59.14328964819435,1.2625403612350823,4.595744680851064,4.982531163354373,-25.604754407645895,26.08503527062326,51.276595744680854,4.595744680851064,59.74442695117376,-25.604754407645895,0.0,0.0,0.0,0.0,1,1,1,1,1
926,0.926,51.33617021276596,4.5702127659574465,59.74442695117376,-25.604754407645895,65.0,50.068846850878415,0.0,54.82103907746758,0.0,59.02373792734131,1.2673233618875415,4.5702127659574465,4.923387873706176,-25.604754407645895,26.07380287627447,51.33617021276596,4.5702127659574465,59.74442695117376,-25.604754407645895,0.0,0.0,0.0,0.0,1,1,1,1,1
927,0.927,51.39574468085107,4.54468085106383,59.74442695117376,-25.604754407645895,65.0,50.12369740182485,0.0,54.88006281539492,0.0,58.899651393726714,1.2720472790262178,4.54468085106383,4.864364135778835,-25.604754407645895,26.06272216636845,51.39574468085107,4.54468085106383,59.74442695117376,-25.604754407645895,0.0,0.0,0.0,0.0,1,1,1,1,1
928,0.928,51.45531914893617,4.519148936170213,59.74442695117376,-25.604754407645895,65.0,50.17860691446594,0.0,54.938962466788645,0.0,58.771086437788,1.2767122344702315,4.519148936170213,4.805464484385112,-25.604754407645895,26.051793358357283,51.45531914893617,4.519148936170213,59.74442695117376,-25.604754407645895,0.0,0.0,0.0,0.0,1,1,1,1,1
929,0.929,51.51489361702128,4.493617021276596,59.74442695117376,-25.604754407645895,65.0,50.233575262475945,0.0,54.99773355322643,0.0,58.63809933077811,1.2813183545453342,4.493617021276596,4.746693397947325,-25.604754407645895,26.041016617827704,51.51489361702128,4.493617021276596,59.74442695117376,-25.604754407645895,0.0,0.0,0.0,0.0,1,1,1,1,1
930,0.9299999999999999,51.57446808510638,4.468085106382979,59.74442695117376,-25.604754407645895,65.0,50.28860231507884,0.0,55.05637165255721,0.0,58.50074622049507,1.2858657700275415,4.468085106382979,4.688055298616547,-25.604754407645895,26.03039205925928,51.57446808510638,4.468085106382979,59.74442695117376,-25.604754407645895,0.0,0.0,0.0,0.0,1,1,1,1,1
931,0.931,51.63404255319149,4.4425531914893615,59.74442695117376,-25.604754407645895,65.0,50.343687937104505,0.0,55.114872398777706,0.0,58.359083127063826,1.2903546160869865,4.4425531914893615,4.629554552396051,-25.604754407645895,26.01991974679155,51.63404255319149,4.4425531914893615,59.74442695117376,-25.604754407645895,0.0,0.0,0.0,0.0,1,1,1,1,1
932,0.9319999999999999,51.693617021276594,4.417021276595745,59.74442695117376,-25.604754407645895,65.0,50.398831989044844,0.0,55.17323148190477,0.0,58.2131659387684,1.2947850322317507,4.417021276595745,4.571195469268986,-25.604754407645895,26.009599694999675,51.693617021276594,4.417021276595745,59.74442695117376,-25.604754407645895,0.0,0.0,0.0,0.0,1,1,1,1,1
933,0.933,51.753191489361704,4.391489361702128,59.74442695117376,-25.604754407645895,65.0,50.45403432710972,0.0,55.23144464784354,0.0,58.06305040794313,1.299157162251987,4.391489361702128,4.512982303330219,-25.604754407645895,25.99943186967811,51.753191489361704,4.391489361702128,59.74442695117376,-25.604754407645895,0.0,0.0,0.0,0.0,1,1,1,1,1
934,0.9339999999999999,51.81276595744681,4.36595744680851,59.74442695117376,-25.604754407645895,65.0,50.509294803282764,0.0,55.289507698251484,0.0,57.90879214691369,1.3034711541640434,4.36595744680851,4.454919252922274,-25.604754407645895,25.989416188631854,51.81276595744681,4.36595744680851,59.74442695117376,-25.604754407645895,0.0,0.0,0.0,0.0,1,1,1,1,1
935,0.935,51.87234042553192,4.340425531914894,59.74442695117376,-25.604754407645895,65.0,50.56461326537708,0.0,55.347416490398395,0.0,57.7504466239927,1.3077271601548333,4.340425531914894,4.397010460775363,-25.604754407645895,25.97955252247486,51.87234042553192,4.340425531914894,59.74442695117376,-25.604754407645895,0.0,0.0,0.0,0.0,1,1,1,1,1
936,0.9359999999999999,51.93191489361702,4.314893617021276,59.74442695117376,-25.604754407645895,65.0,50.6199895570908,0.0,55.405166937022386,0.0,57.58806915952627,1.3119253365262225,4.314893617021276,4.339260014151371,-25.604754407645895,25.969840695435057,51.93191489361702,4.314893617021276,59.74442695117376,-25.604754407645895,0.0,0.0,0.0,0.0,1,1,1,1,1
937,0.937,51.99148936170213,4.2893617021276595,59.74442695117376,-25.604754407645895,65.0,50.675423518062395,0.0,55.462755006181915,0.0,57.421714921999,1.3160658436397341,4.2893617021276595,4.281671944991842,-25.604754407645895,25.960280486165633,51.99148936170213,4.2893617021276595,59.74442695117376,-25.604754407645895,0.0,0.0,0.0,0.0,1,1,1,1,1
938,0.938,52.05106382978723,4.263829787234043,59.74442695117376,-25.604754407645895,65.0,50.73091498392604,0.0,55.520176721103915,0.0,57.251438924183546,1.3201488458611905,4.263829787234043,4.224250230069842,-25.604754407645895,25.950871628562055,52.05106382978723,4.263829787234043,59.74442695117376,-25.604754407645895,0.0,0.0,0.0,0.0,1,1,1,1,1
939,0.9390000000000001,52.11063829787234,4.238297872340426,59.74442695117376,-25.604754407645895,65.0,50.7864637863666,0.0,55.5774281600281,0.0,57.07729601935235,1.3241745115057384,4.238297872340426,4.166998791145659,-25.604754407645895,25.94161381258443,52.11063829787234,4.238297872340426,59.74442695117376,-25.604754407645895,0.0,0.0,0.0,0.0,1,1,1,1,1
940,0.94,52.170212765957444,4.212765957446809,59.74442695117376,-25.604754407645895,65.0,50.84206975317464,0.0,55.63450545604745,0.0,56.89934089753223,1.3281430127828031,4.212765957446809,4.109921495126308,-25.604754407645895,25.93250668508471,52.170212765957444,4.212765957446809,59.74442695117376,-25.604754407645895,0.0,0.0,0.0,0.0,1,1,1,1,1
941,0.9410000000000001,52.229787234042554,4.187234042553191,59.74442695117376,-25.604754407645895,65.0,50.897732708301135,0.0,55.69140479694498,0.0,56.717628081820166,1.3320545257414196,4.187234042553191,4.053022154228778,-25.604754407645895,25.92354985063834,52.229787234042554,4.187234042553191,59.74442695117376,-25.604754407645895,0.0,0.0,0.0,0.0,1,1,1,1,1
942,0.942,52.28936170212766,4.1617021276595745,59.74442695117376,-25.604754407645895,65.0,50.95345247191212,0.0,55.7481224250268,0.0,56.53221192474458,1.3359092302155346,4.1617021276595745,3.9963045261469574,-25.604754407645895,25.914742872379897,52.28936170212766,4.1617021276595745,59.74442695117376,-25.604754407645895,0.0,0.0,0.0,0.0,1,1,1,1,1
943,0.943,52.34893617021277,4.136170212765958,59.74442695117376,-25.604754407645895,65.0,51.009228860443116,0.0,55.80465463695155,0.0,56.34314660468336,1.3397073097696506,4.136170212765958,3.9397723142222105,-25.604754407645895,25.906085272842244,52.34893617021277,4.136170212765958,59.74442695117376,-25.604754407645895,0.0,0.0,0.0,0.0,1,1,1,1,1
944,0.944,52.40851063829787,4.11063829787234,59.74442695117376,-25.604754407645895,65.0,51.06506168665337,0.0,55.86099778355623,0.0,56.15048612233178,1.343448951644497,4.11063829787234,3.8834291676175283,-25.604754407645895,25.89757653479886,52.40851063829787,4.11063829787234,59.74442695117376,-25.604754407645895,0.0,0.0,0.0,0.0,1,1,1,1,1
945,0.945,52.46808510638298,4.085106382978723,59.74442695117376,-25.604754407645895,65.0,51.120950759679985,0.0,55.91714826967856,0.0,55.9542842972215,1.347134346702994,4.085106382978723,3.8272786814951942,-25.604754407645895,25.889216102108797,52.46808510638298,4.085106382978723,59.74442695117376,-25.604754407645895,0.0,0.0,0.0,0.0,1,1,1,1,1
946,0.946,52.52765957446809,4.059574468085106,59.74442695117376,-25.604754407645895,65.0,51.17689588509181,0.0,55.973102553975785,0.0,55.75459476429122,1.3507636893762793,4.059574468085106,3.771324397197972,-25.604754407645895,25.88100338056395,52.52765957446809,4.059574468085106,59.74442695117376,-25.604754407645895,0.0,0.0,0.0,0.0,1,1,1,1,1
947,0.947,52.58723404255319,4.034042553191489,59.74442695117376,-25.604754407645895,65.0,51.23289686494317,0.0,56.02885714874007,0.0,55.55147097051096,1.3543371776100201,4.034042553191489,3.7155698024336843,-25.604754407645895,25.872937738738116,52.58723404255319,4.034042553191489,59.74442695117376,-25.604754407645895,0.0,0.0,0.0,0.0,1,1,1,1,1
948,0.948,52.646808510638294,4.008510638297873,59.74442695117376,-25.604754407645895,65.0,51.28895349782739,0.0,56.08440861971059,0.0,55.344966171557125,1.3578550128109015,4.008510638297873,3.6600183314631707,-25.604754407645895,25.865018508837537,52.646808510638294,4.008510638297873,59.74442695117376,-25.604754407645895,0.0,0.0,0.0,0.0,1,1,1,1,1
949,0.949,52.706382978723404,3.9829787234042553,59.74442695117376,-25.604754407645895,65.0,51.34506557893019,0.0,56.13975358588215,0.0,55.13513342853422,1.361317399793215,3.9829787234042553,3.6046733652916103,-25.604754407645895,25.85724498755242,52.706382978723404,3.9829787234042553,59.74442695117376,-25.604754407645895,0.0,0.0,0.0,0.0,1,1,1,1,1
950,0.95,52.765957446808514,3.9574468085106385,59.74442695117376,-25.604754407645895,65.0,51.40123290008278,0.0,56.19488871931068,0.0,54.922025604754324,1.364724546725732,3.9574468085106385,3.5495382318630746,-25.604754407645895,25.84961643690907,52.765957446808514,3.9574468085106385,59.74442695117376,-25.604754407645895,0.0,0.0,0.0,0.0,1,1,1,1,1
951,0.951,52.82553191489362,3.931914893617021,59.74442695117376,-25.604754407645895,65.0,51.4574552498149,0.0,56.249810744915436,0.0,54.70569536256045,1.3680766650787177,3.931914893617021,3.4946162062583213,-25.604754407645895,25.842132085122255,52.82553191489362,3.931914893617021,59.74442695117376,-25.604754407645895,0.0,0.0,0.0,0.0,1,1,1,1,1
952,0.952,52.88510638297873,3.9063829787234043,59.74442695117376,-25.604754407645895,65.0,51.513732413407496,0.0,56.30451644027799,0.0,54.486195160207544,1.3713739695712306,3.9063829787234043,3.439910510895764,-25.604754407645895,25.834791127447364,52.88510638297873,3.9063829787234043,59.74442695117376,-25.604754407645895,0.0,0.0,0.0,0.0,1,1,1,1,1
953,0.953,52.94468085106383,3.880851063829787,59.74442695117376,-25.604754407645895,65.0,51.57006417294535,0.0,56.3590026354382,0.0,54.26357724878694,1.3746166781184783,3.880851063829787,3.3854243157355555,-25.604754407645895,25.827592727031984,52.94468085106383,3.880851063829787,59.74442695117376,-25.604754407645895,0.0,0.0,0.0,0.0,1,1,1,1,1
954,0.954,53.00425531914894,3.8553191489361702,59.74442695117376,-25.604754407645895,65.0,51.62645030736942,0.0,56.41326621268699,0.0,54.03789366920357,1.3778050117795217,3.8553191489361702,3.3311607384867656,-25.604754407645895,25.82053601576655,53.00425531914894,3.8553191489361702,59.74442695117376,-25.604754407645895,0.0,0.0,0.0,0.0,1,1,1,1,1
955,0.955,53.06382978723404,3.829787234042553,59.74442695117376,-25.604754407645895,65.0,51.68289059252894,0.0,56.467304106356195,0.0,53.80919624920649,1.3809391947050997,3.829787234042553,3.277122844817562,-25.604754407645895,25.813620095133636,53.06382978723404,3.829787234042553,59.74442695117376,-25.604754407645895,0.0,0.0,0.0,0.0,1,1,1,1,1
956,0.956,53.12340425531915,3.804255319148936,59.74442695117376,-25.604754407645895,65.0,51.73938480123342,0.0,56.5211133026054,0.0,53.577536600463816,1.3840194540857311,3.804255319148936,3.2233136485683573,-25.604754407645895,25.806844037055537,53.12340425531915,3.804255319148936,59.74442695117376,-25.604754407645895,0.0,0.0,0.0,0.0,1,1,1,1,1
957,0.957,53.182978723404254,3.7787234042553193,59.74442695117376,-25.604754407645895,65.0,51.79593270330433,0.0,56.574690839205864,0.0,53.34296611568841,1.3870460200999233,3.7787234042553193,3.169736111967893,-25.604754407645895,25.800206884739804,53.182978723404254,3.7787234042553193,59.74442695117376,-25.604754407645895,0.0,0.0,0.0,0.0,1,1,1,1,1
958,0.958,53.242553191489364,3.7531914893617024,59.74442695117376,-25.604754407645895,65.0,51.85253406562659,0.0,56.62803380532155,0.0,53.10553596581756,1.3900191258627714,3.7531914893617024,3.116393145852207,-25.604754407645895,25.793707653522333,53.242553191489364,3.7531914893617024,59.74442695117376,-25.604754407645895,0.0,0.0,0.0,0.0,1,1,1,1,1
959,0.959,53.30212765957447,3.727659574468085,59.74442695117376,-25.604754407645895,65.0,51.9091886521999,0.0,56.68113934128737,0.0,52.86529709723295,1.392939007374565,3.727659574468085,3.0632876098863875,-25.604754407645895,25.78734533170767,53.30212765957447,3.727659574468085,59.74442695117376,-25.604754407645895,0.0,0.0,0.0,0.0,1,1,1,1,1
960,0.96,53.361702127659576,3.702127659574468,59.74442695117376,-25.604754407645895,65.0,51.965896224189734,0.0,56.734004638384604,0.0,52.62230022904001,1.3958059034698422,3.702127659574468,3.010422312789153,-25.604754407645895,25.78111888140623,53.361702127659576,3.702127659574468,59.74442695117376,-25.604754407645895,0.0,0.0,0.0,0.0,1,1,1,1,1
961,0.961,53.42127659574468,3.676595744680851,59.74442695117376,-25.604754407645895,65.0,52.022656539978236,0.0,56.786626938613644,0.0,52.37659585038514,1.3986200557664432,3.676595744680851,2.9578000125601136,-25.604754407645895,25.775027239368004,53.42127659574468,3.676595744680851,59.74442695117376,-25.604754407645895,0.0,0.0,0.0,0.0,1,1,1,1,1
962,0.962,53.48085106382979,3.651063829787234,59.74442695117376,-25.604754407645895,65.0,52.07946935521477,0.0,56.83900353446403,0.0,52.12823421783224,1.4013817086150198,3.651063829787234,2.9054234167097306,-25.604754407645895,25.76906931781253,53.48085106382979,3.651063829787234,59.74442695117376,-25.604754407645895,0.0,0.0,0.0,0.0,1,1,1,1,1
963,0.963,53.54042553191489,3.625531914893617,59.74442695117376,-25.604754407645895,65.0,52.13633442286634,0.0,56.89113176868186,0.0,51.877265352775964,1.4040911090485508,3.625531914893617,2.853295182491898,-25.604754407645895,25.763244005254723,53.54042553191489,3.625531914893617,59.74442695117376,-25.604754407645895,0.0,0.0,0.0,0.0,1,1,1,1,1
964,0.964,53.6,3.5999999999999996,59.74442695117376,-25.604754407645895,65.0,52.193251493267695,0.0,56.94300903403464,0.0,51.62373903891433,1.4067485067323062,3.5999999999999996,2.801417917139119,-25.604754407645895,25.75755016732628,53.6,3.5999999999999996,59.74442695117376,-25.604754407645895,0.0,0.0,0.0,0.0,1,1,1,1,1
965,0.965,53.659574468085104,3.5744680851063833,59.74442695117376,-25.604754407645895,65.0,52.25022031417125,0.0,56.994632773073555,0.0,51.36770481975967,1.4093541539138528,3.5744680851063833,2.7497941781002027,-25.604754407645895,25.751986647592368,53.659574468085104,3.5744680851063833,59.74442695117376,-25.604754407645895,0.0,0.0,0.0,0.0,1,1,1,1,1
966,0.966,53.719148936170214,3.548936170212766,59.74442695117376,-25.604754407645895,65.0,52.307240630796734,0.0,57.046000477893315,0.0,51.10921199620509,1.4119083053734798,3.548936170212766,2.698426473280442,-25.604754407645895,25.746552268363285,53.719148936170214,3.548936170212766,59.74442695117376,-25.604754407645895,0.0,0.0,0.0,0.0,1,1,1,1,1
967,0.967,53.77872340425532,3.523404255319149,59.74442695117376,-25.604754407645895,65.0,52.36431218588063,0.0,57.09710968988952,0.0,50.84830962413018,1.4144112183746884,3.523404255319149,2.647317261284236,-25.604754407645895,25.741245831500763,53.77872340425532,3.523404255319149,59.74442695117376,-25.604754407645895,0.0,0.0,0.0,0.0,1,1,1,1,1
968,0.968,53.838297872340426,3.497872340425532,59.74442695117376,-25.604754407645895,65.0,52.42143471972533,0.0,57.14795799951365,0.0,50.58504651206118,1.4168631526150932,3.497872340425532,2.596468951660107,-25.604754407645895,25.7360661192187,53.838297872340426,3.497872340425532,59.74442695117376,-25.604754407645895,0.0,0.0,0.0,0.0,1,1,1,1,1
969,0.969,53.89787234042553,3.472340425531915,59.74442695117376,-25.604754407645895,65.0,52.4786079702481,0.0,57.19854304602571,0.0,50.31947121887387,1.4192643701774301,3.472340425531915,2.5458839051480453,-25.604754407645895,25.731011894878012,53.89787234042553,3.472340425531915,59.74442695117376,-25.604754407645895,0.0,0.0,0.0,0.0,1,1,1,1,1
970,0.97,53.95744680851064,3.4468085106382977,59.74442695117376,-25.604754407645895,65.0,52.53583167302973,0.0,57.24886251724459,0.0,50.05163205154183,1.4216151354809057,3.4468085106382977,2.495564433929168,-25.604754407645895,25.726081903775285,53.95744680851064,3.4468085106382977,59.74442695117376,-25.604754407645895,0.0,0.0,0.0,0.0,1,1,1,1,1
971,0.971,54.01702127659574,3.421276595744681,59.74442695117376,-25.604754407645895,65.0,52.593105561363004,0.0,57.29891414929613,0.0,49.78157706293651,1.423915715232738,3.421276595744681,2.4455128018776264,-25.604754407645895,25.721274873925072,54.01702127659574,3.421276595744681,59.74442695117376,-25.604754407645895,0.0,0.0,0.0,0.0,1,1,1,1,1
972,0.972,54.07659574468085,3.3957446808510636,59.74442695117376,-25.604754407645895,65.0,52.650429366300834,0.0,57.34869572635907,0.0,49.5093540496682,1.4261663783800174,3.3957446808510636,2.395731224814689,-25.604754407645895,25.71658951683551,54.07659574468085,3.3957446808510636,59.74442695117376,-25.604754407645895,0.0,0.0,0.0,0.0,1,1,1,1,1
973,0.973,54.13617021276596,3.370212765957447,59.74442695117376,-25.604754407645895,65.0,52.70780281670422,0.0,57.39820508040874,0.0,49.235010549975165,1.4283673960617378,3.370212765957447,2.346221870765021,-25.604754407645895,25.712024528277,54.13617021276596,3.370212765957447,59.74442695117376,-25.604754407645895,0.0,0.0,0.0,0.0,1,1,1,1,1
974,0.974,54.195744680851064,3.34468085106383,59.74442695117376,-25.604754407645895,65.0,52.76522563928991,0.0,57.447440090958715,0.0,48.95859384165917,1.4305190415611548,3.34468085106383,2.2969868602150427,-25.604754407645895,25.707578589043784,54.195744680851064,3.34468085106383,59.74442695117376,-25.604754407645895,0.0,0.0,0.0,0.0,1,1,1,1,1
975,0.975,54.25531914893617,3.3191489361702127,59.74442695117376,-25.604754407645895,65.0,52.82269755867779,0.0,57.496398684800376,0.0,48.680150940063506,1.4326215902583783,3.3191489361702127,2.2480282663733817,-25.604754407645895,25.70325036570814,54.25531914893617,3.3191489361702127,59.74442695117376,-25.604754407645895,0.0,0.0,0.0,0.0,1,1,1,1,1
976,0.976,54.314893617021276,3.293617021276596,59.74442695117376,-25.604754407645895,65.0,52.880218297438056,0.0,57.54507883574044,0.0,48.39972859609895,1.4346753195832207,3.293617021276596,2.1993481154333168,-25.604754407645895,25.699038511366957,54.314893617021276,3.293617021276596,59.74442695117376,-25.604754407645895,0.0,0.0,0.0,0.0,1,1,1,1,1
977,0.977,54.374468085106386,3.268085106382979,59.74442695117376,-25.604754407645895,65.0,52.93778757613809,0.0,57.59347856433654,0.0,48.11737329431319,1.4366805089682941,3.268085106382979,2.1509483868372143,-25.604754407645895,25.694941666380554,54.374468085106386,3.268085106382979,59.74442695117376,-25.604754407645895,0.0,0.0,0.0,0.0,1,1,1,1,1
978,0.978,54.43404255319149,3.2425531914893617,59.74442695117376,-25.604754407645895,65.0,52.995405113389076,0.0,57.64159593763085,0.0,47.833131251005696,1.438637439802413,3.2425531914893617,2.102831013542904,-25.604754407645895,25.690958459103463,54.43404255319149,3.2425531914893617,59.74442695117376,-25.604754407645895,0.0,0.0,0.0,0.0,1,1,1,1,1
979,0.979,54.4936170212766,3.2170212765957444,59.74442695117376,-25.604754407645895,65.0,53.05307062589233,0.0,57.68942906888186,0.0,47.54704841238729,1.440546395384267,3.2170212765957444,2.0549978822919,-25.604754407645895,25.687087506607014,54.4936170212766,3.2170212765957444,59.74442695117376,-25.604754407645895,0.0,0.0,0.0,0.0,1,1,1,1,1
980,0.98,54.5531914893617,3.1914893617021276,59.74442695117376,-25.604754407645895,65.0,53.11078382848542,0.0,57.73697611729425,0.0,47.25917045278211,1.4424076608762846,3.1914893617021276,2.00745083387951,-25.604754407645895,25.683327415393542,54.5531914893617,3.1914893617021276,59.74442695117376,-25.604754407645895,0.0,0.0,0.0,0.0,1,1,1,1,1
981,0.981,54.61276595744681,3.1659574468085108,59.74442695117376,-25.604754407645895,65.0,53.16854443418794,0.0,57.78423528774703,0.0,46.96954277287373,1.444221523258868,3.1659574468085108,1.960191663426727,-25.604754407645895,25.67967678210202,54.61276595744681,3.1659574468085108,59.74442695117376,-25.604754407645895,0.0,0.0,0.0,0.0,1,1,1,1,1
982,0.982,54.672340425531914,3.1404255319148935,59.74442695117376,-25.604754407645895,65.0,53.22635215424708,0.0,57.8312048305199,0.0,46.67821049799908,1.4459882712848326,3.1404255319148935,1.913222120653856,-25.604754407645895,25.67613419420496,54.672340425531914,3.1404255319148935,59.74442695117376,-25.604754407645895,0.0,0.0,0.0,0.0,1,1,1,1,1
983,0.983,54.731914893617024,3.1148936170212767,59.74442695117376,-25.604754407645895,65.0,53.28420669818285,0.0,57.8778830410179,0.0,46.38521847647908,1.4477081954341742,3.1148936170212767,1.8665439101558547,-25.604754407645895,25.672698230696394,54.731914893617024,3.1148936170212767,59.74442695117376,-25.604754407645895,0.0,0.0,0.0,0.0,1,1,1,1,1
984,0.984,54.791489361702126,3.08936170212766,59.74442695117376,-25.604754407645895,65.0,53.342107773833106,0.0,57.92426825949438,0.0,46.090611277996125,1.44938158786902,3.08936170212766,1.8201586916793744,-25.604754407645895,25.669367462770833,54.791489361702126,3.08936170212766,59.74442695117376,-25.604754407645895,0.0,0.0,0.0,0.0,1,1,1,1,1
985,0.985,54.851063829787236,3.0638297872340425,59.74442695117376,-25.604754407645895,65.0,53.400055087398236,0.0,57.97035887077238,0.0,45.79443319201514,1.451008742389,3.0638297872340425,1.7740680804013778,-25.604754407645895,25.666140454492975,54.851063829787236,3.0638297872340425,59.74442695117376,-25.604754407645895,0.0,0.0,0.0,0.0,1,1,1,1,1
986,0.986,54.91063829787234,3.0382978723404257,59.74442695117376,-25.604754407645895,65.0,53.45804834348561,0.0,58.016153303964394,0.0,45.49672822624382,1.452589954386731,3.0382978723404257,1.7282736472093632,-25.604754407645895,25.663015763458127,54.91063829787234,3.0382978723404257,59.74442695117376,-25.604754407645895,0.0,0.0,0.0,0.0,1,1,1,1,1
987,0.987,54.97021276595745,3.0127659574468084,59.74442695117376,-25.604754407645895,65.0,53.516087245153685,0.0,58.06165003219064,0.0,45.19754010514038,1.454125520803764,3.0127659574468084,1.6827769189831159,-25.604754407645895,25.65999194144309,54.97021276595745,3.0127659574468084,59.74442695117376,-25.604754407645895,0.0,0.0,0.0,0.0,1,1,1,1,1
988,0.988,55.02978723404255,2.987234042553192,59.74442695117376,-25.604754407645895,65.0,53.57417149395593,0.0,58.106847572295784,0.0,44.89691226845692,1.4556157400866212,2.987234042553192,1.6375793788779731,-25.604754407645895,25.6570675350475,55.02978723404255,2.987234042553192,59.74442695117376,-25.604754407645895,0.0,0.0,0.0,0.0,1,1,1,1,1
989,0.989,55.08936170212766,2.9617021276595747,59.74442695117376,-25.604754407645895,65.0,53.63230078998436,0.0,58.15174448456424,0.0,44.59488786983027,1.457060912143298,2.9617021276595747,1.5926824666095172,-25.604754407645895,25.65424108632542,55.08936170212766,2.9617021276595747,59.74442695117376,-25.604754407645895,0.0,0.0,0.0,0.0,1,1,1,1,1
990,0.99,55.148936170212764,2.9361702127659575,59.74442695117376,-25.604754407645895,65.0,53.69047483191286,0.0,58.19633937243407,0.0,44.29150977541128,1.4584613382999052,2.9361702127659575,1.5480875787396897,-25.604754407645895,25.65151113340713,55.148936170212764,2.9361702127659575,59.74442695117376,-25.604754407645895,0.0,0.0,0.0,0.0,1,1,1,1,1
991,0.991,55.208510638297874,2.9106382978723406,59.74442695117376,-25.604754407645895,65.0,53.748693317040185,0.0,58.24063088220948,0.0,43.986820562533076,1.4598173212576881,2.9106382978723406,1.5037960689642773,-25.604754407645895,25.648876211110974,55.208510638297874,2.9106382978723406,59.74442695117376,-25.604754407645895,0.0,0.0,0.0,0.0,1,1,1,1,1
992,0.992,55.268085106382976,2.885106382978724,59.74442695117376,-25.604754407645895,65.0,53.806955941332674,0.0,58.28461770277201,0.0,43.680862518428924,1.461129165050302,2.885106382978724,1.459809248401747,-25.604754407645895,25.646334851545184,55.268085106382976,2.885106382978724,59.74442695117376,-25.604754407645895,0.0,0.0,0.0,0.0,1,1,1,1,1
993,0.993,55.327659574468086,2.8595744680851065,59.74442695117376,-25.604754407645895,65.0,53.86526239946671,0.0,58.32829856529044,0.0,43.37367763897873,1.462397175001378,2.8595744680851065,1.4161283858833187,-25.604754407645895,25.64388558469965,55.327659574468086,2.8595744680851065,59.74442695117376,-25.604754407645895,0.0,0.0,0.0,0.0,1,1,1,1,1
994,0.994,55.38723404255319,2.8340425531914892,59.74442695117376,-25.604754407645895,65.0,53.92361238487082,0.0,58.37167224292942,0.0,43.06530762750599,1.463621657682367,2.8340425531914892,1.3727547082443365,-25.604754407645895,25.641526939027422,55.38723404255319,2.8340425531914892,59.74442695117376,-25.604754407645895,0.0,0.0,0.0,0.0,1,1,1,1,1
995,0.995,55.4468085106383,2.8085106382978724,59.74442695117376,-25.604754407645895,65.0,53.98200558976756,0.0,58.41473755055693,0.0,42.755793893610544,1.4648029208707385,2.8085106382978724,1.3296894006168287,-25.604754407645895,25.639257442016035,55.4468085106383,2.8085106382978724,59.74442695117376,-25.604754407645895,0.0,0.0,0.0,0.0,1,1,1,1,1
996,0.996,55.5063829787234,2.7829787234042556,59.74442695117376,-25.604754407645895,65.0,54.040441705215066,0.0,58.45749334445054,0.0,42.4451775520384,1.465941273508335,2.7829787234042556,1.2869336067232169,-25.604754407645895,25.63707562074847,55.5063829787234,2.7829787234042556,59.74442695117376,-25.604754407645895,0.0,0.0,0.0,0.0,1,1,1,1,1
997,0.997,55.56595744680851,2.7574468085106383,59.74442695117376,-25.604754407645895,65.0,54.09892042114829,0.0,58.49993852200258,0.0,42.13349942159855,1.4670370256602183,2.7574468085106383,1.2444884291711773,-25.604754407645895,25.634980002453734,55.56595744680851,2.7574468085106383,59.74442695117376,-25.604754407645895,0.0,0.0,0.0,0.0,1,1,1,1,1
998,0.998,55.625531914893614,2.731914893617021,59.74442695117376,-25.604754407645895,65.0,54.15744142642001,0.0,58.542072021424175,0.0,41.820800024111854,1.4680904884736066,2.731914893617021,1.202354929749582,-25.604754407645895,25.632969115047032,55.625531914893614,2.731914893617021,59.74442695117376,-25.604754407645895,0.0,0.0,0.0,0.0,1,1,1,1,1
999,0.999,55.685106382978724,2.706382978723404,59.74442695117376,-25.604754407645895,65.0,54.21600440884144,0.0,58.58389282144829,0.0,41.507119583402684,1.4691019741372813,2.706382978723404,1.1605341297254697,-25.604754407645895,25.63104148765944,55.685106382978724,2.706382978723404,59.74442695117376,-25.604754407645895,0.0,0.0,0.0,0.0,1,1,1,1,1
1000,1.0,55.74468085106383,2.6808510638297873,59.74442695117376,-25.604754407645895,65.0,54.27460905522268,0.0,58.62539994103169,0.0,41.192498024327655,1.4700717958411502,2.6808510638297873,1.1190270101420694,-25.604754407645895,25.629195651157087,55.74468085106383,2.6808510638297873,59.74442695117376,-25.604754407645895,0.0,0.0,0.0,0.0,1,1,1,1,1
1001,1.001,55.804255319148936,2.65531914893617,59.74442695117376,-25.604754407645895,65.0,54.33325505141273,0.0,58.66659243905602,0.0,40.87697497184454,1.4710002677362084,2.65531914893617,1.0778345121177395,-25.604754407645895,25.62743013864976,55.804255319148936,2.65531914893617,59.74442695117376,-25.604754407645895,0.0,0.0,0.0,0.0,1,1,1,1,1
1002,1.002,55.863829787234046,2.6297872340425528,59.74442695117376,-25.604754407645895,65.0,54.39194208233927,0.0,58.70746941402786,0.0,40.56058975011739,1.471887704894776,2.6297872340425528,1.036957537145895,-25.604754407645895,25.62574348598896,55.863829787234046,2.6297872340425528,59.74442695117376,-25.604754407645895,0.0,0.0,0.0,0.0,1,1,1,1,1
1003,1.0030000000000001,55.92340425531915,2.604255319148936,59.74442695117376,-25.604754407645895,65.0,54.45066983204818,0.0,58.74803000377798,0.0,40.24338138165973,1.4727344232709711,2.604255319148936,0.9963969473957803,-25.604754407645895,25.624134232255372,55.92340425531915,2.604255319148936,59.74442695117376,-25.604754407645895,0.0,0.0,0.0,0.0,1,1,1,1,1
1004,1.004,55.98297872340426,2.578723404255319,59.74442695117376,-25.604754407645895,65.0,54.50943798374264,0.0,58.788273385159634,0.0,39.92538858651811,1.4735407396616154,2.578723404255319,0.9561535660141232,-25.604754407645895,25.6226009202357,55.98297872340426,2.578723404255319,59.74442695117376,-25.604754407645895,0.0,0.0,0.0,0.0,1,1,1,1,1
1005,1.005,56.04255319148936,2.553191489361702,59.74442695117376,-25.604754407645895,65.0,54.5682462198221,0.0,58.82819877374615,0.0,39.60664978148656,1.4743069716672608,2.553191489361702,0.9162281774276053,-25.604754407645895,25.62114209688893,56.04255319148936,2.553191489361702,59.74442695117376,-25.604754407645895,0.0,0.0,0.0,0.0,1,1,1,1,1
1006,1.006,56.102127659574464,2.5276595744680854,59.74442695117376,-25.604754407645895,65.0,54.627094221920736,0.0,58.86780542352764,0.0,39.28720307936697,1.4750334376537282,2.5276595744680854,0.8766215276461153,-25.604754407645895,25.619756313801943,56.102127659574464,2.5276595744680854,59.74442695117376,-25.604754407645895,0.0,0.0,0.0,0.0,1,1,1,1,1
1007,1.0070000000000001,56.161702127659574,2.5021276595744686,59.74442695117376,-25.604754407645895,65.0,54.6859816709458,0.0,58.90709262660701,0.0,38.967086288257214,1.4757204567137734,2.5021276595744686,0.8373343245667471,-25.604754407645895,25.61844212763453,56.161702127659574,2.5021276595744686,59.74442695117376,-25.604754407645895,0.0,0.0,0.0,0.0,1,1,1,1,1
1008,1.008,56.22127659574468,2.4765957446808513,59.74442695117376,-25.604754407645895,65.0,54.744908247115546,0.0,58.94605971289527,0.0,38.64633691088173,1.476368348629137,2.4765957446808513,0.7983672382784874,-25.604754407645895,25.61719810055382,56.22127659574468,2.4765957446808513,59.74442695117376,-25.604754407645895,0.0,0.0,0.0,0.0,1,1,1,1,1
1009,1.009,56.280851063829786,2.451063829787234,59.74442695117376,-25.604754407645895,65.0,54.80387362999689,0.0,58.98470604980615,0.0,38.324992143955356,1.476977433832893,2.451063829787234,0.7597209013676078,-25.604754407645895,25.616022800658122,56.280851063829786,2.451063829787234,59.74442695117376,-25.604754407645895,0.0,0.0,0.0,0.0,1,1,1,1,1
1010,1.01,56.34042553191489,2.425531914893617,59.74442695117376,-25.604754407645895,65.0,54.86287749854277,0.0,59.023031041950105,0.0,38.00308887758374,1.4775480333721163,2.425531914893617,0.7213959092236522,-25.604754407645895,25.61491480239016,56.34042553191489,2.425531914893617,59.74442695117376,-25.604754407645895,0.0,0.0,0.0,0.0,1,1,1,1,1
1011,1.0110000000000001,56.4,2.4000000000000004,59.74442695117376,-25.604754407645895,65.0,54.92191953112916,0.0,59.061034130827686,0.0,37.68066369470042,1.4780804688708358,2.4000000000000004,0.6833928203460715,-25.604754407645895,25.613872686939835,56.4,2.4000000000000004,59.74442695117376,-25.604754407645895,0.0,0.0,0.0,0.0,1,1,1,1,1
1012,1.012,56.45957446808511,2.374468085106383,59.74442695117376,-25.604754407645895,65.0,54.98099940559184,0.0,59.09871479452239,0.0,37.35775287053739,1.4785750624932703,2.374468085106383,0.6457121566513706,-25.604754407645895,25.61289504263642,56.45957446808511,2.374468085106383,59.74442695117376,-25.604754407645895,0.0,0.0,0.0,0.0,1,1,1,1,1
1013,1.013,56.51914893617021,2.348936170212766,59.74442695117376,-25.604754407645895,65.0,55.0401167992628,0.0,59.13607254739292,0.0,37.03439237212961,1.4790321369074135,2.348936170212766,0.6083544037808366,-25.604754407645895,25.611980465330312,56.51914893617021,2.348936170212766,59.74442695117376,-25.604754407645895,0.0,0.0,0.0,0.0,1,1,1,1,1
1014,1.014,56.57872340425532,2.323404255319149,59.74442695117376,-25.604754407645895,65.0,55.09927138900638,0.0,59.17310693976505,0.0,36.710617857857656,1.4794520152489383,2.323404255319149,0.5713200114087087,-25.604754407645895,25.611127558764334,56.57872340425532,2.323404255319149,59.74442695117376,-25.604754407645895,0.0,0.0,0.0,0.0,1,1,1,1,1
1015,1.015,56.638297872340424,2.297872340425532,59.74442695117376,-25.604754407645895,65.0,55.15846285125508,0.0,59.209817557622905,0.0,36.38646467702264,1.4798350210853428,2.297872340425532,0.534609393550852,-25.604754407645895,25.61033493493466,56.638297872340424,2.297872340425532,59.74442695117376,-25.604754407645895,0.0,0.0,0.0,0.0,1,1,1,1,1
1016,1.016,56.69787234042553,2.272340425531915,59.74442695117376,-25.604754407645895,65.0,55.21769086204504,0.0,59.24620402229993,0.0,36.06196786945469,1.4801814783804943,2.272340425531915,0.4982229288738296,-25.604754407645895,25.609601214441383,56.69787234042553,2.272340425531915,59.74442695117376,-25.604754407645895,0.0,0.0,0.0,0.0,1,1,1,1,1
1017,1.017,56.757446808510636,2.2468085106382976,59.74442695117376,-25.604754407645895,65.0,55.27695509705128,0.0,59.282265990169385,0.0,35.73716216515388,1.4804917114593579,2.2468085106382976,0.462160961004372,-25.604754407645895,25.6089250268288,56.757446808510636,2.2468085106382976,59.74442695117376,-25.604754407645895,0.0,0.0,0.0,0.0,1,1,1,1,1
1018,1.018,56.817021276595746,2.2212765957446807,59.74442695117376,-25.604754407645895,65.0,55.33625523162253,0.0,59.31800315233454,0.0,35.412081983970516,1.4807660449732154,2.2212765957446807,0.42642379883921677,-25.604754407645895,25.60830501091547,56.817021276595746,2.2212765957446807,59.74442695117376,-25.604754407645895,0.0,0.0,0.0,0.0,1,1,1,1,1
1019,1.019,56.876595744680856,2.195744680851064,59.74442695117376,-25.604754407645895,65.0,55.39559094081586,0.0,59.35341523431851,0.0,35.08676143531202,1.481004803864998,2.195744680851064,0.39101171685524605,-25.604754407645895,25.6077398151141,56.876595744680856,2.195744680851064,59.74442695117376,-25.604754407645895,0.0,0.0,0.0,0.0,1,1,1,1,1
1020,1.02,56.93617021276596,2.1702127659574466,59.74442695117376,-25.604754407645895,65.0,55.45496189943089,0.0,59.38850199575382,0.0,34.761234317884565,1.4812083133350669,2.1702127659574466,0.35592495541993685,-25.604754407645895,25.60722809774132,56.93617021276596,2.1702127659574466,59.74442695117376,-25.604754407645895,0.0,0.0,0.0,0.0,1,1,1,1,1
1021,1.021,56.99574468085106,2.1446808510638293,59.74442695117376,-25.604754407645895,65.0,55.514367782043806,0.0,59.423263230071704,0.0,34.43553411946901,1.4813768988072553,2.1446808510638293,0.32116372110205305,-25.604754407645895,25.60676852731742,56.99574468085106,2.1446808510638293,59.74442695117376,-25.604754407645895,0.0,0.0,0.0,0.0,1,1,1,1,1
1022,1.022,57.05531914893617,2.1191489361702125,59.74442695117376,-25.604754407645895,65.0,55.57380826304094,0.0,59.45769876419117,0.0,34.10969401672862,1.4815108858952328,2.1191489361702125,0.28672818698258595,-25.604754407645895,25.60635978285614,57.05531914893617,2.1191489361702125,59.74442695117376,-25.604754407645895,0.0,0.0,0.0,0.0,1,1,1,1,1
1023,1.023,57.11489361702128,2.0936170212765957,59.74442695117376,-25.604754407645895,65.0,55.633283016652136,0.0,59.4918084582079,0.0,33.78374687504664,1.4816106003691445,2.0936170212765957,0.25261849296585837,-25.604754407645895,25.606000554144536,57.11489361702128,2.0936170212765957,59.74442695117376,-25.604754407645895,0.0,0.0,0.0,0.0,1,1,1,1,1
1024,1.024,57.17446808510638,2.068085106382979,59.74442695117376,-25.604754407645895,65.0,55.69279171698378,0.0,59.525592205082944,0.0,33.45772524839809,1.4816763681226064,2.068085106382979,0.21883474609081333,-25.604754407645895,25.60568954201309,57.17446808510638,2.068085106382979,59.74442695117376,-25.604754407645895,0.0,0.0,0.0,0.0,1,1,1,1,1
1025,1.025,57.234042553191486,2.042553191489362,59.74442695117376,-25.604754407645895,65.0,55.75233403805149,0.0,59.55904993033134,0.0,33.13166137924986,1.4817085151399993,2.042553191489362,0.18537702084241658,-25.604754407645895,25.60542545859604,57.234042553191486,2.042553191489362,59.74442695117376,-25.604754407645895,0.0,0.0,0.0,0.0,1,1,1,1,1
1026,1.026,57.293617021276596,2.017021276595745,59.74442695117376,-25.604754407645895,65.0,55.811909653812506,0.0,59.59218159171059,0.0,32.80558719849743,1.4817073674640895,2.017021276595745,0.15224535946316564,-25.604754407645895,25.605207027582104,57.293617021276596,2.017021276595745,59.74442695117376,-25.604754407645895,0.0,0.0,0.0,0.0,1,1,1,1,1
1027,1.027,57.353191489361706,1.9914893617021274,59.74442695117376,-25.604754407645895,65.0,55.871518238197815,0.0,59.62498717890909,0.0,32.47953432542526,1.4816732511638904,1.9914893617021274,0.11943977226466984,-25.604754407645895,25.605032984455626,57.353191489361706,1.9914893617021274,59.74442695117376,-25.604754407645895,0.0,0.0,0.0,0.0,1,1,1,1,1
1028,1.028,57.41276595744681,1.9659574468085106,59.74442695117376,-25.604754407645895,65.0,55.931159465143885,0.0,59.65746671323451,0.0,32.15353406770281,1.481606492302923,1.9659574468085106,0.08696023793924468,-25.604754407645895,25.604902076728283,57.41276595744681,1.9659574468085106,59.74442695117376,-25.604754407645895,0.0,0.0,0.0,0.0,1,1,1,1,1
1029,1.029,57.47234042553191,1.9404255319148938,59.74442695117376,-25.604754407645895,65.0,55.99083300862415,0.0,59.689620247302216,0.0,31.827617421408917,1.4815074169077604,1.9404255319148938,0.05480670387154163,-25.604754407645895,25.604813064161416,57.47234042553191,1.9404255319148938,59.74442695117376,-25.604754407645895,0.0,0.0,0.0,0.0,1,1,1,1,1
1030,1.03,57.53191489361702,1.914893617021277,59.74442695117376,-25.604754407645895,65.0,56.050538542680165,0.0,59.72144786472362,0.0,31.50181507108542,1.4813763509368556,1.914893617021277,0.022979086450135355,-25.604754407645895,25.604764718979084,57.53191489361702,1.914893617021277,59.74442695117376,-25.604754407645895,0.0,0.0,0.0,0.0,1,1,1,1,1
1031,1.031,57.59148936170213,1.88936170212766,59.74442695117376,-25.604754407645895,65.0,56.110275741452426,0.0,59.75294967979471,0.0,31.17615738982289,1.4812136202497044,1.88936170212766,-0.008522728620953046,-25.604754407645895,25.60475582607194,57.59148936170213,1.88936170212766,59.74442695117376,-25.604754407645895,0.0,0.0,0.0,0.0,1,1,1,1,1
1032,1.032,57.65106382978723,1.8638297872340424,59.74442695117376,-25.604754407645895,65.0,56.17004427921092,0.0,59.78412583718453,0.0,30.850674439372135,1.4810195505763133,1.8638297872340424,-0.039698886010775425,-25.604754407645895,25.604785183192075,57.65106382978723,1.8638297872340424,59.74442695117376,-25.604754407645895,0.0,0.0,0.0,0.0,1,1,1,1,1
1033,1.033,57.710638297872336,1.8382978723404255,59.74442695117376,-25.604754407645895,65.0,56.22984383038532,0.0,59.814976511623904,0.0,30.525395970288358,1.4807944674870157,1.8382978723404255,-0.07054956045014649,-25.604754407645895,25.60485160113883,57.710638297872336,1.8382978723404255,59.74442695117376,-25.604754407645895,0.0,0.0,0.0,0.0,1,1,1,1,1
1034,1.034,57.770212765957446,1.8127659574468087,59.74442695117376,-25.604754407645895,65.0,56.28967406959493,0.0,59.84550190759419,0.0,30.200351422099,1.4805386963625153,1.8127659574468087,-0.10107495642043318,-25.604754407645895,25.604953903935805,57.770212765957446,1.8127659574468087,59.74442695117376,-25.604754407645895,0.0,0.0,0.0,0.0,1,1,1,1,1
1035,1.035,57.829787234042556,1.787234042553191,59.74442695117376,-25.604754407645895,65.0,56.349534671678235,0.0,59.875702259016286,0.0,29.8755699235065,1.4802525623643206,1.787234042553191,-0.13127530784252883,-25.604754407645895,25.605090928999083,57.829787234042556,1.787234042553191,59.74442695117376,-25.604754407645895,0.0,0.0,0.0,0.0,1,1,1,1,1
1036,1.036,57.88936170212766,1.7617021276595741,59.74442695117376,-25.604754407645895,65.0,56.40942531172221,0.0,59.90557782893979,0.0,29.55108029261391,1.4799363904054488,1.7617021276595741,-0.16115087776603332,-25.604754407645895,25.60526152729682,57.88936170212766,1.7617021276595741,59.74442695117376,-25.604754407645895,0.0,0.0,0.0,0.0,1,1,1,1,1
1037,1.037,57.94893617021277,1.7361702127659573,59.74442695117376,-25.604754407645895,65.0,56.469345665091296,0.0,59.935128909232404,0.0,29.226911037179846,1.4795905051214717,1.7361702127659573,-0.19070195805864643,-25.604754407645895,25.605464563500295,57.94893617021277,1.7361702127659573,59.74442695117376,-25.604754407645895,0.0,0.0,0.0,0.0,1,1,1,1,1
1038,1.038,58.00851063829787,1.7106382978723405,59.74442695117376,-25.604754407645895,65.0,56.52929540745605,0.0,59.96435582026958,0.0,28.90309035490281,1.4792152308418238,1.7106382978723405,-0.2199288690958241,-25.604754407645895,25.605698916126535,58.00851063829787,1.7106382978723405,59.74442695117376,-25.604754407645895,0.0,0.0,0.0,0.0,1,1,1,1,1
1039,1.039,58.06808510638298,1.6851063829787236,59.74442695117376,-25.604754407645895,65.0,56.589274214821494,0.0,59.99325891062448,0.0,28.579646133729742,1.478810891561487,1.6851063829787236,-0.248831959450726,-25.604754407645895,25.605963477672656,58.06808510638298,1.6851063829787236,59.74442695117376,-25.604754407645895,0.0,0.0,0.0,0.0,1,1,1,1,1
1040,1.04,58.12765957446808,1.659574468085106,59.74442695117376,-25.604754407645895,65.0,56.64928176355518,0.0,60.02183855675821,0.0,28.256605952193613,1.478377810912903,1.659574468085106,-0.27741160558445443,-25.604754407645895,25.60625715474198,58.12765957446808,1.659574468085106,59.74442695117376,-25.604754407645895,0.0,0.0,0.0,0.0,1,1,1,1,1
1041,1.041,58.18723404255319,1.634042553191489,59.74442695117376,-25.604754407645895,65.0,56.70931773041492,0.0,60.050095162710406,0.0,27.93399707977541,1.4779163121382766,1.634042553191489,-0.30566821153664847,-25.604754407645895,25.606578868162103,58.18723404255319,1.634042553191489,59.74442695117376,-25.604754407645895,0.0,0.0,0.0,0.0,1,1,1,1,1
1042,1.042,58.246808510638296,1.6085106382978722,59.74442695117376,-25.604754407645895,65.0,56.76938179257616,0.0,60.078029159790184,0.0,27.611846477297085,1.4774267180621337,1.6085106382978722,-0.3336022086164263,-25.604754407645895,25.606927553094994,58.246808510638296,1.6085106382978722,59.74442695117376,-25.604754407645895,0.0,0.0,0.0,0.0,1,1,1,1,1
1043,1.043,58.306382978723406,1.5829787234042554,59.74442695117376,-25.604754407645895,65.0,56.82947362765919,0.0,60.10564100626748,0.0,27.290180797333196,1.476909351064215,1.5829787234042554,-0.3612140550937255,-25.604754407645895,25.60730215913928,58.306382978723406,1.5829787234042554,59.74442695117376,-25.604754407645895,0.0,0.0,0.0,0.0,1,1,1,1,1
1044,1.044,58.36595744680851,1.5574468085106385,59.74442695117376,-25.604754407645895,65.0,56.889592913755855,0.0,60.13293118706481,0.0,26.969026384656075,1.476364533052653,1.5574468085106385,-0.3885042358910553,-25.604754407645895,25.607701650424765,58.36595744680851,1.5574468085106385,59.74442695117376,-25.604754407645895,0.0,0.0,0.0,0.0,1,1,1,1,1
1045,1.045,58.42553191489362,1.5319148936170217,59.74442695117376,-25.604754407645895,65.0,56.94973932945611,0.0,60.15990021344947,0.0,44.111992383665736,1.4757925854375102,1.5319148936170217,-0.4154732622757109,-25.604754407645895,25.60812500569942,58.42553191489362,1.5319148936170217,59.74442695117376,-25.604754407645895,0.0,0.0,0.0,0.0,1,1,1,1,1
1046,1.046,58.48510638297872,1.5063829787234049,59.74442695117376,-25.604754407645895,65.0,57.00992128566575,0.0,60.20401220583313,0.0,46.79145078672808,1.4751850973129734,1.5063829787234049,-0.4595852546593733,-25.604754407645895,25.60887867287754,58.48510638297872,1.5063829787234049,59.74442695117376,-25.604754407645895,0.0,0.0,0.0,0.0,1,1,1,1,1
1047,1.047,58.54468085106383,1.4808510638297872,59.74442695117376,-25.604754407645895,65.0,57.07014869359697,0.0,60.25080365661986,0.0,49.59273899294558,1.4745321574668608,1.4808510638297872,-0.506376705446101,-25.604754407645895,25.60976113991851,58.54468085106383,1.4808510638297872,59.74442695117376,-25.604754407645895,0.0,0.0,0.0,0.0,1,1,1,1,1
1048,1.048,58.60425531914893,1.4553191489361703,59.74442695117376,-25.604754407645895,65.0,57.130424293623086,0.0,60.3003963956128,0.0,52.51222057257514,1.4738310255258469,1.4553191489361703,-0.5559694444390431,-25.604754407645895,25.610789724235598,58.60425531914893,1.4553191489361703,59.74442695117376,-25.604754407645895,0.0,0.0,0.0,0.0,1,1,1,1,1
1049,1.049,58.66382978723404,1.4297872340425535,59.74442695117376,-25.604754407645895,65.0,57.190750946128986,0.0,60.352908616185374,0.0,55.546347071265735,1.4730788411050568,1.4297872340425535,-0.6084816650116167,-25.604754407645895,25.61198348844769,58.66382978723404,1.4297872340425535,59.74442695117376,-25.604754407645895,0.0,0.0,0.0,0.0,1,1,1,1,1
1050,1.05,58.72340425531915,1.4042553191489358,59.74442695117376,-25.604754407645895,65.0,57.25113162791871,0.0,60.40845496325664,0.0,58.691639965281915,1.472272627400443,1.4042553191489358,-0.6640280120828805,-25.604754407645895,25.613363337849496,58.72340425531915,1.4042553191489358,59.74442695117376,-25.604754407645895,0.0,0.0,0.0,0.0,1,1,1,1,1
1051,1.051,58.782978723404256,1.378723404255319,59.74442695117376,-25.604754407645895,65.0,57.31156942870195,0.0,60.46714660322192,0.0,61.94467822554947,1.4714092947023047,1.378723404255319,-0.7227196520481627,-25.604754407645895,25.614952117295058,58.782978723404256,1.378723404255319,59.74442695117376,-25.604754407645895,0.0,0.0,0.0,0.0,1,1,1,1,1
1052,1.052,58.84255319148936,1.353191489361702,59.74442695117376,-25.604754407645895,65.0,57.372067547644285,0.0,60.52909128144747,0.0,65.30208969691506,1.4704856438450733,1.353191489361702,-0.7846643302737135,-25.604754407645895,25.61677470695844,58.84255319148936,1.353191489361702,59.74442695117376,-25.604754407645895,0.0,0.0,0.0,0.0,1,1,1,1,1
1053,1.053,58.90212765957447,1.3276595744680852,59.74442695117376,-25.604754407645895,65.0,57.43262928997058,0.0,60.594393371144385,0.0,68.76054507194675,1.4694983696038904,1.3276595744680852,-0.8499664199706274,-25.604754407645895,25.618858116452802,58.90212765957447,1.3276595744680852,59.74442695117376,-25.604754407645895,0.0,0.0,0.0,0.0,1,1,1,1,1
1054,1.054,58.96170212765958,1.3021276595744684,59.74442695117376,-25.604754407645895,65.0,57.49325806361426,0.0,60.66315391621633,0.0,72.31675362853439,1.4684440640453147,1.3021276595744684,-0.9187269650425733,-25.604754407645895,25.621231576802828,58.96170212765958,1.3021276595744684,59.74442695117376,-25.604754407645895,0.0,0.0,0.0,0.0,1,1,1,1,1
1055,1.055,59.02127659574468,1.2765957446808507,59.74442695117376,-25.604754407645895,65.0,57.553957375907295,0.0,60.735470669844865,0.0,75.96746016593545,1.4673192198373854,1.2765957446808507,-0.9910437186711079,-25.604754407645895,25.623926629776697,59.02127659574468,1.2765957446808507,59.74442695117376,-25.604754407645895,0.0,0.0,0.0,0.0,1,1,1,1,1
1056,1.056,59.08085106382978,1.2510638297872338,59.74442695117376,-25.604754407645895,65.0,57.614730830307224,0.0,60.8114381300108,0.0,79.70944275451622,1.4661202335225596,1.2510638297872338,-1.067011178837042,-25.604754407645895,25.626977214092673,59.08085106382978,1.2510638297872338,59.74442695117376,-25.604754407645895,0.0,0.0,0.0,0.0,1,1,1,1,1
1057,1.057,59.14042553191489,1.225531914893617,59.74442695117376,-25.604754407645895,65.0,57.67558212315861,0.0,60.89114757276531,0.0,83.5395110373773,1.4648434087562805,1.225531914893617,-1.1467206215915553,-25.604754407645895,25.63041974802296,59.14042553191489,1.225531914893617,59.74442695117376,-25.604754407645895,0.0,0.0,0.0,0.0,1,1,1,1,1
1058,1.058,59.2,1.1999999999999993,59.74442695117376,-25.604754407645895,65.0,57.7365150404869,0.0,60.97468708380269,0.0,87.45450490568469,1.463484959513103,1.1999999999999993,-1.2302601326289349,-25.604754407645895,25.6342932079236,59.2,1.1999999999999993,59.74442695117376,-25.604754407645895,0.0,0.0,0.0,0.0,1,1,1,1,1
1059,1.059,59.259574468085106,1.1744680851063825,59.74442695117376,-25.604754407645895,65.0,57.79753345482315,0.0,61.06214158870838,0.0,91.45129342645156,1.4620410132619526,1.1744680851063825,-1.3177146375346211,-25.604754407645895,25.638639202224343,59.259574468085106,1.1744680851063825,59.74442695117376,-25.604754407645895,0.0,0.0,0.0,0.0,1,1,1,1,1
1060,1.06,59.31914893617021,1.1489361702127665,59.74442695117376,-25.604754407645895,65.0,57.858641322058574,0.0,61.15359288213483,0.0,95.5267739402231,1.4605076141116342,1.1489361702127665,-1.4091659309610733,-25.604754407645895,25.643502040416465,59.31914893617021,1.1489361702127665,59.74442695117376,-25.604754407645895,0.0,0.0,0.0,0.0,1,1,1,1,1
1061,1.061,59.37872340425532,1.1234042553191497,59.74442695117376,-25.604754407645895,65.0,57.91984267832768,0.0,61.24911965607505,0.0,99.6778712724476,1.458880725927635,1.1234042553191497,-1.504692704901295,-25.604754407645895,25.64892879658028,59.37872340425532,1.1234042553191497,59.74442695117376,-25.604754407645895,0.0,0.0,0.0,0.0,1,1,1,1,1
1062,1.062,59.43829787234043,1.097872340425532,59.74442695117376,-25.604754407645895,65.0,57.981141636919396,0.0,61.3487975273475,0.0,103.90153702016461,1.4571562354210315,1.097872340425532,-1.6043705761737428,-25.604754407645895,25.65496936699699,59.43829787234043,1.097872340425532,59.74442695117376,-25.604754407645895,0.0,0.0,0.0,0.0,1,1,1,1,1
1063,1.063,59.49787234042553,1.072340425531915,59.74442695117376,-25.604754407645895,65.0,58.04254238521525,0.0,61.452699064367664,0.0,108.19474888773789,1.4553299552102814,1.072340425531915,-1.7082721131939067,-25.604754407645895,25.66167652139232,59.49787234042553,1.072340425531915,59.74442695117376,-25.604754407645895,0.0,0.0,0.0,0.0,1,1,1,1,1
1064,1.064,59.55744680851064,1.0468085106382983,59.74442695117376,-25.604754407645895,65.0,58.10404918165406,0.0,61.560893813255404,0.0,112.55451005348705,1.453397626856578,1.0468085106382983,-1.816466862081647,-25.604754407645895,25.669105947362144,59.55744680851064,1.0468085106382983,59.74442695117376,-25.604754407645895,0.0,0.0,0.0,0.0,1,1,1,1,1
1065,1.065,59.61702127659574,1.0212765957446805,59.74442695117376,-25.604754407645895,65.0,58.16566635272235,0.0,61.67344832330889,0.0,116.97784855446021,1.4513549238733958,1.0212765957446805,-1.9290213721351321,-25.604754407645895,25.677316287533166,59.61702127659574,1.0212765957446805,59.74442695117376,-25.604754407645895,0.0,0.0,0.0,0.0,1,1,1,1,1
1066,1.066,59.67659574468085,0.9957446808510637,59.74442695117376,-25.604754407645895,65.0,58.22739828996993,0.0,61.79042617186335,0.0,121.46181668001672,1.4491974547109194,0.9957446808510637,-2.0459992206895947,-25.604754407645895,25.686369169015,59.67659574468085,0.9957446808510637,59.74442695117376,-25.604754407645895,0.0,0.0,0.0,0.0,1,1,1,1,1
1067,1.067,59.736170212765956,0.9702127659574469,59.74442695117376,-25.604754407645895,65.0,58.28924944705013,0.0,61.91188798854337,0.0,126.00349036693481,1.4469207657158236,0.9702127659574469,-2.1674610373696126,-25.604754407645895,25.69632922470401,59.736170212765956,0.9702127659574469,59.74442695117376,-25.604754407645895,0.0,0.0,0.0,0.0,1,1,1,1,1
1068,1.068,59.795744680851065,0.94468085106383,59.74442695117376,-25.604754407645895,65.0,58.35122433678386,0.0,62.0378914789103,0.0,130.59996858965667,1.4445203440672074,0.94468085106383,-2.293464527736546,-25.604754407645895,25.707264106004118,59.795744680851065,0.94468085106383,59.74442695117376,-25.604754407645895,0.0,0.0,0.0,0.0,1,1,1,1,1
1069,1.069,59.85531914893617,0.9191489361702132,59.74442695117376,-25.604754407645895,65.0,58.41332752824706,0.0,62.16849144749996,0.0,135.24837273921528,1.4419916206891088,0.9191489361702132,-2.424064496326203,-25.604754407645895,25.719244486535974,59.85531914893617,0.9191489361702132,59.74442695117376,-25.604754407645895,0.0,0.0,0.0,0.0,1,1,1,1,1
1070,1.07,59.91489361702128,0.8936170212765955,59.74442695117376,-25.604754407645895,65.0,58.47556364388093,0.0,62.30373982023917,0.0,139.94584598332298,1.439329973140346,0.8936170212765955,-2.5593128690654154,-25.604754407645895,25.73234405641324,59.91489361702128,0.8936170212765955,59.74442695117376,-25.604754407645895,0.0,0.0,0.0,0.0,1,1,1,1,1
1071,1.071,59.97446808510638,0.8680851063829786,59.74442695117376,-25.604754407645895,65.0,58.53793735662416,0.0,62.44368566622249,0.0,144.68955259789905,1.436530728482218,0.8680851063829786,-2.6992587150487353,-25.604754407645895,25.74663950667404,59.97446808510638,0.8680851063829786,59.74442695117376,-25.604754407645895,0.0,0.0,0.0,0.0,1,1,1,1,1
1072,1.072,60.03404255319149,0.8425531914893618,59.74442695117376,-25.604754407645895,65.0,58.600453387066686,0.0,62.58837521882039,0.0,149.4766772566074,1.4335891661248041,0.8425531914893618,-2.8439482676466312,-25.604754407645895,25.762210503466356,60.03404255319149,0.8425531914893618,59.74442695117376,-25.604754407645895,0.0,0.0,0.0,0.0,1,1,1,1,1
1073,1.073,60.0936170212766,0.8170212765957441,59.74442695117376,-25.604754407645895,65.0,58.663116500624135,0.0,62.737851896077,0.0,154.3044242592748,1.4305005206524655,0.8170212765957441,-2.9934249449032393,-25.604754407645895,25.77913965159875,60.0936170212766,0.8170212765957441,59.74442695117376,-25.604754407645895,0.0,0.0,0.0,0.0,1,1,1,1,1
1074,1.074,60.1531914893617,0.7914893617021272,59.74442695117376,-25.604754407645895,65.0,58.72593150473234,0.0,62.89215632033627,0.0,159.17001667142208,1.4272599846293659,0.7914893617021272,-3.147729369162512,-25.604754407645895,25.79751244708199,60.1531914893617,0.7914893617021272,59.74442695117376,-25.604754407645895,0.0,0.0,0.0,0.0,1,1,1,1,1
1075,1.075,60.212765957446805,0.7659574468085104,59.74442695117376,-25.604754407645895,65.0,58.78890324606101,0.0,63.051326337007694,0.0,164.07069533436103,1.4238627113857945,0.7659574468085104,-3.306899385833937,-25.604754407645895,25.817417218302275,60.212765957446805,0.7659574468085104,59.74442695117376,-25.604754407645895,0.0,0.0,0.0,0.0,1,1,1,1,1
1076,1.076,60.272340425531915,0.7404255319148936,59.74442695117376,-25.604754407645895,65.0,58.85203660774569,0.0,63.215397032342054,0.0,169.00371768641278,1.4203038177862268,0.7404255319148936,-3.4709700811682964,-25.604754407645895,25.83894505548219,60.272340425531915,0.7404255319148936,59.74442695117376,-25.604754407645895,0.0,0.0,0.0,0.0,1,1,1,1,1
1077,1.077,60.331914893617025,0.7148936170212767,59.74442695117376,-25.604754407645895,65.0,58.915336506636876,0.0,63.38440075002847,0.0,173.96635630796527,1.4165783869801487,0.7148936170212767,-3.6399737988547116,-25.604754407645895,25.862189728099413,60.331914893617025,0.7148936170212767,59.74442695117376,-25.604754407645895,0.0,0.0,0.0,0.0,1,1,1,1,1
1078,1.078,60.39148936170213,0.6893617021276599,59.74442695117376,-25.604754407645895,65.0,58.978807890565065,0.0,63.55836710633643,0.0,178.95589706217459,1.4126814711370628,0.6893617021276599,-3.813940155162676,-25.604754407645895,25.887247589943282,60.39148936170213,0.6893617021276599,59.74442695117376,-25.604754407645895,0.0,0.0,0.0,0.0,1,1,1,1,1
1079,1.079,60.45106382978723,0.6638297872340431,59.74442695117376,-25.604754407645895,65.0,59.04245573561993,0.0,63.73732300339861,0.0,183.96963664294552,1.408608094167299,0.6638297872340431,-3.9928960522248502,-25.604754407645895,25.914217471491103,60.45106382978723,0.6638297872340431,59.74442695117376,-25.604754407645895,0.0,0.0,0.0,0.0,1,1,1,1,1
1080,1.08,60.51063829787234,0.6382978723404253,59.74442695117376,-25.604754407645895,65.0,59.10628504344165,0.0,63.92129264004155,0.0,189.00487925339667,1.4043532544306885,0.6382978723404253,-4.176865688867792,-25.604754407645895,25.943200559273773,60.51063829787234,0.6382978723404253,59.74442695117376,-25.604754407645895,0.0,0.0,0.0,0.0,1,1,1,1,1
1081,1.081,60.57021276595745,0.6127659574468085,59.74442695117376,-25.604754407645895,65.0,59.17030083852132,0.0,64.11029751929495,0.0,194.05893200811298,1.3999119274361291,0.6127659574468085,-4.3658705681211885,-25.604754407645895,25.974300261863625,60.57021276595745,0.6127659574468085,59.74442695117376,-25.604754407645895,0.0,0.0,0.0,0.0,1,1,1,1,1
1082,1.082,60.62978723404255,0.5872340425531917,59.74442695117376,-25.604754407645895,65.0,59.23450816550662,0.0,64.30435645130306,0.0,199.12909846155875,1.3952790685359346,0.5872340425531917,-4.559929500129307,-25.604754407645895,26.007622062041953,60.62978723404255,0.5872340425531917,59.74442695117376,-25.604754407645895,0.0,0.0,0.0,0.0,1,1,1,1,1
1083,1.083,60.689361702127655,0.5617021276595748,59.74442695117376,-25.604754407645895,65.0,59.29891208650715,0.0,64.50348554976462,0.0,204.21266938453084,1.3904496156205042,0.5617021276595748,-4.759058598590862,-25.604754407645895,26.043273354566693,60.689361702127655,0.5617021276595748,59.74442695117376,-25.604754407645895,0.0,0.0,0.0,0.0,1,1,1,1,1
1084,1.084,60.748936170212765,0.536170212765958,59.74442695117376,-25.604754407645895,65.0,59.36351767839161,0.0,64.70769821914915,0.0,209.3069094983895,1.3854184918211558,0.536170212765958,-4.963271267975394,-25.604754407645895,26.081363268728342,60.748936170212765,0.536170212765958,59.74442695117376,-25.604754407645895,0.0,0.0,0.0,0.0,1,1,1,1,1
1085,1.085,60.808510638297875,0.5106382978723403,59.74442695117376,-25.604754407645895,65.0,59.42833003006551,0.0,64.91700512864755,0.0,214.40903827123645,1.380180608232365,0.5106382978723403,-5.172578177473788,-25.604754407645895,26.122002474502985,60.808510638297875,0.5106382978723403,59.74442695117376,-25.604754407645895,0.0,0.0,0.0,0.0,1,1,1,1,1
1086,1.086,60.86808510638298,0.48510638297872344,59.74442695117376,-25.604754407645895,65.0,59.49335423971329,0.0,65.13141416691879,0.0,219.51620199046573,1.3747308666696867,0.48510638297872344,-5.38698721574503,-25.604754407645895,26.165302970507764,60.86808510638298,0.48510638297872344,59.74442695117376,-25.604754407645895,0.0,0.0,0.0,0.0,1,1,1,1,1
1087,1.087,60.92765957446809,0.4595744680851066,59.74442695117376,-25.604754407645895,65.0,59.55859541198121,0.0,65.35093036890925,0.0,224.62543301881198,1.369064162486879,0.4595744680851066,-5.606503417735489,-25.604754407645895,26.211377851019996,60.92765957446809,0.4595744680851066,59.74442695117376,-25.604754407645895,0.0,0.0,0.0,0.0,1,1,1,1,1
1088,1.088,60.98723404255319,0.4340425531914889,59.74442695117376,-25.604754407645895,65.0,59.62405865506663,0.0,65.57555580192806,0.0,229.73359022023575,1.3631753874865637,0.4340425531914889,-5.831128850754304,-25.604754407645895,26.260341047860766,60.98723404255319,0.4340425531914889,59.74442695117376,-25.604754407645895,0.0,0.0,0.0,0.0,1,1,1,1,1
1089,1.089,61.0468085106383,0.40851063829787204,59.74442695117376,-25.604754407645895,65.0,59.68974907766366,0.0,65.8052893921483,0.0,234.8372717197603,1.357059432974637,0.40851063829787204,-6.060862440974539,-25.604754407645895,26.31230704070393,61.0468085106383,0.40851063829787204,59.74442695117376,-25.604754407645895,0.0,0.0,0.0,0.0,1,1,1,1,1
1090,1.09,61.1063829787234,0.3829787234042552,59.74442695117376,-25.604754407645895,65.0,59.75567178569167,0.0,66.04012666386805,0.0,239.93268701475273,1.350711193031735,0.3829787234042552,-6.295699712694294,-25.604754407645895,26.36739052595613,61.1063829787234,0.3829787234042552,59.74442695117376,-25.604754407645895,0.0,0.0,0.0,0.0,1,1,1,1,1
1091,1.091,61.16595744680851,0.35744680851063837,59.74442695117376,-25.604754407645895,65.0,59.821831878699044,0.0,66.28005935088281,0.0,245.01546936252672,1.3441255681094688,0.35744680851063837,-6.535632399709051,-25.604754407645895,26.42570602916767,61.16595744680851,0.35744680851063837,59.74442695117376,-25.604754407645895,0.0,0.0,0.0,0.0,1,1,1,1,1
1092,1.092,61.225531914893615,0.33191489361702153,59.74442695117376,-25.604754407645895,65.0,59.888234445784605,0.0,66.52507482024534,0.0,250.0804004173441,1.3372974691090107,0.33191489361702153,-6.780647869071579,-25.604754407645895,26.487367438086537,61.225531914893615,0.33191489361702153,59.74442695117376,-25.604754407645895,0.0,0.0,0.0,0.0,1,1,1,1,1
1093,1.093,61.285106382978725,0.3063829787234038,59.74442695117376,-25.604754407645895,65.0,59.95488456080506,0.0,66.77515522066268,0.0,255.12100593709087,1.3302218221736624,0.3063829787234038,-7.030728269488925,-25.604754407645895,26.55248742161933,61.285106382978725,0.3063829787234038,59.74442695117376,-25.604754407645895,0.0,0.0,0.0,0.0,1,1,1,1,1
1094,1.094,61.34468085106383,0.280851063829787,59.74442695117376,-25.604754407645895,65.0,60.02178727652869,0.0,67.03027622659977,0.0,260.12896205468206,1.3228935745351365,0.280851063829787,-7.28584927542601,-25.604754407645895,26.621176682109446,61.34468085106383,0.280851063829787,59.74442695117376,-25.604754407645895,0.0,0.0,0.0,0.0,1,1,1,1,1
1095,1.095,61.40425531914894,0.25531914893617014,59.74442695117376,-25.604754407645895,65.0,60.08894761723632,0.0,67.29040518865445,0.0,265.09322321483626,1.3153077019126158,0.25531914893617014,-7.545978237480689,-25.604754407645895,26.693542961480293,61.40425531914894,0.25531914893617014,59.74442695117376,-25.604754407645895,0.0,0.0,0.0,0.0,1,1,1,1,1
1096,1.096,61.46382978723404,0.2297872340425533,59.74442695117376,-25.604754407645895,65.0,60.15637056903659,0.0,67.55549841186928,0.0,269.9987411573493,1.307459218197451,0.2297872340425533,-7.811071460695523,-25.604754407645895,26.769689681428023,61.46382978723404,0.2297872340425533,59.74442695117376,-25.604754407645895,0.0,0.0,0.0,0.0,1,1,1,1,1
1097,1.097,61.52340425531915,0.20425531914893647,59.74442695117376,-25.604754407645895,65.0,60.22406106681904,0.0,67.82549715302663,0.0,274.8245830298814,1.29934318850011,0.20425531914893647,-8.081070201852874,-25.604754407645895,26.849714037269305,61.52340425531915,0.20425531914893647,59.74442695117376,-25.604754407645895,0.0,0.0,0.0,0.0,1,1,1,1,1
1098,1.098,61.58297872340425,0.17872340425531963,59.74442695117376,-25.604754407645895,65.0,60.29202397626358,0.0,68.10032173605651,0.0,279.5411666486867,1.290954747140674,0.17872340425531963,-8.355894784882757,-25.604754407645895,26.933704274234035,61.58297872340425,0.17872340425531963,59.74442695117376,-25.604754407645895,0.0,0.0,0.0,0.0,1,1,1,1,1
1099,1.099,61.64255319148936,0.1531914893617028,59.74442695117376,-25.604754407645895,65.0,60.36026406858296,0.0,68.3798629027052,0.0,284.1061985947602,1.2822891229064055,0.1531914893617028,-8.635435951531441,-25.604754407645895,27.021735739009507,61.64255319148936,0.1531914893617028,59.74442695117376,-25.604754407645895,0.0,0.0,0.0,0.0,1,1,1,1,1
1100,1.1,61.702127659574465,0.12765957446808507,59.74442695117376,-25.604754407645895,65.0,60.428785984584955,0.0,68.66396910129995,0.0,250.23420660419035,1.27334167498951,0.12765957446808507,-8.919542150126198,-25.604754407645895,27.113865095993596,61.702127659574465,0.12765957446808507,59.74442695117376,-25.604754407645895,0.0,0.0,0.0,0.0,1,1,1,1,1
1101,1.101,61.761702127659575,0.10212765957446823,59.74442695117376,-25.604754407645895,65.0,60.49757507078956,0.0,68.91420330790415,0.0,247.71669195823966,1.2641270568700165,0.10212765957446823,-9.169776356730388,-25.604754407645895,27.197210274370303,61.761702127659575,0.10212765957446823,59.74442695117376,-25.604754407645895,0.0,0.0,0.0,0.0,1,1,1,1,1
1102,1.102,61.82127659574468,0.0765957446808514,59.74442695117376,-25.604754407645895,65.0,60.56661313244344,0.0,69.16191999986239,0.0,244.50199815298413,1.2546634633012346,0.0765957446808514,-9.417493048688634,-25.604754407645895,27.28172691744349,61.82127659574468,0.0765957446808514,59.74442695117376,-25.604754407645895,0.0,0.0,0.0,0.0,1,1,1,1,1
1103,1.103,61.88085106382979,0.05106382978723367,59.74442695117376,-25.604754407645895,65.0,60.635897303442384,0.0,69.40642199801538,0.0,240.4101877479661,1.2449537603874035,0.05106382978723367,-9.661995046841618,-25.604754407645895,27.367089661874058,61.88085106382979,0.05106382978723367,59.74442695117376,-25.604754407645895,0.0,0.0,0.0,0.0,1,1,1,1,1
1104,1.104,61.9404255319149,0.025531914893616836,59.74442695117376,-25.604754407645895,65.0,60.70542393053427,0.0,69.64683218576334,0.0,235.17406144720454,1.235001601380624,0.025531914893616836,-9.902405234589587,-25.604754407645895,27.452888330845795,61.9404255319149,0.025531914893616836,59.74442695117376,-25.604754407645895,0.0,0.0,0.0,0.0,1,1,1,1,1
1105,1.105,62.0,0.0,110.0,0.0,110.0,60.775188349750756,0.0,69.88200624721055,0.0,228.39833630752798,1.2248116502492437,0.0,40.117993752789445,0.0,40.117993752789445,62.0,0.0,110.0,0.0,0.0,0.0,0.0,0.0,1,1,1,0,0
1106,1.1059999999999999,62.10909090909091,0.0,110.0,0.0,110.0,60.84518455516612,0.0,70.11040458351809,0.0,221.3492070951123,1.2639063539247886,0.0,39.88959541648191,0.0,39.88959541648191,62.10909090909091,0.0,110.0,0.0,0.0,0.0,0.0,0.0,1,1,1,0,0
1107,1.107,62.21818181818182,0.0,110.0,0.0,110.0,60.915405634353185,0.0,70.3317537906132,0.0,214.03445014809537,1.3027761838286338,0.0,39.668246209386794,0.0,39.668246209386794,62.21818181818182,0.0,110.0,0.0,0.0,0.0,0.0,0.0,1,1,1,0,0
1108,1.1079999999999999,62.32727272727273,0.0,110.0,0.0,110.0,60.98584440536887,0.0,70.5457882407613,0.0,206.4617477880985,1.3414283219038552,0.0,39.4542117592387,0.0,39.4542117592387,62.32727272727273,0.0,110.0,0.0,0.0,0.0,0.0,0.0,1,1,1,0,0
1109,1.109,62.43636363636364,0.0,110.0,0.0,110.0,61.056493424483534,0.0,70.7522499885494,0.0,198.63869761872752,1.3798702118801032,0.0,39.247750011450606,0.0,39.247750011450606,62.43636363636364,0.0,110.0,0.0,0.0,0.0,0.0,0.0,1,1,1,0,0
1110,1.1099999999999999,62.54545454545455,0.0,110.0,0.0,110.0,61.1273449938209,0.0,70.95088868616813,0.0,190.57281920148316,1.4181095516336484,0.0,39.04911131383187,0.0,39.04911131383187,62.54545454545455,0.0,110.0,0.0,0.0,0.0,0.0,0.0,1,1,1,0,0
1111,1.111,62.654545454545456,0.0,110.0,0.0,110.0,61.19839116891667,0.0,71.1414615053696,0.0,182.27155895117295,1.4561542856287844,0.0,38.858538494630395,0.0,38.858538494630395,62.654545454545456,0.0,110.0,0.0,0.0,0.0,0.0,0.0,1,1,1,0,0
1112,1.1119999999999999,62.763636363636365,0.0,110.0,0.0,110.0,61.26962376620152,0.0,71.32373306432078,0.0,173.7422938238697,1.4940125974348462,0.0,38.67626693567922,0.0,38.67626693567922,62.763636363636365,0.0,110.0,0.0,0.0,0.0,0.0,0.0,1,1,1,0,0
1113,1.113,62.872727272727275,0.0,110.0,0.0,110.0,61.34103437041275,0.0,71.49747535814464,0.0,164.9923341873872,1.531692902314525,0.0,38.50252464185536,0.0,38.50252464185536,62.872727272727275,0.0,110.0,0.0,0.0,0.0,0.0,0.0,1,1,1,0,0
1114,1.1139999999999999,62.981818181818184,0.0,110.0,0.0,110.0,61.41261434193799,0.0,71.66246769233203,0.0,156.02892613966236,1.5692038398801955,0.0,38.33753230766797,0.0,38.33753230766797,62.981818181818184,0.0,110.0,0.0,0.0,0.0,0.0,0.0,1,1,1,0,0
1115,1.115,63.09090909090909,0.0,110.0,0.0,110.0,61.484354824093394,0.0,71.8184966184717,0.0,146.85925345570976,1.6065542668156993,0.0,38.1815033815283,0.0,38.1815033815283,63.09090909090909,0.0,110.0,0.0,0.0,0.0,0.0,0.0,1,1,1,0,0
1116,1.1159999999999999,63.2,0.0,110.0,0.0,110.0,61.556246750338595,0.0,71.96535587192741,0.0,137.49043928619935,1.6437532496614082,0.0,38.034644128072586,0.0,38.034644128072586,63.2,0.0,110.0,0.0,0.0,0.0,0.0,0.0,1,1,1,0,0
1117,1.117,63.30909090909091,0.0,110.0,0.0,110.0,61.62828085143016,0.0,72.10284631121361,0.0,127.92954769162357,1.68081005766075,0.0,37.89715368878639,0.0,37.89715368878639,63.30909090909091,0.0,110.0,0.0,0.0,0.0,0.0,0.0,1,1,1,0,0
1118,1.1179999999999999,63.41818181818182,0.0,110.0,0.0,110.0,61.70044766251522,0.0,72.23077585890523,0.0,118.18358506955154,1.717734155666605,0.0,37.76922414109477,0.0,37.76922414109477,63.41818181818182,0.0,110.0,0.0,0.0,0.0,0.0,0.0,1,1,1,0,0
1119,1.119,63.527272727272724,0.0,110.0,0.0,110.0,61.77273753016666,0.0,72.34895944397478,0.0,108.25950151468759,1.7545351971060654,0.0,37.65104055602522,0.0,37.65104055602522,63.527272727272724,0.0,110.0,0.0,0.0,0.0,0.0,0.0,1,1,1,0,0
1120,1.1199999999999999,63.63636363636363,0.0,110.0,0.0,110.0,61.84514061936139,0.0,72.45721894548946,0.0,98.16419213966681,1.7912230170022454,0.0,37.54278105451054,0.0,37.54278105451054,63.63636363636363,0.0,110.0,0.0,0.0,0.0,0.0,0.0,1,1,1,0,0
1121,1.121,63.74545454545454,0.0,110.0,0.0,110.0,61.917646920402944,0.0,72.55538313762912,0.0,87.90449837697871,1.827807625051598,0.0,37.44461686237088,0.0,37.44461686237088,63.74545454545454,0.0,110.0,0.0,0.0,0.0,0.0,0.0,1,1,1,0,0
1122,1.1219999999999999,63.85454545454545,0.0,110.0,0.0,110.0,61.990246255789756,0.0,72.6432876360061,0.0,77.48720927798259,1.8642991987556954,0.0,37.35671236399391,0.0,37.35671236399391,63.85454545454545,0.0,110.0,0.0,0.0,0.0,0.0,0.0,1,1,1,0,0
1123,1.123,63.96363636363636,0.0,110.0,0.0,110.0,62.0629282870304,0.0,72.72077484528407,0.0,66.91906282298505,1.9007080766059588,0.0,37.27922515471593,0.0,37.27922515471593,63.96363636363636,0.0,110.0,0.0,0.0,0.0,0.0,0.0,1,1,1,0,0
1124,1.1239999999999999,64.07272727272728,0.0,110.0,0.0,110.0,62.1356825214071,0.0,72.78769390810706,0.0,56.20674725651065,1.9370447513201796,0.0,37.21230609189294,0.0,37.21230609189294,64.07272727272728,0.0,110.0,0.0,0.0,0.0,0.0,0.0,1,1,1,0,0
1125,1.125,64.18181818181819,0.0,110.0,0.0,110.0,62.20849831868883,0.0,72.84390065536357,0.0,45.35690246421047,1.9733198631293547,0.0,37.15609934463643,0.0,37.15609934463643,64.18181818181819,0.0,110.0,0.0,0.0,0.0,0.0,0.0,1,1,1,0,0
1126,1.126,64.2909090909091,0.0,110.0,0.0,110.0,62.28136489779543,0.0,72.88925755782778,0.0,34.37612141270354,2.009544193113669,0.0,37.110742442172224,0.0,37.110742442172224,64.2909090909091,0.0,110.0,0.0,0.0,0.0,0.0,0.0,1,1,1,0,0
1127,1.127,64.4,0.0,110.0,0.0,110.0,62.35427134341396,0.0,72.92363367924048,0.0,23.27095168171584,2.045728656586043,0.0,37.07636632075952,0.0,37.07636632075952,64.4,0.0,110.0,0.0,0.0,0.0,0.0,0.0,1,1,1,0,0
1128,1.128,64.50909090909092,0.0,110.0,0.0,110.0,62.427206612569044,0.0,72.94690463092219,0.0,12.047897130412572,2.0818842965218707,0.0,37.05309536907781,0.0,37.05309536907781,64.50909090909092,0.0,110.0,0.0,0.0,0.0,0.0,0.0,1,1,1,0,0
1129,1.129,64.61818181818182,0.0,110.0,0.0,110.0,62.500159541148534,0.0,72.9589525280526,0.0,0.7134197586689163,2.1180222770332904,0.0,37.041047471947394,0.0,37.041047471947394,64.61818181818182,0.0,110.0,0.0,0.0,0.0,0.0,0.0,1,1,1,0,0
1130,1.13,64.72727272727273,0.0,110.0,0.0,110.0,62.573118850386464,0.0,72.95966594781127,0.0,-10.726058147958168,2.1541538768862694,0.0,37.040334052188726,0.0,37.040334052188726,64.72727272727273,0.0,110.0,0.0,0.0,0.0,0.0,0.0,1,1,1,0,0
1131,1.131,64.83636363636364,0.0,110.0,0.0,110.0,62.6460731533052,0.0,72.94893988966332,0.0,-22.264151459454865,2.1902904830584404,0.0,37.05106011033668,0.0,37.05106011033668,64.83636363636364,0.0,110.0,0.0,0.0,0.0,0.0,0.0,1,1,1,0,0
1132,1.132,64.94545454545454,0.0,110.0,0.0,110.0,62.71901096111914,0.0,72.92667573820387,0.0,-33.89450903774595,2.2264435843353994,0.0,37.07332426179613,0.0,37.07332426179613,64.94545454545454,0.0,110.0,0.0,0.0,0.0,0.0,0.0,1,1,1,0,0
1133,1.133,65.05454545454545,0.0,110.0,0.0,110.0,62.79192068960282,0.0,72.89278122916612,0.0,-45.610809687667995,2.262624764942629,0.0,37.10721877083388,0.0,37.10721877083388,65.05454545454545,0.0,110.0,0.0,0.0,0.0,0.0,0.0,1,1,1,0,0
1134,1.134,65.16363636363636,0.0,110.0,0.0,110.0,62.86479066542714,0.0,72.84717041947845,0.0,-57.40675681024194,2.2988456982092202,0.0,37.152829580521555,0.0,37.152829580521555,65.16363636363636,0.0,110.0,0.0,0.0,0.0,0.0,0.0,1,1,1,0,0
1135,1.135,65.27272727272727,0.0,110.0,0.0,110.0,62.93760913246821,0.0,72.78976366266821,0.0,-69.2760711524266,2.3351181402590555,0.0,37.21023633733179,0.0,37.21023633733179,65.27272727272727,0.0,110.0,0.0,0.0,0.0,0.0,0.0,1,1,1,0,0
1136,1.136,65.38181818181818,0.0,110.0,0.0,110.0,63.0103642580953,0.0,72.72048759151578,0.0,-81.21248076317701,2.371453923722875,0.0,37.27951240848422,0.0,37.27951240848422,65.38181818181818,0.0,110.0,0.0,0.0,0.0,0.0,0.0,1,1,1,0,0
1137,1.137,65.49090909090908,0.0,110.0,0.0,110.0,63.083044139446436,0.0,72.6392751107526,0.0,-93.20970684778182,2.407864951462649,0.0,37.36072488924739,0.0,37.36072488924739,65.49090909090908,0.0,110.0,0.0,0.0,0.0,0.0,0.0,1,1,1,0,0
1138,1.138,65.6,0.0,110.0,0.0,110.0,63.155636809703765,0.0,72.54606540390482,0.0,-105.26144359848689,2.4443631902962295,0.0,37.45393459609518,0.0,37.45393459609518,65.6,0.0,110.0,0.0,0.0,0.0,0.0,0.0,1,1,1,0,0
1139,1.139,65.7090909090909,0.0,110.0,0.0,110.0,63.22813024438587,0.0,72.44080396030633,0.0,-117.36132917735748,2.48096066470503,0.0,37.559196039693674,0.0,37.559196039693674,65.7090909090909,0.0,110.0,0.0,0.0,0.0,0.0,0.0,1,1,1,0,0
1140,1.14,65.81818181818181,0.0,110.0,0.0,110.0,63.30051236768159,0.0,72.32344263112897,0.0,-129.50290370188455,2.5176694505002217,0.0,37.67655736887103,0.0,37.67655736887103,65.81818181818181,0.0,110.0,0.0,0.0,0.0,0.0,0.0,1,1,1,0,0
1141,1.141,65.92727272727272,0.0,110.0,0.0,110.0,63.37277105886087,0.0,72.19393972742708,0.0,-141.67954813643334,2.5545016684118522,0.0,37.80606027257292,0.0,37.80606027257292,65.92727272727272,0.0,110.0,0.0,0.0,0.0,0.0,0.0,1,1,1,0,0
1142,1.142,66.03636363636363,0.0,110.0,0.0,110.0,63.44489415881423,0.0,72.05226017929064,0.0,-153.88439513127273,2.5914694775494027,0.0,37.94773982070936,0.0,37.94773982070936,66.03636363636363,0.0,110.0,0.0,0.0,0.0,0.0,0.0,1,1,1,0,0
1143,1.143,66.14545454545454,0.0,110.0,0.0,110.0,63.516869476795954,0.0,71.89837578415937,0.0,-166.11019864680281,2.6285850686585874,0.0,38.10162421584063,0.0,38.10162421584063,66.14545454545454,0.0,110.0,0.0,0.0,0.0,0.0,0.0,1,1,1,0,0
1144,1.144,66.25454545454545,0.0,110.0,0.0,110.0,63.58868479748079,0.0,71.73226558551256,0.0,-178.34914302349318,2.6658606570646626,0.0,38.267734414487435,0.0,38.267734414487435,66.25454545454545,0.0,110.0,0.0,0.0,0.0,0.0,0.0,1,1,1,0,0
1145,1.145,66.36363636363636,0.0,110.0,0.0,110.0,63.660327888494784,0.0,71.55391644248907,0.0,-190.592563082121,2.7033084751415757,0.0,38.44608355751093,0.0,38.44608355751093,66.36363636363636,0.0,110.0,0.0,0.0,0.0,0.0,0.0,1,1,1,0,0
1146,1.146,66.47272727272727,0.0,110.0,0.0,110.0,63.73178650865573,0.0,71.36332387940695,0.0,-202.83053350371583,2.7409407640715386,0.0,38.63667612059305,0.0,38.63667612059305,66.47272727272727,0.0,110.0,0.0,0.0,0.0,0.0,0.0,1,1,1,0,0
1147,1.147,66.58181818181818,0.0,110.0,0.0,110.0,63.803048417268386,0.0,71.16049334590323,0.0,-215.0512661453983,2.778769764549793,0.0,38.839506654096766,0.0,38.839506654096766,66.58181818181818,0.0,110.0,0.0,0.0,0.0,0.0,0.0,1,1,1,0,0
1148,1.148,66.69090909090909,0.0,110.0,0.0,110.0,63.874101384981216,0.0,70.94544207975784,0.0,-227.24022516019477,2.8168077059278716,0.0,39.05455792024216,0.0,39.05455792024216,66.69090909090909,0.0,110.0,0.0,0.0,0.0,0.0,0.0,1,1,1,0,0
1149,1.149,66.8,0.0,110.0,0.0,110.0,63.9449332069484,0.0,70.71820185459764,0.0,-239.3788274908485,2.8550667930515985,0.0,39.28179814540236,0.0,39.28179814540236,66.8,0.0,110.0,0.0,0.0,0.0,0.0,0.0,1,1,1,0,0
1150,1.15,66.9090909090909,0.0,110.0,0.0,110.0,64.01553171938924,0.0,70.47882302710678,0.0,-251.44253415957206,2.893559189701662,0.0,39.521176972893215,0.0,39.521176972893215,66.9090909090909,0.0,110.0,0.0,0.0,0.0,0.0,0.0,1,1,1,0,0
1151,1.151,67.01818181818182,0.0,110.0,0.0,110.0,64.08588482114926,0.0,70.22738049294722,0.0,-263.39804646221063,2.9322969970325516,0.0,39.77261950705278,0.0,39.77261950705278,67.01818181818182,0.0,110.0,0.0,0.0,0.0,0.0,0.0,1,1,1,0,0
1152,1.152,67.12727272727273,0.0,110.0,0.0,110.0,64.15598050261899,0.0,69.963982446485,0.0,-275.1991870093438,2.9712922246537374,0.0,40.036017553514995,0.0,40.036017553514995,67.12727272727273,0.0,110.0,0.0,0.0,0.0,0.0,0.0,1,1,1,0,0
1153,1.153,67.23636363636363,0.0,110.0,0.0,110.0,64.22580688547197,0.0,69.68878325947566,0.0,-286.780848428344,3.0105567508916664,0.0,40.311216740524344,0.0,40.311216740524344,67.23636363636363,0.0,110.0,0.0,0.0,0.0,0.0,0.0,1,1,1,0,0
1154,1.154,67.34545454545454,0.0,110.0,0.0,110.0,64.29535227830723,0.0,69.4020024110473,0.0,-298.05010290162346,3.0501022671473095,0.0,40.597997588952694,0.0,40.597997588952694,67.34545454545454,0.0,110.0,0.0,0.0,0.0,0.0,0.0,1,1,1,0,0
1155,1.155,67.45454545454545,0.0,110.0,0.0,110.0,64.36460525566683,0.0,69.10395230814568,0.0,-308.87314015310665,3.0899401988786224,0.0,40.89604769185432,0.0,40.89604769185432,67.45454545454545,0.0,110.0,0.0,0.0,0.0,0.0,0.0,1,1,1,0,0
1156,1.156,67.56363636363636,0.0,110.0,0.0,110.0,64.4335547714049,0.0,68.79507916799257,0.0,-319.05607621970995,3.1300815922314627,0.0,41.20492083200743,0.0,41.20492083200743,67.56363636363636,0.0,110.0,0.0,0.0,0.0,0.0,0.0,1,1,1,0,0
1157,1.157,67.67272727272727,0.0,110.0,0.0,110.0,64.50219032253479,0.0,68.47602309177286,0.0,-328.3167566343507,3.170536950192485,0.0,41.52397690822714,0.0,41.52397690822714,67.67272727272727,0.0,110.0,0.0,0.0,0.0,0.0,0.0,1,1,1,0,0
1158,1.158,67.78181818181818,0.0,110.0,0.0,110.0,64.57050218724825,0.0,68.14770633513851,0.0,-336.24332779606414,3.2113159945699294,0.0,41.85229366486149,0.0,41.85229366486149,67.78181818181818,0.0,110.0,0.0,0.0,0.0,0.0,0.0,1,1,1,0,0
1159,1.159,67.89090909090909,0.0,110.0,0.0,110.0,64.63848177191949,0.0,67.81146300734244,0.0,-342.2333669814589,3.2524273189896036,0.0,42.18853699265756,0.0,42.18853699265756,67.89090909090909,0.0,110.0,0.0,0.0,0.0,0.0,0.0,1,1,1,0,0
1160,1.16,68.0,0.0,0.0,0.0,0.0,64.70612211824334,0.0,67.46922964036098,0.0,-345.4044473792124,3.293877881756657,0.0,-67.46922964036098,0.0,67.46922964036098,68.0,0.0,0.0,0.0,0.0,0.0,0.0,0.0,1,1,1,0,0
